"Street","City","State","Zip_code","Customer_name","Ticket_id","Job_name","Job_folder","Job_directory","Csv","Presort","Walk_sequence","Im_barcode","Csv_created_on","Csv_batch_creation","Csv_batch","Mailfiles_qty","Date_job_ran","Ws_percentage","Most_common_state","Duplicates_mailed","Qual_pdf_filepath","Qual_pdf_filename","Qual_key","Qual_error","Qual_creation_time","Qual_presort_datetime","Bcc_list_name","Qual_batch","Total_pallets","Total_hus","Total_trays","Total_bundles","Max_pcs_sack","Min_pcs_sack","Max_pcs_emm_tray","Min_pcs_emm_tray","Max_pack","Min_pack","Job_key","Processed_key"
"1468 COUNTY ROAD 105","GIDDINGS","TX","78942-5795","RICH HARRY","122089","122089_LT_NA_CL_SALTCASH","122089_LT_NA_CL_SALTCASH","\\nas\Mail Files\Mailing Lists\01 January 2025\122089_LT_NA_CL_SALTCASH","\\nas\Mail Files\Mailing Lists\01 January 2025\122089_LT_NA_CL_SALTCASH\122089_LT_NA_CL_SALTCASH.csv","1","","0027120615943604766778942579568","2025-01-29T12:48:27.397324","2025-01-29T12:48:27.397324","\\nas\Mail Files\Mailing Lists\01 January 2025\122089_LT_NA_CL_SALTCASH\122089_LT_NA_CL_SALTCASH.csv","494","2025-01-29T12:48:27.397324","0","TX","0","\\nas\Mail Files\Mailing Lists\01 January 2025\122089_LT_NA_CL_SALTCASH\122089_LT_NA_CL_SALTCASH Qual.pdf","122089_LT_NA_CL_SALTCASH Qual.pdf","1738101405.2768292","false","2025-01-28T16:07:31","2025-01-28T16:05:40","122089_LT_NA_CL_SaltCash","122089_LT_NA_CL_SALTCASH","1","3","3","2","400","341","400","341","111","10","JK8CB0C0CFFA32AE4","JK8CB0C0CFFA32AE4-TKE028C224550B58E"
"8015 HILLRISE DR","AUSTIN","TX","78759-8602","PHILIP BENNETT","122089","122089_LT_NA_CL_SALTCASH","122089_LT_NA_CL_SALTCASH","\\nas\Mail Files\Mailing Lists\01 January 2025\122089_LT_NA_CL_SALTCASH","\\nas\Mail Files\Mailing Lists\01 January 2025\122089_LT_NA_CL_SALTCASH\122089_LT_NA_CL_SALTCASH.csv","2","","0027120615943604766878759860215","2025-01-29T12:48:27.397324","2025-01-29T12:48:27.397324","\\nas\Mail Files\Mailing Lists\01 January 2025\122089_LT_NA_CL_SALTCASH\122089_LT_NA_CL_SALTCASH.csv","494","2025-01-29T12:48:27.397324","0","TX","0","\\nas\Mail Files\Mailing Lists\01 January 2025\122089_LT_NA_CL_SALTCASH\122089_LT_NA_CL_SALTCASH Qual.pdf","122089_LT_NA_CL_SALTCASH Qual.pdf","1738101405.2768292","false","2025-01-28T16:07:31","2025-01-28T16:05:40","122089_LT_NA_CL_SaltCash","122089_LT_NA_CL_SALTCASH","1","3","3","2","400","341","400","341","111","10","JK8CB0C0CFFA32AE4","JK8CB0C0CFFA32AE4-TKE028C224550B58E"
"8700 TALLWOOD DR","AUSTIN","TX","78759-7530","SAM PONEDAL","122089","122089_LT_NA_CL_SALTCASH","122089_LT_NA_CL_SALTCASH","\\nas\Mail Files\Mailing Lists\01 January 2025\122089_LT_NA_CL_SALTCASH","\\nas\Mail Files\Mailing Lists\01 January 2025\122089_LT_NA_CL_SALTCASH\122089_LT_NA_CL_SALTCASH.csv","3","","0027120615943604766978759753000","2025-01-29T12:48:27.397324","2025-01-29T12:48:27.397324","\\nas\Mail Files\Mailing Lists\01 January 2025\122089_LT_NA_CL_SALTCASH\122089_LT_NA_CL_SALTCASH.csv","494","2025-01-29T12:48:27.397324","0","TX","0","\\nas\Mail Files\Mailing Lists\01 January 2025\122089_LT_NA_CL_SALTCASH\122089_LT_NA_CL_SALTCASH Qual.pdf","122089_LT_NA_CL_SALTCASH Qual.pdf","1738101405.2768292","false","2025-01-28T16:07:31","2025-01-28T16:05:40","122089_LT_NA_CL_SaltCash","122089_LT_NA_CL_SALTCASH","1","3","3","2","400","341","400","341","111","10","JK8CB0C0CFFA32AE4","JK8CB0C0CFFA32AE4-TKE028C224550B58E"
"11802 THREE OAKS TRL","AUSTIN","TX","78759-3821","ADAM SCHUMAN","122089","122089_LT_NA_CL_SALTCASH","122089_LT_NA_CL_SALTCASH","\\nas\Mail Files\Mailing Lists\01 January 2025\122089_LT_NA_CL_SALTCASH","\\nas\Mail Files\Mailing Lists\01 January 2025\122089_LT_NA_CL_SALTCASH\122089_LT_NA_CL_SALTCASH.csv","4","","0027120615943604767078759382102","2025-01-29T12:48:27.397324","2025-01-29T12:48:27.397324","\\nas\Mail Files\Mailing Lists\01 January 2025\122089_LT_NA_CL_SALTCASH\122089_LT_NA_CL_SALTCASH.csv","494","2025-01-29T12:48:27.397324","0","TX","0","\\nas\Mail Files\Mailing Lists\01 January 2025\122089_LT_NA_CL_SALTCASH\122089_LT_NA_CL_SALTCASH Qual.pdf","122089_LT_NA_CL_SALTCASH Qual.pdf","1738101405.2768292","false","2025-01-28T16:07:31","2025-01-28T16:05:40","122089_LT_NA_CL_SaltCash","122089_LT_NA_CL_SALTCASH","1","3","3","2","400","341","400","341","111","10","JK8CB0C0CFFA32AE4","JK8CB0C0CFFA32AE4-TKE028C224550B58E"
"3509 AMBLESIDE DR","AUSTIN","TX","78759-3103","CYNTHIA HOLLIDAY","122089","122089_LT_NA_CL_SALTCASH","122089_LT_NA_CL_SALTCASH","\\nas\Mail Files\Mailing Lists\01 January 2025\122089_LT_NA_CL_SALTCASH","\\nas\Mail Files\Mailing Lists\01 January 2025\122089_LT_NA_CL_SALTCASH\122089_LT_NA_CL_SALTCASH.csv","5","","0027120615943604767178759310309","2025-01-29T12:48:27.397324","2025-01-29T12:48:27.397324","\\nas\Mail Files\Mailing Lists\01 January 2025\122089_LT_NA_CL_SALTCASH\122089_LT_NA_CL_SALTCASH.csv","494","2025-01-29T12:48:27.397324","0","TX","0","\\nas\Mail Files\Mailing Lists\01 January 2025\122089_LT_NA_CL_SALTCASH\122089_LT_NA_CL_SALTCASH Qual.pdf","122089_LT_NA_CL_SALTCASH Qual.pdf","1738101405.2768292","false","2025-01-28T16:07:31","2025-01-28T16:05:40","122089_LT_NA_CL_SaltCash","122089_LT_NA_CL_SALTCASH","1","3","3","2","400","341","400","341","111","10","JK8CB0C0CFFA32AE4","JK8CB0C0CFFA32AE4-TKE028C224550B58E"
"8702 MARISCAL CANYON DR","AUSTIN","TX","78759-7154","DAVID MANDELL","122089","122089_LT_NA_CL_SALTCASH","122089_LT_NA_CL_SALTCASH","\\nas\Mail Files\Mailing Lists\01 January 2025\122089_LT_NA_CL_SALTCASH","\\nas\Mail Files\Mailing Lists\01 January 2025\122089_LT_NA_CL_SALTCASH\122089_LT_NA_CL_SALTCASH.csv","6","","0027120615943604767278759715402","2025-01-29T12:48:27.397324","2025-01-29T12:48:27.397324","\\nas\Mail Files\Mailing Lists\01 January 2025\122089_LT_NA_CL_SALTCASH\122089_LT_NA_CL_SALTCASH.csv","494","2025-01-29T12:48:27.397324","0","TX","0","\\nas\Mail Files\Mailing Lists\01 January 2025\122089_LT_NA_CL_SALTCASH\122089_LT_NA_CL_SALTCASH Qual.pdf","122089_LT_NA_CL_SALTCASH Qual.pdf","1738101405.2768292","false","2025-01-28T16:07:31","2025-01-28T16:05:40","122089_LT_NA_CL_SaltCash","122089_LT_NA_CL_SALTCASH","1","3","3","2","400","341","400","341","111","10","JK8CB0C0CFFA32AE4","JK8CB0C0CFFA32AE4-TKE028C224550B58E"
"8901 BLUEGRASS DR","AUSTIN","TX","78759-7169","CATHRYN BAILEY AND CORRET BIET","122089","122089_LT_NA_CL_SALTCASH","122089_LT_NA_CL_SALTCASH","\\nas\Mail Files\Mailing Lists\01 January 2025\122089_LT_NA_CL_SALTCASH","\\nas\Mail Files\Mailing Lists\01 January 2025\122089_LT_NA_CL_SALTCASH\122089_LT_NA_CL_SALTCASH.csv","7","","0027120615943604767378759716901","2025-01-29T12:48:27.397324","2025-01-29T12:48:27.397324","\\nas\Mail Files\Mailing Lists\01 January 2025\122089_LT_NA_CL_SALTCASH\122089_LT_NA_CL_SALTCASH.csv","494","2025-01-29T12:48:27.397324","0","TX","0","\\nas\Mail Files\Mailing Lists\01 January 2025\122089_LT_NA_CL_SALTCASH\122089_LT_NA_CL_SALTCASH Qual.pdf","122089_LT_NA_CL_SALTCASH Qual.pdf","1738101405.2768292","false","2025-01-28T16:07:31","2025-01-28T16:05:40","122089_LT_NA_CL_SaltCash","122089_LT_NA_CL_SALTCASH","1","3","3","2","400","341","400","341","111","10","JK8CB0C0CFFA32AE4","JK8CB0C0CFFA32AE4-TKE028C224550B58E"
"9101 SPICEBRUSH DR","AUSTIN","TX","78759-7723","MICHAEL AND STACEY KOTSON","122089","122089_LT_NA_CL_SALTCASH","122089_LT_NA_CL_SALTCASH","\\nas\Mail Files\Mailing Lists\01 January 2025\122089_LT_NA_CL_SALTCASH","\\nas\Mail Files\Mailing Lists\01 January 2025\122089_LT_NA_CL_SALTCASH\122089_LT_NA_CL_SALTCASH.csv","8","","0027120615943604767478759772301","2025-01-29T12:48:27.397324","2025-01-29T12:48:27.397324","\\nas\Mail Files\Mailing Lists\01 January 2025\122089_LT_NA_CL_SALTCASH\122089_LT_NA_CL_SALTCASH.csv","494","2025-01-29T12:48:27.397324","0","TX","0","\\nas\Mail Files\Mailing Lists\01 January 2025\122089_LT_NA_CL_SALTCASH\122089_LT_NA_CL_SALTCASH Qual.pdf","122089_LT_NA_CL_SALTCASH Qual.pdf","1738101405.2768292","false","2025-01-28T16:07:31","2025-01-28T16:05:40","122089_LT_NA_CL_SaltCash","122089_LT_NA_CL_SALTCASH","1","3","3","2","400","341","400","341","111","10","JK8CB0C0CFFA32AE4","JK8CB0C0CFFA32AE4-TKE028C224550B58E"
"5908 SIERRA GRANDE DR","AUSTIN","TX","78759-5146","DIANE BRYANT","122089","122089_LT_NA_CL_SALTCASH","122089_LT_NA_CL_SALTCASH","\\nas\Mail Files\Mailing Lists\01 January 2025\122089_LT_NA_CL_SALTCASH","\\nas\Mail Files\Mailing Lists\01 January 2025\122089_LT_NA_CL_SALTCASH\122089_LT_NA_CL_SALTCASH.csv","9","","0027120615943604767578759514608","2025-01-29T12:48:27.397324","2025-01-29T12:48:27.397324","\\nas\Mail Files\Mailing Lists\01 January 2025\122089_LT_NA_CL_SALTCASH\122089_LT_NA_CL_SALTCASH.csv","494","2025-01-29T12:48:27.397324","0","TX","0","\\nas\Mail Files\Mailing Lists\01 January 2025\122089_LT_NA_CL_SALTCASH\122089_LT_NA_CL_SALTCASH Qual.pdf","122089_LT_NA_CL_SALTCASH Qual.pdf","1738101405.2768292","false","2025-01-28T16:07:31","2025-01-28T16:05:40","122089_LT_NA_CL_SaltCash","122089_LT_NA_CL_SALTCASH","1","3","3","2","400","341","400","341","111","10","JK8CB0C0CFFA32AE4","JK8CB0C0CFFA32AE4-TKE028C224550B58E"
"8711 MOUNTAINWOOD CIR","AUSTIN","TX","78759-7567","BONNIE HARTMANN","122089","122089_LT_NA_CL_SALTCASH","122089_LT_NA_CL_SALTCASH","\\nas\Mail Files\Mailing Lists\01 January 2025\122089_LT_NA_CL_SALTCASH","\\nas\Mail Files\Mailing Lists\01 January 2025\122089_LT_NA_CL_SALTCASH\122089_LT_NA_CL_SALTCASH.csv","10","","0027120615943604767678759756711","2025-01-29T12:48:27.397324","2025-01-29T12:48:27.397324","\\nas\Mail Files\Mailing Lists\01 January 2025\122089_LT_NA_CL_SALTCASH\122089_LT_NA_CL_SALTCASH.csv","494","2025-01-29T12:48:27.397324","0","TX","0","\\nas\Mail Files\Mailing Lists\01 January 2025\122089_LT_NA_CL_SALTCASH\122089_LT_NA_CL_SALTCASH Qual.pdf","122089_LT_NA_CL_SALTCASH Qual.pdf","1738101405.2768292","false","2025-01-28T16:07:31","2025-01-28T16:05:40","122089_LT_NA_CL_SaltCash","122089_LT_NA_CL_SALTCASH","1","3","3","2","400","341","400","341","111","10","JK8CB0C0CFFA32AE4","JK8CB0C0CFFA32AE4-TKE028C224550B58E"
"10621 FLORAL PARK DR","AUSTIN","TX","78759-5105","CARMIN MCLAUGHLIN","122089","122089_LT_NA_CL_SALTCASH","122089_LT_NA_CL_SALTCASH","\\nas\Mail Files\Mailing Lists\01 January 2025\122089_LT_NA_CL_SALTCASH","\\nas\Mail Files\Mailing Lists\01 January 2025\122089_LT_NA_CL_SALTCASH\122089_LT_NA_CL_SALTCASH.csv","11","","0027120615943604767778759510521","2025-01-29T12:48:27.397324","2025-01-29T12:48:27.397324","\\nas\Mail Files\Mailing Lists\01 January 2025\122089_LT_NA_CL_SALTCASH\122089_LT_NA_CL_SALTCASH.csv","494","2025-01-29T12:48:27.397324","0","TX","0","\\nas\Mail Files\Mailing Lists\01 January 2025\122089_LT_NA_CL_SALTCASH\122089_LT_NA_CL_SALTCASH Qual.pdf","122089_LT_NA_CL_SALTCASH Qual.pdf","1738101405.2768292","false","2025-01-28T16:07:31","2025-01-28T16:05:40","122089_LT_NA_CL_SaltCash","122089_LT_NA_CL_SALTCASH","1","3","3","2","400","341","400","341","111","10","JK8CB0C0CFFA32AE4","JK8CB0C0CFFA32AE4-TKE028C224550B58E"
"8800 WESTBLUFF CIR","AUSTIN","TX","78759-7324","CHRISTOPHER MRAZ","122089","122089_LT_NA_CL_SALTCASH","122089_LT_NA_CL_SALTCASH","\\nas\Mail Files\Mailing Lists\01 January 2025\122089_LT_NA_CL_SALTCASH","\\nas\Mail Files\Mailing Lists\01 January 2025\122089_LT_NA_CL_SALTCASH\122089_LT_NA_CL_SALTCASH.csv","12","","0027120615943604767878759732400","2025-01-29T12:48:27.397324","2025-01-29T12:48:27.397324","\\nas\Mail Files\Mailing Lists\01 January 2025\122089_LT_NA_CL_SALTCASH\122089_LT_NA_CL_SALTCASH.csv","494","2025-01-29T12:48:27.397324","0","TX","0","\\nas\Mail Files\Mailing Lists\01 January 2025\122089_LT_NA_CL_SALTCASH\122089_LT_NA_CL_SALTCASH Qual.pdf","122089_LT_NA_CL_SALTCASH Qual.pdf","1738101405.2768292","false","2025-01-28T16:07:31","2025-01-28T16:05:40","122089_LT_NA_CL_SaltCash","122089_LT_NA_CL_SALTCASH","1","3","3","2","400","341","400","341","111","10","JK8CB0C0CFFA32AE4","JK8CB0C0CFFA32AE4-TKE028C224550B58E"
"11715 BROAD OAKS DR","AUSTIN","TX","78759-3757","WENDY BENESTANTE","122089","122089_LT_NA_CL_SALTCASH","122089_LT_NA_CL_SALTCASH","\\nas\Mail Files\Mailing Lists\01 January 2025\122089_LT_NA_CL_SALTCASH","\\nas\Mail Files\Mailing Lists\01 January 2025\122089_LT_NA_CL_SALTCASH\122089_LT_NA_CL_SALTCASH.csv","13","","0027120615943604767978759375715","2025-01-29T12:48:27.397324","2025-01-29T12:48:27.397324","\\nas\Mail Files\Mailing Lists\01 January 2025\122089_LT_NA_CL_SALTCASH\122089_LT_NA_CL_SALTCASH.csv","494","2025-01-29T12:48:27.397324","0","TX","0","\\nas\Mail Files\Mailing Lists\01 January 2025\122089_LT_NA_CL_SALTCASH\122089_LT_NA_CL_SALTCASH Qual.pdf","122089_LT_NA_CL_SALTCASH Qual.pdf","1738101405.2768292","false","2025-01-28T16:07:31","2025-01-28T16:05:40","122089_LT_NA_CL_SaltCash","122089_LT_NA_CL_SALTCASH","1","3","3","2","400","341","400","341","111","10","JK8CB0C0CFFA32AE4","JK8CB0C0CFFA32AE4-TKE028C224550B58E"
"8407 ARDASH LN","AUSTIN","TX","78759-8406","MARY LEONARD","122089","122089_LT_NA_CL_SALTCASH","122089_LT_NA_CL_SALTCASH","\\nas\Mail Files\Mailing Lists\01 January 2025\122089_LT_NA_CL_SALTCASH","\\nas\Mail Files\Mailing Lists\01 January 2025\122089_LT_NA_CL_SALTCASH\122089_LT_NA_CL_SALTCASH.csv","14","","0027120615943604768078759840607","2025-01-29T12:48:27.397324","2025-01-29T12:48:27.397324","\\nas\Mail Files\Mailing Lists\01 January 2025\122089_LT_NA_CL_SALTCASH\122089_LT_NA_CL_SALTCASH.csv","494","2025-01-29T12:48:27.397324","0","TX","0","\\nas\Mail Files\Mailing Lists\01 January 2025\122089_LT_NA_CL_SALTCASH\122089_LT_NA_CL_SALTCASH Qual.pdf","122089_LT_NA_CL_SALTCASH Qual.pdf","1738101405.2768292","false","2025-01-28T16:07:31","2025-01-28T16:05:40","122089_LT_NA_CL_SaltCash","122089_LT_NA_CL_SALTCASH","1","3","3","2","400","341","400","341","111","10","JK8CB0C0CFFA32AE4","JK8CB0C0CFFA32AE4-TKE028C224550B58E"
"11403 MURCIA DR","AUSTIN","TX","78759-4926","ALEX DAVIS","122089","122089_LT_NA_CL_SALTCASH","122089_LT_NA_CL_SALTCASH","\\nas\Mail Files\Mailing Lists\01 January 2025\122089_LT_NA_CL_SALTCASH","\\nas\Mail Files\Mailing Lists\01 January 2025\122089_LT_NA_CL_SALTCASH\122089_LT_NA_CL_SALTCASH.csv","15","","0027120615943604768178759492603","2025-01-29T12:48:27.397324","2025-01-29T12:48:27.397324","\\nas\Mail Files\Mailing Lists\01 January 2025\122089_LT_NA_CL_SALTCASH\122089_LT_NA_CL_SALTCASH.csv","494","2025-01-29T12:48:27.397324","0","TX","0","\\nas\Mail Files\Mailing Lists\01 January 2025\122089_LT_NA_CL_SALTCASH\122089_LT_NA_CL_SALTCASH Qual.pdf","122089_LT_NA_CL_SALTCASH Qual.pdf","1738101405.2768292","false","2025-01-28T16:07:31","2025-01-28T16:05:40","122089_LT_NA_CL_SaltCash","122089_LT_NA_CL_SALTCASH","1","3","3","2","400","341","400","341","111","10","JK8CB0C0CFFA32AE4","JK8CB0C0CFFA32AE4-TKE028C224550B58E"
"11702 CHARING CROSS RD","AUSTIN","TX","78759-3619","ARGIE AND PHIL HORN","122089","122089_LT_NA_CL_SALTCASH","122089_LT_NA_CL_SALTCASH","\\nas\Mail Files\Mailing Lists\01 January 2025\122089_LT_NA_CL_SALTCASH","\\nas\Mail Files\Mailing Lists\01 January 2025\122089_LT_NA_CL_SALTCASH\122089_LT_NA_CL_SALTCASH.csv","16","","0027120615943604768278759361902","2025-01-29T12:48:27.397324","2025-01-29T12:48:27.397324","\\nas\Mail Files\Mailing Lists\01 January 2025\122089_LT_NA_CL_SALTCASH\122089_LT_NA_CL_SALTCASH.csv","494","2025-01-29T12:48:27.397324","0","TX","0","\\nas\Mail Files\Mailing Lists\01 January 2025\122089_LT_NA_CL_SALTCASH\122089_LT_NA_CL_SALTCASH Qual.pdf","122089_LT_NA_CL_SALTCASH Qual.pdf","1738101405.2768292","false","2025-01-28T16:07:31","2025-01-28T16:05:40","122089_LT_NA_CL_SaltCash","122089_LT_NA_CL_SALTCASH","1","3","3","2","400","341","400","341","111","10","JK8CB0C0CFFA32AE4","JK8CB0C0CFFA32AE4-TKE028C224550B58E"
"12021 CHERIE DR","AUSTIN","TX","78758-2208","TOM BANASIAK","122089","122089_LT_NA_CL_SALTCASH","122089_LT_NA_CL_SALTCASH","\\nas\Mail Files\Mailing Lists\01 January 2025\122089_LT_NA_CL_SALTCASH","\\nas\Mail Files\Mailing Lists\01 January 2025\122089_LT_NA_CL_SALTCASH\122089_LT_NA_CL_SALTCASH.csv","17","","0027120615943604768378758220821","2025-01-29T12:48:27.397324","2025-01-29T12:48:27.397324","\\nas\Mail Files\Mailing Lists\01 January 2025\122089_LT_NA_CL_SALTCASH\122089_LT_NA_CL_SALTCASH.csv","494","2025-01-29T12:48:27.397324","0","TX","0","\\nas\Mail Files\Mailing Lists\01 January 2025\122089_LT_NA_CL_SALTCASH\122089_LT_NA_CL_SALTCASH Qual.pdf","122089_LT_NA_CL_SALTCASH Qual.pdf","1738101405.2768292","false","2025-01-28T16:07:31","2025-01-28T16:05:40","122089_LT_NA_CL_SaltCash","122089_LT_NA_CL_SALTCASH","1","3","3","2","400","341","400","341","111","10","JK8CB0C0CFFA32AE4","JK8CB0C0CFFA32AE4-TKE028C224550B58E"
"11600 PRAIRIE HEN LN","AUSTIN","TX","78758-3617","JOE MARSHALL","122089","122089_LT_NA_CL_SALTCASH","122089_LT_NA_CL_SALTCASH","\\nas\Mail Files\Mailing Lists\01 January 2025\122089_LT_NA_CL_SALTCASH","\\nas\Mail Files\Mailing Lists\01 January 2025\122089_LT_NA_CL_SALTCASH\122089_LT_NA_CL_SALTCASH.csv","18","","0027120615943604768478758361700","2025-01-29T12:48:27.397324","2025-01-29T12:48:27.397324","\\nas\Mail Files\Mailing Lists\01 January 2025\122089_LT_NA_CL_SALTCASH\122089_LT_NA_CL_SALTCASH.csv","494","2025-01-29T12:48:27.397324","0","TX","0","\\nas\Mail Files\Mailing Lists\01 January 2025\122089_LT_NA_CL_SALTCASH\122089_LT_NA_CL_SALTCASH Qual.pdf","122089_LT_NA_CL_SALTCASH Qual.pdf","1738101405.2768292","false","2025-01-28T16:07:31","2025-01-28T16:05:40","122089_LT_NA_CL_SaltCash","122089_LT_NA_CL_SALTCASH","1","3","3","2","400","341","400","341","111","10","JK8CB0C0CFFA32AE4","JK8CB0C0CFFA32AE4-TKE028C224550B58E"
"900 FIELDWOOD DR","AUSTIN","TX","78758-5706","LESEY ESPINONA","122089","122089_LT_NA_CL_SALTCASH","122089_LT_NA_CL_SALTCASH","\\nas\Mail Files\Mailing Lists\01 January 2025\122089_LT_NA_CL_SALTCASH","\\nas\Mail Files\Mailing Lists\01 January 2025\122089_LT_NA_CL_SALTCASH\122089_LT_NA_CL_SALTCASH.csv","19","","0027120615943604768578758570600","2025-01-29T12:48:27.397324","2025-01-29T12:48:27.397324","\\nas\Mail Files\Mailing Lists\01 January 2025\122089_LT_NA_CL_SALTCASH\122089_LT_NA_CL_SALTCASH.csv","494","2025-01-29T12:48:27.397324","0","TX","0","\\nas\Mail Files\Mailing Lists\01 January 2025\122089_LT_NA_CL_SALTCASH\122089_LT_NA_CL_SALTCASH Qual.pdf","122089_LT_NA_CL_SALTCASH Qual.pdf","1738101405.2768292","false","2025-01-28T16:07:31","2025-01-28T16:05:40","122089_LT_NA_CL_SaltCash","122089_LT_NA_CL_SALTCASH","1","3","3","2","400","341","400","341","111","10","JK8CB0C0CFFA32AE4","JK8CB0C0CFFA32AE4-TKE028C224550B58E"
"3108 WHITEPINE DR","AUSTIN","TX","78757-1650","MARY TOBOLKA","122089","122089_LT_NA_CL_SALTCASH","122089_LT_NA_CL_SALTCASH","\\nas\Mail Files\Mailing Lists\01 January 2025\122089_LT_NA_CL_SALTCASH","\\nas\Mail Files\Mailing Lists\01 January 2025\122089_LT_NA_CL_SALTCASH\122089_LT_NA_CL_SALTCASH.csv","20","","0027120615943604768678757165008","2025-01-29T12:48:27.397324","2025-01-29T12:48:27.397324","\\nas\Mail Files\Mailing Lists\01 January 2025\122089_LT_NA_CL_SALTCASH\122089_LT_NA_CL_SALTCASH.csv","494","2025-01-29T12:48:27.397324","0","TX","0","\\nas\Mail Files\Mailing Lists\01 January 2025\122089_LT_NA_CL_SALTCASH\122089_LT_NA_CL_SALTCASH Qual.pdf","122089_LT_NA_CL_SALTCASH Qual.pdf","1738101405.2768292","false","2025-01-28T16:07:31","2025-01-28T16:05:40","122089_LT_NA_CL_SaltCash","122089_LT_NA_CL_SALTCASH","1","3","3","2","400","341","400","341","111","10","JK8CB0C0CFFA32AE4","JK8CB0C0CFFA32AE4-TKE028C224550B58E"
"3003 STECK AVE","AUSTIN","TX","78757-8024","JOEL HEATH","122089","122089_LT_NA_CL_SALTCASH","122089_LT_NA_CL_SALTCASH","\\nas\Mail Files\Mailing Lists\01 January 2025\122089_LT_NA_CL_SALTCASH","\\nas\Mail Files\Mailing Lists\01 January 2025\122089_LT_NA_CL_SALTCASH\122089_LT_NA_CL_SALTCASH.csv","21","","0027120615943604768778757802403","2025-01-29T12:48:27.397324","2025-01-29T12:48:27.397324","\\nas\Mail Files\Mailing Lists\01 January 2025\122089_LT_NA_CL_SALTCASH\122089_LT_NA_CL_SALTCASH.csv","494","2025-01-29T12:48:27.397324","0","TX","0","\\nas\Mail Files\Mailing Lists\01 January 2025\122089_LT_NA_CL_SALTCASH\122089_LT_NA_CL_SALTCASH Qual.pdf","122089_LT_NA_CL_SALTCASH Qual.pdf","1738101405.2768292","false","2025-01-28T16:07:31","2025-01-28T16:05:40","122089_LT_NA_CL_SaltCash","122089_LT_NA_CL_SALTCASH","1","3","3","2","400","341","400","341","111","10","JK8CB0C0CFFA32AE4","JK8CB0C0CFFA32AE4-TKE028C224550B58E"
"1410 JUSTIN LN","AUSTIN","TX","78757-2533","JAKE WEGMANN","122089","122089_LT_NA_CL_SALTCASH","122089_LT_NA_CL_SALTCASH","\\nas\Mail Files\Mailing Lists\01 January 2025\122089_LT_NA_CL_SALTCASH","\\nas\Mail Files\Mailing Lists\01 January 2025\122089_LT_NA_CL_SALTCASH\122089_LT_NA_CL_SALTCASH.csv","22","","0027120615943604768878757253310","2025-01-29T12:48:27.397324","2025-01-29T12:48:27.397324","\\nas\Mail Files\Mailing Lists\01 January 2025\122089_LT_NA_CL_SALTCASH\122089_LT_NA_CL_SALTCASH.csv","494","2025-01-29T12:48:27.397324","0","TX","0","\\nas\Mail Files\Mailing Lists\01 January 2025\122089_LT_NA_CL_SALTCASH\122089_LT_NA_CL_SALTCASH Qual.pdf","122089_LT_NA_CL_SALTCASH Qual.pdf","1738101405.2768292","false","2025-01-28T16:07:31","2025-01-28T16:05:40","122089_LT_NA_CL_SaltCash","122089_LT_NA_CL_SALTCASH","1","3","3","2","400","341","400","341","111","10","JK8CB0C0CFFA32AE4","JK8CB0C0CFFA32AE4-TKE028C224550B58E"
"1411 PAYNE AVE","AUSTIN","TX","78757-2921","TOM AND SHERLYNN KELLEY","122089","122089_LT_NA_CL_SALTCASH","122089_LT_NA_CL_SALTCASH","\\nas\Mail Files\Mailing Lists\01 January 2025\122089_LT_NA_CL_SALTCASH","\\nas\Mail Files\Mailing Lists\01 January 2025\122089_LT_NA_CL_SALTCASH\122089_LT_NA_CL_SALTCASH.csv","23","","0027120615943604768978757292111","2025-01-29T12:48:27.397324","2025-01-29T12:48:27.397324","\\nas\Mail Files\Mailing Lists\01 January 2025\122089_LT_NA_CL_SALTCASH\122089_LT_NA_CL_SALTCASH.csv","494","2025-01-29T12:48:27.397324","0","TX","0","\\nas\Mail Files\Mailing Lists\01 January 2025\122089_LT_NA_CL_SALTCASH\122089_LT_NA_CL_SALTCASH Qual.pdf","122089_LT_NA_CL_SALTCASH Qual.pdf","1738101405.2768292","false","2025-01-28T16:07:31","2025-01-28T16:05:40","122089_LT_NA_CL_SaltCash","122089_LT_NA_CL_SALTCASH","1","3","3","2","400","341","400","341","111","10","JK8CB0C0CFFA32AE4","JK8CB0C0CFFA32AE4-TKE028C224550B58E"
"6204 CARY DR","AUSTIN","TX","78757-2704","GEORGE SVIHLA","122089","122089_LT_NA_CL_SALTCASH","122089_LT_NA_CL_SALTCASH","\\nas\Mail Files\Mailing Lists\01 January 2025\122089_LT_NA_CL_SALTCASH","\\nas\Mail Files\Mailing Lists\01 January 2025\122089_LT_NA_CL_SALTCASH\122089_LT_NA_CL_SALTCASH.csv","24","","0027120615943604769078757270404","2025-01-29T12:48:27.397324","2025-01-29T12:48:27.397324","\\nas\Mail Files\Mailing Lists\01 January 2025\122089_LT_NA_CL_SALTCASH\122089_LT_NA_CL_SALTCASH.csv","494","2025-01-29T12:48:27.397324","0","TX","0","\\nas\Mail Files\Mailing Lists\01 January 2025\122089_LT_NA_CL_SALTCASH\122089_LT_NA_CL_SALTCASH Qual.pdf","122089_LT_NA_CL_SALTCASH Qual.pdf","1738101405.2768292","false","2025-01-28T16:07:31","2025-01-28T16:05:40","122089_LT_NA_CL_SaltCash","122089_LT_NA_CL_SALTCASH","1","3","3","2","400","341","400","341","111","10","JK8CB0C0CFFA32AE4","JK8CB0C0CFFA32AE4-TKE028C224550B58E"
"6508 WILD ST","AUSTIN","TX","78757-3051","DEBORAH THARINGER","122089","122089_LT_NA_CL_SALTCASH","122089_LT_NA_CL_SALTCASH","\\nas\Mail Files\Mailing Lists\01 January 2025\122089_LT_NA_CL_SALTCASH","\\nas\Mail Files\Mailing Lists\01 January 2025\122089_LT_NA_CL_SALTCASH\122089_LT_NA_CL_SALTCASH.csv","25","","0027120615943604769178757305108","2025-01-29T12:48:27.397324","2025-01-29T12:48:27.397324","\\nas\Mail Files\Mailing Lists\01 January 2025\122089_LT_NA_CL_SALTCASH\122089_LT_NA_CL_SALTCASH.csv","494","2025-01-29T12:48:27.397324","0","TX","0","\\nas\Mail Files\Mailing Lists\01 January 2025\122089_LT_NA_CL_SALTCASH\122089_LT_NA_CL_SALTCASH Qual.pdf","122089_LT_NA_CL_SALTCASH Qual.pdf","1738101405.2768292","false","2025-01-28T16:07:31","2025-01-28T16:05:40","122089_LT_NA_CL_SaltCash","122089_LT_NA_CL_SALTCASH","1","3","3","2","400","341","400","341","111","10","JK8CB0C0CFFA32AE4","JK8CB0C0CFFA32AE4-TKE028C224550B58E"
"7402 WILDCAT PASS","AUSTIN","TX","78757-7870","NICK CAMPBELL","122089","122089_LT_NA_CL_SALTCASH","122089_LT_NA_CL_SALTCASH","\\nas\Mail Files\Mailing Lists\01 January 2025\122089_LT_NA_CL_SALTCASH","\\nas\Mail Files\Mailing Lists\01 January 2025\122089_LT_NA_CL_SALTCASH\122089_LT_NA_CL_SALTCASH.csv","26","","0027120615943604769278757787002","2025-01-29T12:48:27.397324","2025-01-29T12:48:27.397324","\\nas\Mail Files\Mailing Lists\01 January 2025\122089_LT_NA_CL_SALTCASH\122089_LT_NA_CL_SALTCASH.csv","494","2025-01-29T12:48:27.397324","0","TX","0","\\nas\Mail Files\Mailing Lists\01 January 2025\122089_LT_NA_CL_SALTCASH\122089_LT_NA_CL_SALTCASH Qual.pdf","122089_LT_NA_CL_SALTCASH Qual.pdf","1738101405.2768292","false","2025-01-28T16:07:31","2025-01-28T16:05:40","122089_LT_NA_CL_SaltCash","122089_LT_NA_CL_SALTCASH","1","3","3","2","400","341","400","341","111","10","JK8CB0C0CFFA32AE4","JK8CB0C0CFFA32AE4-TKE028C224550B58E"
"4214 SINCLAIR AVE","AUSTIN","TX","78756-3527","MARY JANE KEAST","122089","122089_LT_NA_CL_SALTCASH","122089_LT_NA_CL_SALTCASH","\\nas\Mail Files\Mailing Lists\01 January 2025\122089_LT_NA_CL_SALTCASH","\\nas\Mail Files\Mailing Lists\01 January 2025\122089_LT_NA_CL_SALTCASH\122089_LT_NA_CL_SALTCASH.csv","27","","0027120615943604769378756352714","2025-01-29T12:48:27.397324","2025-01-29T12:48:27.397324","\\nas\Mail Files\Mailing Lists\01 January 2025\122089_LT_NA_CL_SALTCASH\122089_LT_NA_CL_SALTCASH.csv","494","2025-01-29T12:48:27.397324","0","TX","0","\\nas\Mail Files\Mailing Lists\01 January 2025\122089_LT_NA_CL_SALTCASH\122089_LT_NA_CL_SALTCASH Qual.pdf","122089_LT_NA_CL_SALTCASH Qual.pdf","1738101405.2768292","false","2025-01-28T16:07:31","2025-01-28T16:05:40","122089_LT_NA_CL_SaltCash","122089_LT_NA_CL_SALTCASH","1","3","3","2","400","341","400","341","111","10","JK8CB0C0CFFA32AE4","JK8CB0C0CFFA32AE4-TKE028C224550B58E"
"5408 WOODROW AVE","AUSTIN","TX","78756-2109","DIANA VAMMEN","122089","122089_LT_NA_CL_SALTCASH","122089_LT_NA_CL_SALTCASH","\\nas\Mail Files\Mailing Lists\01 January 2025\122089_LT_NA_CL_SALTCASH","\\nas\Mail Files\Mailing Lists\01 January 2025\122089_LT_NA_CL_SALTCASH\122089_LT_NA_CL_SALTCASH.csv","28","","0027120615943604769478756210908","2025-01-29T12:48:27.397324","2025-01-29T12:48:27.397324","\\nas\Mail Files\Mailing Lists\01 January 2025\122089_LT_NA_CL_SALTCASH\122089_LT_NA_CL_SALTCASH.csv","494","2025-01-29T12:48:27.397324","0","TX","0","\\nas\Mail Files\Mailing Lists\01 January 2025\122089_LT_NA_CL_SALTCASH\122089_LT_NA_CL_SALTCASH Qual.pdf","122089_LT_NA_CL_SALTCASH Qual.pdf","1738101405.2768292","false","2025-01-28T16:07:31","2025-01-28T16:05:40","122089_LT_NA_CL_SaltCash","122089_LT_NA_CL_SALTCASH","1","3","3","2","400","341","400","341","111","10","JK8CB0C0CFFA32AE4","JK8CB0C0CFFA32AE4-TKE028C224550B58E"
"5405 AURORA DR","AUSTIN","TX","78756-2203","JOHN MITCHELL","122089","122089_LT_NA_CL_SALTCASH","122089_LT_NA_CL_SALTCASH","\\nas\Mail Files\Mailing Lists\01 January 2025\122089_LT_NA_CL_SALTCASH","\\nas\Mail Files\Mailing Lists\01 January 2025\122089_LT_NA_CL_SALTCASH\122089_LT_NA_CL_SALTCASH.csv","29","","0027120615943604769578756220305","2025-01-29T12:48:27.397324","2025-01-29T12:48:27.397324","\\nas\Mail Files\Mailing Lists\01 January 2025\122089_LT_NA_CL_SALTCASH\122089_LT_NA_CL_SALTCASH.csv","494","2025-01-29T12:48:27.397324","0","TX","0","\\nas\Mail Files\Mailing Lists\01 January 2025\122089_LT_NA_CL_SALTCASH\122089_LT_NA_CL_SALTCASH Qual.pdf","122089_LT_NA_CL_SALTCASH Qual.pdf","1738101405.2768292","false","2025-01-28T16:07:31","2025-01-28T16:05:40","122089_LT_NA_CL_SaltCash","122089_LT_NA_CL_SALTCASH","1","3","3","2","400","341","400","341","111","10","JK8CB0C0CFFA32AE4","JK8CB0C0CFFA32AE4-TKE028C224550B58E"
"5214 JOE SAYERS AVE","AUSTIN","TX","78756-2438","JEN BROWN","122089","122089_LT_NA_CL_SALTCASH","122089_LT_NA_CL_SALTCASH","\\nas\Mail Files\Mailing Lists\01 January 2025\122089_LT_NA_CL_SALTCASH","\\nas\Mail Files\Mailing Lists\01 January 2025\122089_LT_NA_CL_SALTCASH\122089_LT_NA_CL_SALTCASH.csv","30","","0027120615943604769678756243899","2025-01-29T12:48:27.397324","2025-01-29T12:48:27.397324","\\nas\Mail Files\Mailing Lists\01 January 2025\122089_LT_NA_CL_SALTCASH\122089_LT_NA_CL_SALTCASH.csv","494","2025-01-29T12:48:27.397324","0","TX","0","\\nas\Mail Files\Mailing Lists\01 January 2025\122089_LT_NA_CL_SALTCASH\122089_LT_NA_CL_SALTCASH Qual.pdf","122089_LT_NA_CL_SALTCASH Qual.pdf","1738101405.2768292","false","2025-01-28T16:07:31","2025-01-28T16:05:40","122089_LT_NA_CL_SaltCash","122089_LT_NA_CL_SALTCASH","1","3","3","2","400","341","400","341","111","10","JK8CB0C0CFFA32AE4","JK8CB0C0CFFA32AE4-TKE028C224550B58E"
"6013 ADAIR DR","AUSTIN","TX","78754-5601","GARY SHACKELFORD","122089","122089_LT_NA_CL_SALTCASH","122089_LT_NA_CL_SALTCASH","\\nas\Mail Files\Mailing Lists\01 January 2025\122089_LT_NA_CL_SALTCASH","\\nas\Mail Files\Mailing Lists\01 January 2025\122089_LT_NA_CL_SALTCASH\122089_LT_NA_CL_SALTCASH.csv","31","","0027120615943604769778754560113","2025-01-29T12:48:27.397324","2025-01-29T12:48:27.397324","\\nas\Mail Files\Mailing Lists\01 January 2025\122089_LT_NA_CL_SALTCASH\122089_LT_NA_CL_SALTCASH.csv","494","2025-01-29T12:48:27.397324","0","TX","0","\\nas\Mail Files\Mailing Lists\01 January 2025\122089_LT_NA_CL_SALTCASH\122089_LT_NA_CL_SALTCASH Qual.pdf","122089_LT_NA_CL_SALTCASH Qual.pdf","1738101405.2768292","false","2025-01-28T16:07:31","2025-01-28T16:05:40","122089_LT_NA_CL_SaltCash","122089_LT_NA_CL_SALTCASH","1","3","3","2","400","341","400","341","111","10","JK8CB0C0CFFA32AE4","JK8CB0C0CFFA32AE4-TKE028C224550B58E"
"7205 LONGFORD TRL","AUSTIN","TX","78754-6086","NEDDA BROWN","122089","122089_LT_NA_CL_SALTCASH","122089_LT_NA_CL_SALTCASH","\\nas\Mail Files\Mailing Lists\01 January 2025\122089_LT_NA_CL_SALTCASH","\\nas\Mail Files\Mailing Lists\01 January 2025\122089_LT_NA_CL_SALTCASH\122089_LT_NA_CL_SALTCASH.csv","32","","0027120615943604769878754608605","2025-01-29T12:48:27.397324","2025-01-29T12:48:27.397324","\\nas\Mail Files\Mailing Lists\01 January 2025\122089_LT_NA_CL_SALTCASH\122089_LT_NA_CL_SALTCASH.csv","494","2025-01-29T12:48:27.397324","0","TX","0","\\nas\Mail Files\Mailing Lists\01 January 2025\122089_LT_NA_CL_SALTCASH\122089_LT_NA_CL_SALTCASH Qual.pdf","122089_LT_NA_CL_SALTCASH Qual.pdf","1738101405.2768292","false","2025-01-28T16:07:31","2025-01-28T16:05:40","122089_LT_NA_CL_SaltCash","122089_LT_NA_CL_SALTCASH","1","3","3","2","400","341","400","341","111","10","JK8CB0C0CFFA32AE4","JK8CB0C0CFFA32AE4-TKE028C224550B58E"
"1405 MEADOWMEAR DR","AUSTIN","TX","78753-4423","ZACHARY MOORE","122089","122089_LT_NA_CL_SALTCASH","122089_LT_NA_CL_SALTCASH","\\nas\Mail Files\Mailing Lists\01 January 2025\122089_LT_NA_CL_SALTCASH","\\nas\Mail Files\Mailing Lists\01 January 2025\122089_LT_NA_CL_SALTCASH\122089_LT_NA_CL_SALTCASH.csv","33","","0027120615943604769978753442305","2025-01-29T12:48:27.397324","2025-01-29T12:48:27.397324","\\nas\Mail Files\Mailing Lists\01 January 2025\122089_LT_NA_CL_SALTCASH\122089_LT_NA_CL_SALTCASH.csv","494","2025-01-29T12:48:27.397324","0","TX","0","\\nas\Mail Files\Mailing Lists\01 January 2025\122089_LT_NA_CL_SALTCASH\122089_LT_NA_CL_SALTCASH Qual.pdf","122089_LT_NA_CL_SALTCASH Qual.pdf","1738101405.2768292","false","2025-01-28T16:07:31","2025-01-28T16:05:40","122089_LT_NA_CL_SaltCash","122089_LT_NA_CL_SALTCASH","1","3","3","2","400","341","400","341","111","10","JK8CB0C0CFFA32AE4","JK8CB0C0CFFA32AE4-TKE028C224550B58E"
"7409 BETHUNE AVE","AUSTIN","TX","78752-1611","FAITH DAVIS","122089","122089_LT_NA_CL_SALTCASH","122089_LT_NA_CL_SALTCASH","\\nas\Mail Files\Mailing Lists\01 January 2025\122089_LT_NA_CL_SALTCASH","\\nas\Mail Files\Mailing Lists\01 January 2025\122089_LT_NA_CL_SALTCASH\122089_LT_NA_CL_SALTCASH.csv","34","","0027120615943604770078752161109","2025-01-29T12:48:27.397324","2025-01-29T12:48:27.397324","\\nas\Mail Files\Mailing Lists\01 January 2025\122089_LT_NA_CL_SALTCASH\122089_LT_NA_CL_SALTCASH.csv","494","2025-01-29T12:48:27.397324","0","TX","0","\\nas\Mail Files\Mailing Lists\01 January 2025\122089_LT_NA_CL_SALTCASH\122089_LT_NA_CL_SALTCASH Qual.pdf","122089_LT_NA_CL_SALTCASH Qual.pdf","1738101405.2768292","false","2025-01-28T16:07:31","2025-01-28T16:05:40","122089_LT_NA_CL_SaltCash","122089_LT_NA_CL_SALTCASH","1","3","3","2","400","341","400","341","111","10","JK8CB0C0CFFA32AE4","JK8CB0C0CFFA32AE4-TKE028C224550B58E"
"4901 AVENUE G","AUSTIN","TX","78751-2524","JOHNATHAN KUSKOS","122089","122089_LT_NA_CL_SALTCASH","122089_LT_NA_CL_SALTCASH","\\nas\Mail Files\Mailing Lists\01 January 2025\122089_LT_NA_CL_SALTCASH","\\nas\Mail Files\Mailing Lists\01 January 2025\122089_LT_NA_CL_SALTCASH\122089_LT_NA_CL_SALTCASH.csv","35","","0027120615943604770178751252401","2025-01-29T12:48:27.397324","2025-01-29T12:48:27.397324","\\nas\Mail Files\Mailing Lists\01 January 2025\122089_LT_NA_CL_SALTCASH\122089_LT_NA_CL_SALTCASH.csv","494","2025-01-29T12:48:27.397324","0","TX","0","\\nas\Mail Files\Mailing Lists\01 January 2025\122089_LT_NA_CL_SALTCASH\122089_LT_NA_CL_SALTCASH Qual.pdf","122089_LT_NA_CL_SALTCASH Qual.pdf","1738101405.2768292","false","2025-01-28T16:07:31","2025-01-28T16:05:40","122089_LT_NA_CL_SaltCash","122089_LT_NA_CL_SALTCASH","1","3","3","2","400","341","400","341","111","10","JK8CB0C0CFFA32AE4","JK8CB0C0CFFA32AE4-TKE028C224550B58E"
"5501 AVENUE H","AUSTIN","TX","78751-1320","JOHN SCHLITT","122089","122089_LT_NA_CL_SALTCASH","122089_LT_NA_CL_SALTCASH","\\nas\Mail Files\Mailing Lists\01 January 2025\122089_LT_NA_CL_SALTCASH","\\nas\Mail Files\Mailing Lists\01 January 2025\122089_LT_NA_CL_SALTCASH\122089_LT_NA_CL_SALTCASH.csv","36","","0027120615943604770278751132001","2025-01-29T12:48:27.397324","2025-01-29T12:48:27.397324","\\nas\Mail Files\Mailing Lists\01 January 2025\122089_LT_NA_CL_SALTCASH\122089_LT_NA_CL_SALTCASH.csv","494","2025-01-29T12:48:27.397324","0","TX","0","\\nas\Mail Files\Mailing Lists\01 January 2025\122089_LT_NA_CL_SALTCASH\122089_LT_NA_CL_SALTCASH Qual.pdf","122089_LT_NA_CL_SALTCASH Qual.pdf","1738101405.2768292","false","2025-01-28T16:07:31","2025-01-28T16:05:40","122089_LT_NA_CL_SaltCash","122089_LT_NA_CL_SALTCASH","1","3","3","2","400","341","400","341","111","10","JK8CB0C0CFFA32AE4","JK8CB0C0CFFA32AE4-TKE028C224550B58E"
"9808 BRANDYWINE CIR","AUSTIN","TX","78750-2804","DEBBIE ALEXANDER","122089","122089_LT_NA_CL_SALTCASH","122089_LT_NA_CL_SALTCASH","\\nas\Mail Files\Mailing Lists\01 January 2025\122089_LT_NA_CL_SALTCASH","\\nas\Mail Files\Mailing Lists\01 January 2025\122089_LT_NA_CL_SALTCASH\122089_LT_NA_CL_SALTCASH.csv","37","","0027120615943604770378750280408","2025-01-29T12:48:27.397324","2025-01-29T12:48:27.397324","\\nas\Mail Files\Mailing Lists\01 January 2025\122089_LT_NA_CL_SALTCASH\122089_LT_NA_CL_SALTCASH.csv","494","2025-01-29T12:48:27.397324","0","TX","0","\\nas\Mail Files\Mailing Lists\01 January 2025\122089_LT_NA_CL_SALTCASH\122089_LT_NA_CL_SALTCASH Qual.pdf","122089_LT_NA_CL_SALTCASH Qual.pdf","1738101405.2768292","false","2025-01-28T16:07:31","2025-01-28T16:05:40","122089_LT_NA_CL_SaltCash","122089_LT_NA_CL_SALTCASH","1","3","3","2","400","341","400","341","111","10","JK8CB0C0CFFA32AE4","JK8CB0C0CFFA32AE4-TKE028C224550B58E"
"7216 COLINA VISTA LOOP","AUSTIN","TX","78750-8532","JENNY JENSEN","122089","122089_LT_NA_CL_SALTCASH","122089_LT_NA_CL_SALTCASH","\\nas\Mail Files\Mailing Lists\01 January 2025\122089_LT_NA_CL_SALTCASH","\\nas\Mail Files\Mailing Lists\01 January 2025\122089_LT_NA_CL_SALTCASH\122089_LT_NA_CL_SALTCASH.csv","38","","0027120615943604770478750853216","2025-01-29T12:48:27.397324","2025-01-29T12:48:27.397324","\\nas\Mail Files\Mailing Lists\01 January 2025\122089_LT_NA_CL_SALTCASH\122089_LT_NA_CL_SALTCASH.csv","494","2025-01-29T12:48:27.397324","0","TX","0","\\nas\Mail Files\Mailing Lists\01 January 2025\122089_LT_NA_CL_SALTCASH\122089_LT_NA_CL_SALTCASH Qual.pdf","122089_LT_NA_CL_SALTCASH Qual.pdf","1738101405.2768292","false","2025-01-28T16:07:31","2025-01-28T16:05:40","122089_LT_NA_CL_SaltCash","122089_LT_NA_CL_SALTCASH","1","3","3","2","400","341","400","341","111","10","JK8CB0C0CFFA32AE4","JK8CB0C0CFFA32AE4-TKE028C224550B58E"
"11104 PLUMEWOOD DR","AUSTIN","TX","78750-2830","GREG DONNELLAN &  DANIEL ANSTA","122089","122089_LT_NA_CL_SALTCASH","122089_LT_NA_CL_SALTCASH","\\nas\Mail Files\Mailing Lists\01 January 2025\122089_LT_NA_CL_SALTCASH","\\nas\Mail Files\Mailing Lists\01 January 2025\122089_LT_NA_CL_SALTCASH\122089_LT_NA_CL_SALTCASH.csv","39","","0027120615943604770578750283004","2025-01-29T12:48:27.397324","2025-01-29T12:48:27.397324","\\nas\Mail Files\Mailing Lists\01 January 2025\122089_LT_NA_CL_SALTCASH\122089_LT_NA_CL_SALTCASH.csv","494","2025-01-29T12:48:27.397324","0","TX","0","\\nas\Mail Files\Mailing Lists\01 January 2025\122089_LT_NA_CL_SALTCASH\122089_LT_NA_CL_SALTCASH Qual.pdf","122089_LT_NA_CL_SALTCASH Qual.pdf","1738101405.2768292","false","2025-01-28T16:07:31","2025-01-28T16:05:40","122089_LT_NA_CL_SaltCash","122089_LT_NA_CL_SALTCASH","1","3","3","2","400","341","400","341","111","10","JK8CB0C0CFFA32AE4","JK8CB0C0CFFA32AE4-TKE028C224550B58E"
"9905 BRANDYWINE CIR","AUSTIN","TX","78750-2805","LARRY GROAH","122089","122089_LT_NA_CL_SALTCASH","122089_LT_NA_CL_SALTCASH","\\nas\Mail Files\Mailing Lists\01 January 2025\122089_LT_NA_CL_SALTCASH","\\nas\Mail Files\Mailing Lists\01 January 2025\122089_LT_NA_CL_SALTCASH\122089_LT_NA_CL_SALTCASH.csv","40","","0027120615943604770678750280505","2025-01-29T12:48:27.397324","2025-01-29T12:48:27.397324","\\nas\Mail Files\Mailing Lists\01 January 2025\122089_LT_NA_CL_SALTCASH\122089_LT_NA_CL_SALTCASH.csv","494","2025-01-29T12:48:27.397324","0","TX","0","\\nas\Mail Files\Mailing Lists\01 January 2025\122089_LT_NA_CL_SALTCASH\122089_LT_NA_CL_SALTCASH Qual.pdf","122089_LT_NA_CL_SALTCASH Qual.pdf","1738101405.2768292","false","2025-01-28T16:07:31","2025-01-28T16:05:40","122089_LT_NA_CL_SaltCash","122089_LT_NA_CL_SALTCASH","1","3","3","2","400","341","400","341","111","10","JK8CB0C0CFFA32AE4","JK8CB0C0CFFA32AE4-TKE028C224550B58E"
"9603 TREE BEND DR","AUSTIN","TX","78750-3876","ALEXANDER IGNATIUS","122089","122089_LT_NA_CL_SALTCASH","122089_LT_NA_CL_SALTCASH","\\nas\Mail Files\Mailing Lists\01 January 2025\122089_LT_NA_CL_SALTCASH","\\nas\Mail Files\Mailing Lists\01 January 2025\122089_LT_NA_CL_SALTCASH\122089_LT_NA_CL_SALTCASH.csv","41","","0027120615943604770778750387603","2025-01-29T12:48:27.397324","2025-01-29T12:48:27.397324","\\nas\Mail Files\Mailing Lists\01 January 2025\122089_LT_NA_CL_SALTCASH\122089_LT_NA_CL_SALTCASH.csv","494","2025-01-29T12:48:27.397324","0","TX","0","\\nas\Mail Files\Mailing Lists\01 January 2025\122089_LT_NA_CL_SALTCASH\122089_LT_NA_CL_SALTCASH Qual.pdf","122089_LT_NA_CL_SALTCASH Qual.pdf","1738101405.2768292","false","2025-01-28T16:07:31","2025-01-28T16:05:40","122089_LT_NA_CL_SaltCash","122089_LT_NA_CL_SALTCASH","1","3","3","2","400","341","400","341","111","10","JK8CB0C0CFFA32AE4","JK8CB0C0CFFA32AE4-TKE028C224550B58E"
"9305 EVENING PRIMROSE PATH","AUSTIN","TX","78750-3631","MARY ELIZABETH HUDEC","122089","122089_LT_NA_CL_SALTCASH","122089_LT_NA_CL_SALTCASH","\\nas\Mail Files\Mailing Lists\01 January 2025\122089_LT_NA_CL_SALTCASH","\\nas\Mail Files\Mailing Lists\01 January 2025\122089_LT_NA_CL_SALTCASH\122089_LT_NA_CL_SALTCASH.csv","42","","0027120615943604770878750363105","2025-01-29T12:48:27.397324","2025-01-29T12:48:27.397324","\\nas\Mail Files\Mailing Lists\01 January 2025\122089_LT_NA_CL_SALTCASH\122089_LT_NA_CL_SALTCASH.csv","494","2025-01-29T12:48:27.397324","0","TX","0","\\nas\Mail Files\Mailing Lists\01 January 2025\122089_LT_NA_CL_SALTCASH\122089_LT_NA_CL_SALTCASH Qual.pdf","122089_LT_NA_CL_SALTCASH Qual.pdf","1738101405.2768292","false","2025-01-28T16:07:31","2025-01-28T16:05:40","122089_LT_NA_CL_SaltCash","122089_LT_NA_CL_SALTCASH","1","3","3","2","400","341","400","341","111","10","JK8CB0C0CFFA32AE4","JK8CB0C0CFFA32AE4-TKE028C224550B58E"
"8911 BALCONES CLUB DR","AUSTIN","TX","78750-3007","SLOAN BROOKS","122089","122089_LT_NA_CL_SALTCASH","122089_LT_NA_CL_SALTCASH","\\nas\Mail Files\Mailing Lists\01 January 2025\122089_LT_NA_CL_SALTCASH","\\nas\Mail Files\Mailing Lists\01 January 2025\122089_LT_NA_CL_SALTCASH\122089_LT_NA_CL_SALTCASH.csv","43","","0027120615943604770978750300711","2025-01-29T12:48:27.397324","2025-01-29T12:48:27.397324","\\nas\Mail Files\Mailing Lists\01 January 2025\122089_LT_NA_CL_SALTCASH\122089_LT_NA_CL_SALTCASH.csv","494","2025-01-29T12:48:27.397324","0","TX","0","\\nas\Mail Files\Mailing Lists\01 January 2025\122089_LT_NA_CL_SALTCASH\122089_LT_NA_CL_SALTCASH Qual.pdf","122089_LT_NA_CL_SALTCASH Qual.pdf","1738101405.2768292","false","2025-01-28T16:07:31","2025-01-28T16:05:40","122089_LT_NA_CL_SaltCash","122089_LT_NA_CL_SALTCASH","1","3","3","2","400","341","400","341","111","10","JK8CB0C0CFFA32AE4","JK8CB0C0CFFA32AE4-TKE028C224550B58E"
"6903 BREEZY PASS","AUSTIN","TX","78749-1735","MALLORY HORTON","122089","122089_LT_NA_CL_SALTCASH","122089_LT_NA_CL_SALTCASH","\\nas\Mail Files\Mailing Lists\01 January 2025\122089_LT_NA_CL_SALTCASH","\\nas\Mail Files\Mailing Lists\01 January 2025\122089_LT_NA_CL_SALTCASH\122089_LT_NA_CL_SALTCASH.csv","44","","0027120615943604771078749173503","2025-01-29T12:48:27.397324","2025-01-29T12:48:27.397324","\\nas\Mail Files\Mailing Lists\01 January 2025\122089_LT_NA_CL_SALTCASH\122089_LT_NA_CL_SALTCASH.csv","494","2025-01-29T12:48:27.397324","0","TX","0","\\nas\Mail Files\Mailing Lists\01 January 2025\122089_LT_NA_CL_SALTCASH\122089_LT_NA_CL_SALTCASH Qual.pdf","122089_LT_NA_CL_SALTCASH Qual.pdf","1738101405.2768292","false","2025-01-28T16:07:31","2025-01-28T16:05:40","122089_LT_NA_CL_SaltCash","122089_LT_NA_CL_SALTCASH","1","3","3","2","400","341","400","341","111","10","JK8CB0C0CFFA32AE4","JK8CB0C0CFFA32AE4-TKE028C224550B58E"
"6606 WOLFCREEK PASS","AUSTIN","TX","78749-1744","LOIS CHEATHAM","122089","122089_LT_NA_CL_SALTCASH","122089_LT_NA_CL_SALTCASH","\\nas\Mail Files\Mailing Lists\01 January 2025\122089_LT_NA_CL_SALTCASH","\\nas\Mail Files\Mailing Lists\01 January 2025\122089_LT_NA_CL_SALTCASH\122089_LT_NA_CL_SALTCASH.csv","45","","0027120615943604771178749174406","2025-01-29T12:48:27.397324","2025-01-29T12:48:27.397324","\\nas\Mail Files\Mailing Lists\01 January 2025\122089_LT_NA_CL_SALTCASH\122089_LT_NA_CL_SALTCASH.csv","494","2025-01-29T12:48:27.397324","0","TX","0","\\nas\Mail Files\Mailing Lists\01 January 2025\122089_LT_NA_CL_SALTCASH\122089_LT_NA_CL_SALTCASH Qual.pdf","122089_LT_NA_CL_SALTCASH Qual.pdf","1738101405.2768292","false","2025-01-28T16:07:31","2025-01-28T16:05:40","122089_LT_NA_CL_SaltCash","122089_LT_NA_CL_SALTCASH","1","3","3","2","400","341","400","341","111","10","JK8CB0C0CFFA32AE4","JK8CB0C0CFFA32AE4-TKE028C224550B58E"
"8817 BARROW GLEN LOOP","AUSTIN","TX","78749-3625","PETER HUTCHESON","122089","122089_LT_NA_CL_SALTCASH","122089_LT_NA_CL_SALTCASH","\\nas\Mail Files\Mailing Lists\01 January 2025\122089_LT_NA_CL_SALTCASH","\\nas\Mail Files\Mailing Lists\01 January 2025\122089_LT_NA_CL_SALTCASH\122089_LT_NA_CL_SALTCASH.csv","46","","0027120615943604771278749362517","2025-01-29T12:48:27.397324","2025-01-29T12:48:27.397324","\\nas\Mail Files\Mailing Lists\01 January 2025\122089_LT_NA_CL_SALTCASH\122089_LT_NA_CL_SALTCASH.csv","494","2025-01-29T12:48:27.397324","0","TX","0","\\nas\Mail Files\Mailing Lists\01 January 2025\122089_LT_NA_CL_SALTCASH\122089_LT_NA_CL_SALTCASH Qual.pdf","122089_LT_NA_CL_SALTCASH Qual.pdf","1738101405.2768292","false","2025-01-28T16:07:31","2025-01-28T16:05:40","122089_LT_NA_CL_SaltCash","122089_LT_NA_CL_SALTCASH","1","3","3","2","400","341","400","341","111","10","JK8CB0C0CFFA32AE4","JK8CB0C0CFFA32AE4-TKE028C224550B58E"
"6007 BEL FAY LN","AUSTIN","TX","78749-1941","BRAD AND KIM ZABROSKI","122089","122089_LT_NA_CL_SALTCASH","122089_LT_NA_CL_SALTCASH","\\nas\Mail Files\Mailing Lists\01 January 2025\122089_LT_NA_CL_SALTCASH","\\nas\Mail Files\Mailing Lists\01 January 2025\122089_LT_NA_CL_SALTCASH\122089_LT_NA_CL_SALTCASH.csv","47","","0027120615943604771378749194107","2025-01-29T12:48:27.397324","2025-01-29T12:48:27.397324","\\nas\Mail Files\Mailing Lists\01 January 2025\122089_LT_NA_CL_SALTCASH\122089_LT_NA_CL_SALTCASH.csv","494","2025-01-29T12:48:27.397324","0","TX","0","\\nas\Mail Files\Mailing Lists\01 January 2025\122089_LT_NA_CL_SALTCASH\122089_LT_NA_CL_SALTCASH Qual.pdf","122089_LT_NA_CL_SALTCASH Qual.pdf","1738101405.2768292","false","2025-01-28T16:07:31","2025-01-28T16:05:40","122089_LT_NA_CL_SaltCash","122089_LT_NA_CL_SALTCASH","1","3","3","2","400","341","400","341","111","10","JK8CB0C0CFFA32AE4","JK8CB0C0CFFA32AE4-TKE028C224550B58E"
"4303 SARASOTA DR","AUSTIN","TX","78749-3189","GLORIA CARRERA","122089","122089_LT_NA_CL_SALTCASH","122089_LT_NA_CL_SALTCASH","\\nas\Mail Files\Mailing Lists\01 January 2025\122089_LT_NA_CL_SALTCASH","\\nas\Mail Files\Mailing Lists\01 January 2025\122089_LT_NA_CL_SALTCASH\122089_LT_NA_CL_SALTCASH.csv","48","","0027120615943604771478749318903","2025-01-29T12:48:27.397324","2025-01-29T12:48:27.397324","\\nas\Mail Files\Mailing Lists\01 January 2025\122089_LT_NA_CL_SALTCASH\122089_LT_NA_CL_SALTCASH.csv","494","2025-01-29T12:48:27.397324","0","TX","0","\\nas\Mail Files\Mailing Lists\01 January 2025\122089_LT_NA_CL_SALTCASH\122089_LT_NA_CL_SALTCASH Qual.pdf","122089_LT_NA_CL_SALTCASH Qual.pdf","1738101405.2768292","false","2025-01-28T16:07:31","2025-01-28T16:05:40","122089_LT_NA_CL_SaltCash","122089_LT_NA_CL_SALTCASH","1","3","3","2","400","341","400","341","111","10","JK8CB0C0CFFA32AE4","JK8CB0C0CFFA32AE4-TKE028C224550B58E"
"3908 KANDY DR","AUSTIN","TX","78749-2550","AURA COOK","122089","122089_LT_NA_CL_SALTCASH","122089_LT_NA_CL_SALTCASH","\\nas\Mail Files\Mailing Lists\01 January 2025\122089_LT_NA_CL_SALTCASH","\\nas\Mail Files\Mailing Lists\01 January 2025\122089_LT_NA_CL_SALTCASH\122089_LT_NA_CL_SALTCASH.csv","49","","0027120615943604771578749255008","2025-01-29T12:48:27.397324","2025-01-29T12:48:27.397324","\\nas\Mail Files\Mailing Lists\01 January 2025\122089_LT_NA_CL_SALTCASH\122089_LT_NA_CL_SALTCASH.csv","494","2025-01-29T12:48:27.397324","0","TX","0","\\nas\Mail Files\Mailing Lists\01 January 2025\122089_LT_NA_CL_SALTCASH\122089_LT_NA_CL_SALTCASH Qual.pdf","122089_LT_NA_CL_SALTCASH Qual.pdf","1738101405.2768292","false","2025-01-28T16:07:31","2025-01-28T16:05:40","122089_LT_NA_CL_SaltCash","122089_LT_NA_CL_SALTCASH","1","3","3","2","400","341","400","341","111","10","JK8CB0C0CFFA32AE4","JK8CB0C0CFFA32AE4-TKE028C224550B58E"
"6036 BEL FAY LN","AUSTIN","TX","78749-1940","GRACE ORTMAN","122089","122089_LT_NA_CL_SALTCASH","122089_LT_NA_CL_SALTCASH","\\nas\Mail Files\Mailing Lists\01 January 2025\122089_LT_NA_CL_SALTCASH","\\nas\Mail Files\Mailing Lists\01 January 2025\122089_LT_NA_CL_SALTCASH\122089_LT_NA_CL_SALTCASH.csv","50","","0027120615943604771678749194036","2025-01-29T12:48:27.397324","2025-01-29T12:48:27.397324","\\nas\Mail Files\Mailing Lists\01 January 2025\122089_LT_NA_CL_SALTCASH\122089_LT_NA_CL_SALTCASH.csv","494","2025-01-29T12:48:27.397324","0","TX","0","\\nas\Mail Files\Mailing Lists\01 January 2025\122089_LT_NA_CL_SALTCASH\122089_LT_NA_CL_SALTCASH Qual.pdf","122089_LT_NA_CL_SALTCASH Qual.pdf","1738101405.2768292","false","2025-01-28T16:07:31","2025-01-28T16:05:40","122089_LT_NA_CL_SaltCash","122089_LT_NA_CL_SALTCASH","1","3","3","2","400","341","400","341","111","10","JK8CB0C0CFFA32AE4","JK8CB0C0CFFA32AE4-TKE028C224550B58E"
"6512 FAIR VALLEY TRL","AUSTIN","TX","78749-1202","BRETT CANTRELL","122089","122089_LT_NA_CL_SALTCASH","122089_LT_NA_CL_SALTCASH","\\nas\Mail Files\Mailing Lists\01 January 2025\122089_LT_NA_CL_SALTCASH","\\nas\Mail Files\Mailing Lists\01 January 2025\122089_LT_NA_CL_SALTCASH\122089_LT_NA_CL_SALTCASH.csv","51","","0027120615943604771778749120212","2025-01-29T12:48:27.397324","2025-01-29T12:48:27.397324","\\nas\Mail Files\Mailing Lists\01 January 2025\122089_LT_NA_CL_SALTCASH\122089_LT_NA_CL_SALTCASH.csv","494","2025-01-29T12:48:27.397324","0","TX","0","\\nas\Mail Files\Mailing Lists\01 January 2025\122089_LT_NA_CL_SALTCASH\122089_LT_NA_CL_SALTCASH Qual.pdf","122089_LT_NA_CL_SALTCASH Qual.pdf","1738101405.2768292","false","2025-01-28T16:07:31","2025-01-28T16:05:40","122089_LT_NA_CL_SaltCash","122089_LT_NA_CL_SALTCASH","1","3","3","2","400","341","400","341","111","10","JK8CB0C0CFFA32AE4","JK8CB0C0CFFA32AE4-TKE028C224550B58E"
"6937 BEATTY DR","AUSTIN","TX","78749-4191","DOVIE VAUGHN","122089","122089_LT_NA_CL_SALTCASH","122089_LT_NA_CL_SALTCASH","\\nas\Mail Files\Mailing Lists\01 January 2025\122089_LT_NA_CL_SALTCASH","\\nas\Mail Files\Mailing Lists\01 January 2025\122089_LT_NA_CL_SALTCASH\122089_LT_NA_CL_SALTCASH.csv","52","","0027120615943604771878749419137","2025-01-29T12:48:27.397324","2025-01-29T12:48:27.397324","\\nas\Mail Files\Mailing Lists\01 January 2025\122089_LT_NA_CL_SALTCASH\122089_LT_NA_CL_SALTCASH.csv","494","2025-01-29T12:48:27.397324","0","TX","0","\\nas\Mail Files\Mailing Lists\01 January 2025\122089_LT_NA_CL_SALTCASH\122089_LT_NA_CL_SALTCASH Qual.pdf","122089_LT_NA_CL_SALTCASH Qual.pdf","1738101405.2768292","false","2025-01-28T16:07:31","2025-01-28T16:05:40","122089_LT_NA_CL_SaltCash","122089_LT_NA_CL_SALTCASH","1","3","3","2","400","341","400","341","111","10","JK8CB0C0CFFA32AE4","JK8CB0C0CFFA32AE4-TKE028C224550B58E"
"8920 WHITEWORTH LOOP","AUSTIN","TX","78749-3653","MARIAN YEAGER","122089","122089_LT_NA_CL_SALTCASH","122089_LT_NA_CL_SALTCASH","\\nas\Mail Files\Mailing Lists\01 January 2025\122089_LT_NA_CL_SALTCASH","\\nas\Mail Files\Mailing Lists\01 January 2025\122089_LT_NA_CL_SALTCASH\122089_LT_NA_CL_SALTCASH.csv","53","","0027120615943604771978749365320","2025-01-29T12:48:27.397324","2025-01-29T12:48:27.397324","\\nas\Mail Files\Mailing Lists\01 January 2025\122089_LT_NA_CL_SALTCASH\122089_LT_NA_CL_SALTCASH.csv","494","2025-01-29T12:48:27.397324","0","TX","0","\\nas\Mail Files\Mailing Lists\01 January 2025\122089_LT_NA_CL_SALTCASH\122089_LT_NA_CL_SALTCASH Qual.pdf","122089_LT_NA_CL_SALTCASH Qual.pdf","1738101405.2768292","false","2025-01-28T16:07:31","2025-01-28T16:05:40","122089_LT_NA_CL_SaltCash","122089_LT_NA_CL_SALTCASH","1","3","3","2","400","341","400","341","111","10","JK8CB0C0CFFA32AE4","JK8CB0C0CFFA32AE4-TKE028C224550B58E"
"6040 BEL FAY LN","AUSTIN","TX","78749-1940","CHRISTIAN JOHNSTON","122089","122089_LT_NA_CL_SALTCASH","122089_LT_NA_CL_SALTCASH","\\nas\Mail Files\Mailing Lists\01 January 2025\122089_LT_NA_CL_SALTCASH","\\nas\Mail Files\Mailing Lists\01 January 2025\122089_LT_NA_CL_SALTCASH\122089_LT_NA_CL_SALTCASH.csv","54","","0027120615943604772078749194040","2025-01-29T12:48:27.397324","2025-01-29T12:48:27.397324","\\nas\Mail Files\Mailing Lists\01 January 2025\122089_LT_NA_CL_SALTCASH\122089_LT_NA_CL_SALTCASH.csv","494","2025-01-29T12:48:27.397324","0","TX","0","\\nas\Mail Files\Mailing Lists\01 January 2025\122089_LT_NA_CL_SALTCASH\122089_LT_NA_CL_SALTCASH Qual.pdf","122089_LT_NA_CL_SALTCASH Qual.pdf","1738101405.2768292","false","2025-01-28T16:07:31","2025-01-28T16:05:40","122089_LT_NA_CL_SaltCash","122089_LT_NA_CL_SALTCASH","1","3","3","2","400","341","400","341","111","10","JK8CB0C0CFFA32AE4","JK8CB0C0CFFA32AE4-TKE028C224550B58E"
"2700 BEAR SPRINGS TRL","AUSTIN","TX","78748-1058","SAMUEL SROKA","122089","122089_LT_NA_CL_SALTCASH","122089_LT_NA_CL_SALTCASH","\\nas\Mail Files\Mailing Lists\01 January 2025\122089_LT_NA_CL_SALTCASH","\\nas\Mail Files\Mailing Lists\01 January 2025\122089_LT_NA_CL_SALTCASH\122089_LT_NA_CL_SALTCASH.csv","55","","0027120615943604772178748105800","2025-01-29T12:48:27.397324","2025-01-29T12:48:27.397324","\\nas\Mail Files\Mailing Lists\01 January 2025\122089_LT_NA_CL_SALTCASH\122089_LT_NA_CL_SALTCASH.csv","494","2025-01-29T12:48:27.397324","0","TX","0","\\nas\Mail Files\Mailing Lists\01 January 2025\122089_LT_NA_CL_SALTCASH\122089_LT_NA_CL_SALTCASH Qual.pdf","122089_LT_NA_CL_SALTCASH Qual.pdf","1738101405.2768292","false","2025-01-28T16:07:31","2025-01-28T16:05:40","122089_LT_NA_CL_SaltCash","122089_LT_NA_CL_SALTCASH","1","3","3","2","400","341","400","341","111","10","JK8CB0C0CFFA32AE4","JK8CB0C0CFFA32AE4-TKE028C224550B58E"
"673 MAIRO ST","AUSTIN","TX","78748-5461","RICHARD JORDAN","122089","122089_LT_NA_CL_SALTCASH","122089_LT_NA_CL_SALTCASH","\\nas\Mail Files\Mailing Lists\01 January 2025\122089_LT_NA_CL_SALTCASH","\\nas\Mail Files\Mailing Lists\01 January 2025\122089_LT_NA_CL_SALTCASH\122089_LT_NA_CL_SALTCASH.csv","56","","0027120615943604772278748546173","2025-01-29T12:48:27.397324","2025-01-29T12:48:27.397324","\\nas\Mail Files\Mailing Lists\01 January 2025\122089_LT_NA_CL_SALTCASH\122089_LT_NA_CL_SALTCASH.csv","494","2025-01-29T12:48:27.397324","0","TX","0","\\nas\Mail Files\Mailing Lists\01 January 2025\122089_LT_NA_CL_SALTCASH\122089_LT_NA_CL_SALTCASH Qual.pdf","122089_LT_NA_CL_SALTCASH Qual.pdf","1738101405.2768292","false","2025-01-28T16:07:31","2025-01-28T16:05:40","122089_LT_NA_CL_SaltCash","122089_LT_NA_CL_SALTCASH","1","3","3","2","400","341","400","341","111","10","JK8CB0C0CFFA32AE4","JK8CB0C0CFFA32AE4-TKE028C224550B58E"
"2305 LANCASTER DR","AUSTIN","TX","78748-6032","TEXAS ROEMER","122089","122089_LT_NA_CL_SALTCASH","122089_LT_NA_CL_SALTCASH","\\nas\Mail Files\Mailing Lists\01 January 2025\122089_LT_NA_CL_SALTCASH","\\nas\Mail Files\Mailing Lists\01 January 2025\122089_LT_NA_CL_SALTCASH\122089_LT_NA_CL_SALTCASH.csv","57","","0027120615943604772378748603205","2025-01-29T12:48:27.397324","2025-01-29T12:48:27.397324","\\nas\Mail Files\Mailing Lists\01 January 2025\122089_LT_NA_CL_SALTCASH\122089_LT_NA_CL_SALTCASH.csv","494","2025-01-29T12:48:27.397324","0","TX","0","\\nas\Mail Files\Mailing Lists\01 January 2025\122089_LT_NA_CL_SALTCASH\122089_LT_NA_CL_SALTCASH Qual.pdf","122089_LT_NA_CL_SALTCASH Qual.pdf","1738101405.2768292","false","2025-01-28T16:07:31","2025-01-28T16:05:40","122089_LT_NA_CL_SaltCash","122089_LT_NA_CL_SALTCASH","1","3","3","2","400","341","400","341","111","10","JK8CB0C0CFFA32AE4","JK8CB0C0CFFA32AE4-TKE028C224550B58E"
"8910 ROMAYNE LN","AUSTIN","TX","78748-6407","ARMANDO TREVINO","122089","122089_LT_NA_CL_SALTCASH","122089_LT_NA_CL_SALTCASH","\\nas\Mail Files\Mailing Lists\01 January 2025\122089_LT_NA_CL_SALTCASH","\\nas\Mail Files\Mailing Lists\01 January 2025\122089_LT_NA_CL_SALTCASH\122089_LT_NA_CL_SALTCASH.csv","58","","0027120615943604772478748640710","2025-01-29T12:48:27.397324","2025-01-29T12:48:27.397324","\\nas\Mail Files\Mailing Lists\01 January 2025\122089_LT_NA_CL_SALTCASH\122089_LT_NA_CL_SALTCASH.csv","494","2025-01-29T12:48:27.397324","0","TX","0","\\nas\Mail Files\Mailing Lists\01 January 2025\122089_LT_NA_CL_SALTCASH\122089_LT_NA_CL_SALTCASH Qual.pdf","122089_LT_NA_CL_SALTCASH Qual.pdf","1738101405.2768292","false","2025-01-28T16:07:31","2025-01-28T16:05:40","122089_LT_NA_CL_SaltCash","122089_LT_NA_CL_SALTCASH","1","3","3","2","400","341","400","341","111","10","JK8CB0C0CFFA32AE4","JK8CB0C0CFFA32AE4-TKE028C224550B58E"
"3012 BLACKSMITH LN","AUSTIN","TX","78748-1937","SHAUN CUTTILL","122089","122089_LT_NA_CL_SALTCASH","122089_LT_NA_CL_SALTCASH","\\nas\Mail Files\Mailing Lists\01 January 2025\122089_LT_NA_CL_SALTCASH","\\nas\Mail Files\Mailing Lists\01 January 2025\122089_LT_NA_CL_SALTCASH\122089_LT_NA_CL_SALTCASH.csv","59","","0027120615943604772578748193712","2025-01-29T12:48:27.397324","2025-01-29T12:48:27.397324","\\nas\Mail Files\Mailing Lists\01 January 2025\122089_LT_NA_CL_SALTCASH\122089_LT_NA_CL_SALTCASH.csv","494","2025-01-29T12:48:27.397324","0","TX","0","\\nas\Mail Files\Mailing Lists\01 January 2025\122089_LT_NA_CL_SALTCASH\122089_LT_NA_CL_SALTCASH Qual.pdf","122089_LT_NA_CL_SALTCASH Qual.pdf","1738101405.2768292","false","2025-01-28T16:07:31","2025-01-28T16:05:40","122089_LT_NA_CL_SaltCash","122089_LT_NA_CL_SALTCASH","1","3","3","2","400","341","400","341","111","10","JK8CB0C0CFFA32AE4","JK8CB0C0CFFA32AE4-TKE028C224550B58E"
"12212 ERUZIONE DR","AUSTIN","TX","78748-3079","GEORGE HSU","122089","122089_LT_NA_CL_SALTCASH","122089_LT_NA_CL_SALTCASH","\\nas\Mail Files\Mailing Lists\01 January 2025\122089_LT_NA_CL_SALTCASH","\\nas\Mail Files\Mailing Lists\01 January 2025\122089_LT_NA_CL_SALTCASH\122089_LT_NA_CL_SALTCASH.csv","60","","0027120615943604772678748307912","2025-01-29T12:48:27.397324","2025-01-29T12:48:27.397324","\\nas\Mail Files\Mailing Lists\01 January 2025\122089_LT_NA_CL_SALTCASH\122089_LT_NA_CL_SALTCASH.csv","494","2025-01-29T12:48:27.397324","0","TX","0","\\nas\Mail Files\Mailing Lists\01 January 2025\122089_LT_NA_CL_SALTCASH\122089_LT_NA_CL_SALTCASH Qual.pdf","122089_LT_NA_CL_SALTCASH Qual.pdf","1738101405.2768292","false","2025-01-28T16:07:31","2025-01-28T16:05:40","122089_LT_NA_CL_SaltCash","122089_LT_NA_CL_SALTCASH","1","3","3","2","400","341","400","341","111","10","JK8CB0C0CFFA32AE4","JK8CB0C0CFFA32AE4-TKE028C224550B58E"
"1207 WINNIE DR","AUSTIN","TX","78748-4118","CHRIS MARTINSON","122089","122089_LT_NA_CL_SALTCASH","122089_LT_NA_CL_SALTCASH","\\nas\Mail Files\Mailing Lists\01 January 2025\122089_LT_NA_CL_SALTCASH","\\nas\Mail Files\Mailing Lists\01 January 2025\122089_LT_NA_CL_SALTCASH\122089_LT_NA_CL_SALTCASH.csv","61","","0027120615943604772778748411807","2025-01-29T12:48:27.397324","2025-01-29T12:48:27.397324","\\nas\Mail Files\Mailing Lists\01 January 2025\122089_LT_NA_CL_SALTCASH\122089_LT_NA_CL_SALTCASH.csv","494","2025-01-29T12:48:27.397324","0","TX","0","\\nas\Mail Files\Mailing Lists\01 January 2025\122089_LT_NA_CL_SALTCASH\122089_LT_NA_CL_SALTCASH Qual.pdf","122089_LT_NA_CL_SALTCASH Qual.pdf","1738101405.2768292","false","2025-01-28T16:07:31","2025-01-28T16:05:40","122089_LT_NA_CL_SaltCash","122089_LT_NA_CL_SALTCASH","1","3","3","2","400","341","400","341","111","10","JK8CB0C0CFFA32AE4","JK8CB0C0CFFA32AE4-TKE028C224550B58E"
"2933 LAGERWAY CV","AUSTIN","TX","78748-5055","JESSIE HARRIS","122089","122089_LT_NA_CL_SALTCASH","122089_LT_NA_CL_SALTCASH","\\nas\Mail Files\Mailing Lists\01 January 2025\122089_LT_NA_CL_SALTCASH","\\nas\Mail Files\Mailing Lists\01 January 2025\122089_LT_NA_CL_SALTCASH\122089_LT_NA_CL_SALTCASH.csv","62","","0027120615943604772878748505533","2025-01-29T12:48:27.397324","2025-01-29T12:48:27.397324","\\nas\Mail Files\Mailing Lists\01 January 2025\122089_LT_NA_CL_SALTCASH\122089_LT_NA_CL_SALTCASH.csv","494","2025-01-29T12:48:27.397324","0","TX","0","\\nas\Mail Files\Mailing Lists\01 January 2025\122089_LT_NA_CL_SALTCASH\122089_LT_NA_CL_SALTCASH Qual.pdf","122089_LT_NA_CL_SALTCASH Qual.pdf","1738101405.2768292","false","2025-01-28T16:07:31","2025-01-28T16:05:40","122089_LT_NA_CL_SaltCash","122089_LT_NA_CL_SALTCASH","1","3","3","2","400","341","400","341","111","10","JK8CB0C0CFFA32AE4","JK8CB0C0CFFA32AE4-TKE028C224550B58E"
"701 FORT CHADBOURNE DR","AUSTIN","TX","78748-2409","AMANDA BENNETT","122089","122089_LT_NA_CL_SALTCASH","122089_LT_NA_CL_SALTCASH","\\nas\Mail Files\Mailing Lists\01 January 2025\122089_LT_NA_CL_SALTCASH","\\nas\Mail Files\Mailing Lists\01 January 2025\122089_LT_NA_CL_SALTCASH\122089_LT_NA_CL_SALTCASH.csv","63","","0027120615943604772978748240901","2025-01-29T12:48:27.397324","2025-01-29T12:48:27.397324","\\nas\Mail Files\Mailing Lists\01 January 2025\122089_LT_NA_CL_SALTCASH\122089_LT_NA_CL_SALTCASH.csv","494","2025-01-29T12:48:27.397324","0","TX","0","\\nas\Mail Files\Mailing Lists\01 January 2025\122089_LT_NA_CL_SALTCASH\122089_LT_NA_CL_SALTCASH Qual.pdf","122089_LT_NA_CL_SALTCASH Qual.pdf","1738101405.2768292","false","2025-01-28T16:07:31","2025-01-28T16:05:40","122089_LT_NA_CL_SaltCash","122089_LT_NA_CL_SALTCASH","1","3","3","2","400","341","400","341","111","10","JK8CB0C0CFFA32AE4","JK8CB0C0CFFA32AE4-TKE028C224550B58E"
"8922 MENCHACA RD","AUSTIN","TX","78748-5311","SARA SCOTT","122089","122089_LT_NA_CL_SALTCASH","122089_LT_NA_CL_SALTCASH","\\nas\Mail Files\Mailing Lists\01 January 2025\122089_LT_NA_CL_SALTCASH","\\nas\Mail Files\Mailing Lists\01 January 2025\122089_LT_NA_CL_SALTCASH\122089_LT_NA_CL_SALTCASH.csv","64","","0027120615943604773078748531199","2025-01-29T12:48:27.397324","2025-01-29T12:48:27.397324","\\nas\Mail Files\Mailing Lists\01 January 2025\122089_LT_NA_CL_SALTCASH\122089_LT_NA_CL_SALTCASH.csv","494","2025-01-29T12:48:27.397324","0","TX","0","\\nas\Mail Files\Mailing Lists\01 January 2025\122089_LT_NA_CL_SALTCASH\122089_LT_NA_CL_SALTCASH Qual.pdf","122089_LT_NA_CL_SALTCASH Qual.pdf","1738101405.2768292","false","2025-01-28T16:07:31","2025-01-28T16:05:40","122089_LT_NA_CL_SaltCash","122089_LT_NA_CL_SALTCASH","1","3","3","2","400","341","400","341","111","10","JK8CB0C0CFFA32AE4","JK8CB0C0CFFA32AE4-TKE028C224550B58E"
"2206 BILLY FISKE LN","AUSTIN","TX","78748-2900","JULIE CLEARE","122089","122089_LT_NA_CL_SALTCASH","122089_LT_NA_CL_SALTCASH","\\nas\Mail Files\Mailing Lists\01 January 2025\122089_LT_NA_CL_SALTCASH","\\nas\Mail Files\Mailing Lists\01 January 2025\122089_LT_NA_CL_SALTCASH\122089_LT_NA_CL_SALTCASH.csv","65","","0027120615943604773178748290006","2025-01-29T12:48:27.397324","2025-01-29T12:48:27.397324","\\nas\Mail Files\Mailing Lists\01 January 2025\122089_LT_NA_CL_SALTCASH\122089_LT_NA_CL_SALTCASH.csv","494","2025-01-29T12:48:27.397324","0","TX","0","\\nas\Mail Files\Mailing Lists\01 January 2025\122089_LT_NA_CL_SALTCASH\122089_LT_NA_CL_SALTCASH Qual.pdf","122089_LT_NA_CL_SALTCASH Qual.pdf","1738101405.2768292","false","2025-01-28T16:07:31","2025-01-28T16:05:40","122089_LT_NA_CL_SaltCash","122089_LT_NA_CL_SALTCASH","1","3","3","2","400","341","400","341","111","10","JK8CB0C0CFFA32AE4","JK8CB0C0CFFA32AE4-TKE028C224550B58E"
"10601 WATCHFUL FOX DR","AUSTIN","TX","78748-2382","MARIA LOPEZ","122089","122089_LT_NA_CL_SALTCASH","122089_LT_NA_CL_SALTCASH","\\nas\Mail Files\Mailing Lists\01 January 2025\122089_LT_NA_CL_SALTCASH","\\nas\Mail Files\Mailing Lists\01 January 2025\122089_LT_NA_CL_SALTCASH\122089_LT_NA_CL_SALTCASH.csv","66","","0027120615943604773278748238201","2025-01-29T12:48:27.397324","2025-01-29T12:48:27.397324","\\nas\Mail Files\Mailing Lists\01 January 2025\122089_LT_NA_CL_SALTCASH\122089_LT_NA_CL_SALTCASH.csv","494","2025-01-29T12:48:27.397324","0","TX","0","\\nas\Mail Files\Mailing Lists\01 January 2025\122089_LT_NA_CL_SALTCASH\122089_LT_NA_CL_SALTCASH Qual.pdf","122089_LT_NA_CL_SALTCASH Qual.pdf","1738101405.2768292","false","2025-01-28T16:07:31","2025-01-28T16:05:40","122089_LT_NA_CL_SaltCash","122089_LT_NA_CL_SALTCASH","1","3","3","2","400","341","400","341","111","10","JK8CB0C0CFFA32AE4","JK8CB0C0CFFA32AE4-TKE028C224550B58E"
"5712 BELL TOWER LN","AUSTIN","TX","78747-4112","BENJAMIN JACKSON","122089","122089_LT_NA_CL_SALTCASH","122089_LT_NA_CL_SALTCASH","\\nas\Mail Files\Mailing Lists\01 January 2025\122089_LT_NA_CL_SALTCASH","\\nas\Mail Files\Mailing Lists\01 January 2025\122089_LT_NA_CL_SALTCASH\122089_LT_NA_CL_SALTCASH.csv","67","","0027120615943604773378747411212","2025-01-29T12:48:27.397324","2025-01-29T12:48:27.397324","\\nas\Mail Files\Mailing Lists\01 January 2025\122089_LT_NA_CL_SALTCASH\122089_LT_NA_CL_SALTCASH.csv","494","2025-01-29T12:48:27.397324","0","TX","0","\\nas\Mail Files\Mailing Lists\01 January 2025\122089_LT_NA_CL_SALTCASH\122089_LT_NA_CL_SALTCASH Qual.pdf","122089_LT_NA_CL_SALTCASH Qual.pdf","1738101405.2768292","false","2025-01-28T16:07:31","2025-01-28T16:05:40","122089_LT_NA_CL_SaltCash","122089_LT_NA_CL_SALTCASH","1","3","3","2","400","341","400","341","111","10","JK8CB0C0CFFA32AE4","JK8CB0C0CFFA32AE4-TKE028C224550B58E"
"10203 RIVER PLANTATION DR","AUSTIN","TX","78747-1120","TED AND REBECCA KALOMIRIS","122089","122089_LT_NA_CL_SALTCASH","122089_LT_NA_CL_SALTCASH","\\nas\Mail Files\Mailing Lists\01 January 2025\122089_LT_NA_CL_SALTCASH","\\nas\Mail Files\Mailing Lists\01 January 2025\122089_LT_NA_CL_SALTCASH\122089_LT_NA_CL_SALTCASH.csv","68","","0027120615943604773478747112003","2025-01-29T12:48:27.397324","2025-01-29T12:48:27.397324","\\nas\Mail Files\Mailing Lists\01 January 2025\122089_LT_NA_CL_SALTCASH\122089_LT_NA_CL_SALTCASH.csv","494","2025-01-29T12:48:27.397324","0","TX","0","\\nas\Mail Files\Mailing Lists\01 January 2025\122089_LT_NA_CL_SALTCASH\122089_LT_NA_CL_SALTCASH Qual.pdf","122089_LT_NA_CL_SALTCASH Qual.pdf","1738101405.2768292","false","2025-01-28T16:07:31","2025-01-28T16:05:40","122089_LT_NA_CL_SaltCash","122089_LT_NA_CL_SALTCASH","1","3","3","2","400","341","400","341","111","10","JK8CB0C0CFFA32AE4","JK8CB0C0CFFA32AE4-TKE028C224550B58E"
"2602 BUCKMINSTER CT","AUSTIN","TX","78746-2010","NICK PRESTON","122089","122089_LT_NA_CL_SALTCASH","122089_LT_NA_CL_SALTCASH","\\nas\Mail Files\Mailing Lists\01 January 2025\122089_LT_NA_CL_SALTCASH","\\nas\Mail Files\Mailing Lists\01 January 2025\122089_LT_NA_CL_SALTCASH\122089_LT_NA_CL_SALTCASH.csv","69","","0027120615943604773578746201002","2025-01-29T12:48:27.397324","2025-01-29T12:48:27.397324","\\nas\Mail Files\Mailing Lists\01 January 2025\122089_LT_NA_CL_SALTCASH\122089_LT_NA_CL_SALTCASH.csv","494","2025-01-29T12:48:27.397324","0","TX","0","\\nas\Mail Files\Mailing Lists\01 January 2025\122089_LT_NA_CL_SALTCASH\122089_LT_NA_CL_SALTCASH Qual.pdf","122089_LT_NA_CL_SALTCASH Qual.pdf","1738101405.2768292","false","2025-01-28T16:07:31","2025-01-28T16:05:40","122089_LT_NA_CL_SaltCash","122089_LT_NA_CL_SALTCASH","1","3","3","2","400","341","400","341","111","10","JK8CB0C0CFFA32AE4","JK8CB0C0CFFA32AE4-TKE028C224550B58E"
"4317 RIO ROBLES DR","AUSTIN","TX","78746-1994","FERNANDA TELLEZ","122089","122089_LT_NA_CL_SALTCASH","122089_LT_NA_CL_SALTCASH","\\nas\Mail Files\Mailing Lists\01 January 2025\122089_LT_NA_CL_SALTCASH","\\nas\Mail Files\Mailing Lists\01 January 2025\122089_LT_NA_CL_SALTCASH\122089_LT_NA_CL_SALTCASH.csv","70","","0027120615943604773678746199417","2025-01-29T12:48:27.397324","2025-01-29T12:48:27.397324","\\nas\Mail Files\Mailing Lists\01 January 2025\122089_LT_NA_CL_SALTCASH\122089_LT_NA_CL_SALTCASH.csv","494","2025-01-29T12:48:27.397324","0","TX","0","\\nas\Mail Files\Mailing Lists\01 January 2025\122089_LT_NA_CL_SALTCASH\122089_LT_NA_CL_SALTCASH Qual.pdf","122089_LT_NA_CL_SALTCASH Qual.pdf","1738101405.2768292","false","2025-01-28T16:07:31","2025-01-28T16:05:40","122089_LT_NA_CL_SaltCash","122089_LT_NA_CL_SALTCASH","1","3","3","2","400","341","400","341","111","10","JK8CB0C0CFFA32AE4","JK8CB0C0CFFA32AE4-TKE028C224550B58E"
"3310 GENTRY DR","AUSTIN","TX","78746-5507","LYNNE STORM","122089","122089_LT_NA_CL_SALTCASH","122089_LT_NA_CL_SALTCASH","\\nas\Mail Files\Mailing Lists\01 January 2025\122089_LT_NA_CL_SALTCASH","\\nas\Mail Files\Mailing Lists\01 January 2025\122089_LT_NA_CL_SALTCASH\122089_LT_NA_CL_SALTCASH.csv","71","","0027120615943604773778746550710","2025-01-29T12:48:27.397324","2025-01-29T12:48:27.397324","\\nas\Mail Files\Mailing Lists\01 January 2025\122089_LT_NA_CL_SALTCASH\122089_LT_NA_CL_SALTCASH.csv","494","2025-01-29T12:48:27.397324","0","TX","0","\\nas\Mail Files\Mailing Lists\01 January 2025\122089_LT_NA_CL_SALTCASH\122089_LT_NA_CL_SALTCASH Qual.pdf","122089_LT_NA_CL_SALTCASH Qual.pdf","1738101405.2768292","false","2025-01-28T16:07:31","2025-01-28T16:05:40","122089_LT_NA_CL_SaltCash","122089_LT_NA_CL_SALTCASH","1","3","3","2","400","341","400","341","111","10","JK8CB0C0CFFA32AE4","JK8CB0C0CFFA32AE4-TKE028C224550B58E"
"12 BEECHER LN","AUSTIN","TX","78746-3218","SARA CAPPS","122089","122089_LT_NA_CL_SALTCASH","122089_LT_NA_CL_SALTCASH","\\nas\Mail Files\Mailing Lists\01 January 2025\122089_LT_NA_CL_SALTCASH","\\nas\Mail Files\Mailing Lists\01 January 2025\122089_LT_NA_CL_SALTCASH\122089_LT_NA_CL_SALTCASH.csv","72","","0027120615943604773878746321812","2025-01-29T12:48:27.397324","2025-01-29T12:48:27.397324","\\nas\Mail Files\Mailing Lists\01 January 2025\122089_LT_NA_CL_SALTCASH\122089_LT_NA_CL_SALTCASH.csv","494","2025-01-29T12:48:27.397324","0","TX","0","\\nas\Mail Files\Mailing Lists\01 January 2025\122089_LT_NA_CL_SALTCASH\122089_LT_NA_CL_SALTCASH Qual.pdf","122089_LT_NA_CL_SALTCASH Qual.pdf","1738101405.2768292","false","2025-01-28T16:07:31","2025-01-28T16:05:40","122089_LT_NA_CL_SaltCash","122089_LT_NA_CL_SALTCASH","1","3","3","2","400","341","400","341","111","10","JK8CB0C0CFFA32AE4","JK8CB0C0CFFA32AE4-TKE028C224550B58E"
"2001 HEADWATER LN","AUSTIN","TX","78746-7840","BOAZ NUR","122089","122089_LT_NA_CL_SALTCASH","122089_LT_NA_CL_SALTCASH","\\nas\Mail Files\Mailing Lists\01 January 2025\122089_LT_NA_CL_SALTCASH","\\nas\Mail Files\Mailing Lists\01 January 2025\122089_LT_NA_CL_SALTCASH\122089_LT_NA_CL_SALTCASH.csv","73","","0027120615943604773978746784001","2025-01-29T12:48:27.397324","2025-01-29T12:48:27.397324","\\nas\Mail Files\Mailing Lists\01 January 2025\122089_LT_NA_CL_SALTCASH\122089_LT_NA_CL_SALTCASH.csv","494","2025-01-29T12:48:27.397324","0","TX","0","\\nas\Mail Files\Mailing Lists\01 January 2025\122089_LT_NA_CL_SALTCASH\122089_LT_NA_CL_SALTCASH Qual.pdf","122089_LT_NA_CL_SALTCASH Qual.pdf","1738101405.2768292","false","2025-01-28T16:07:31","2025-01-28T16:05:40","122089_LT_NA_CL_SaltCash","122089_LT_NA_CL_SALTCASH","1","3","3","2","400","341","400","341","111","10","JK8CB0C0CFFA32AE4","JK8CB0C0CFFA32AE4-TKE028C224550B58E"
"2415 TRL OF MADRONES","AUSTIN","TX","78746-2338","WILLIAM MATTHEWS","122089","122089_LT_NA_CL_SALTCASH","122089_LT_NA_CL_SALTCASH","\\nas\Mail Files\Mailing Lists\01 January 2025\122089_LT_NA_CL_SALTCASH","\\nas\Mail Files\Mailing Lists\01 January 2025\122089_LT_NA_CL_SALTCASH\122089_LT_NA_CL_SALTCASH.csv","74","","0027120615943604774078746233815","2025-01-29T12:48:27.397324","2025-01-29T12:48:27.397324","\\nas\Mail Files\Mailing Lists\01 January 2025\122089_LT_NA_CL_SALTCASH\122089_LT_NA_CL_SALTCASH.csv","494","2025-01-29T12:48:27.397324","0","TX","0","\\nas\Mail Files\Mailing Lists\01 January 2025\122089_LT_NA_CL_SALTCASH\122089_LT_NA_CL_SALTCASH Qual.pdf","122089_LT_NA_CL_SALTCASH Qual.pdf","1738101405.2768292","false","2025-01-28T16:07:31","2025-01-28T16:05:40","122089_LT_NA_CL_SaltCash","122089_LT_NA_CL_SALTCASH","1","3","3","2","400","341","400","341","111","10","JK8CB0C0CFFA32AE4","JK8CB0C0CFFA32AE4-TKE028C224550B58E"
"2449 WESTLAKE DR","AUSTIN","TX","78746-2950","CLAY CARRELL","122089","122089_LT_NA_CL_SALTCASH","122089_LT_NA_CL_SALTCASH","\\nas\Mail Files\Mailing Lists\01 January 2025\122089_LT_NA_CL_SALTCASH","\\nas\Mail Files\Mailing Lists\01 January 2025\122089_LT_NA_CL_SALTCASH\122089_LT_NA_CL_SALTCASH.csv","75","","0027120615943604774178746295049","2025-01-29T12:48:27.397324","2025-01-29T12:48:27.397324","\\nas\Mail Files\Mailing Lists\01 January 2025\122089_LT_NA_CL_SALTCASH\122089_LT_NA_CL_SALTCASH.csv","494","2025-01-29T12:48:27.397324","0","TX","0","\\nas\Mail Files\Mailing Lists\01 January 2025\122089_LT_NA_CL_SALTCASH\122089_LT_NA_CL_SALTCASH Qual.pdf","122089_LT_NA_CL_SALTCASH Qual.pdf","1738101405.2768292","false","2025-01-28T16:07:31","2025-01-28T16:05:40","122089_LT_NA_CL_SaltCash","122089_LT_NA_CL_SALTCASH","1","3","3","2","400","341","400","341","111","10","JK8CB0C0CFFA32AE4","JK8CB0C0CFFA32AE4-TKE028C224550B58E"
"5800 KENTUCKY DERBY","AUSTIN","TX","78746-1140","ED HANSLIK","122089","122089_LT_NA_CL_SALTCASH","122089_LT_NA_CL_SALTCASH","\\nas\Mail Files\Mailing Lists\01 January 2025\122089_LT_NA_CL_SALTCASH","\\nas\Mail Files\Mailing Lists\01 January 2025\122089_LT_NA_CL_SALTCASH\122089_LT_NA_CL_SALTCASH.csv","76","","0027120615943604774278746114000","2025-01-29T12:48:27.397324","2025-01-29T12:48:27.397324","\\nas\Mail Files\Mailing Lists\01 January 2025\122089_LT_NA_CL_SALTCASH\122089_LT_NA_CL_SALTCASH.csv","494","2025-01-29T12:48:27.397324","0","TX","0","\\nas\Mail Files\Mailing Lists\01 January 2025\122089_LT_NA_CL_SALTCASH\122089_LT_NA_CL_SALTCASH Qual.pdf","122089_LT_NA_CL_SALTCASH Qual.pdf","1738101405.2768292","false","2025-01-28T16:07:31","2025-01-28T16:05:40","122089_LT_NA_CL_SaltCash","122089_LT_NA_CL_SALTCASH","1","3","3","2","400","341","400","341","111","10","JK8CB0C0CFFA32AE4","JK8CB0C0CFFA32AE4-TKE028C224550B58E"
"2602 PICKWICK LN","ROLLINGWOOD","TX","78746-5625","WHITNEY STEWART","122089","122089_LT_NA_CL_SALTCASH","122089_LT_NA_CL_SALTCASH","\\nas\Mail Files\Mailing Lists\01 January 2025\122089_LT_NA_CL_SALTCASH","\\nas\Mail Files\Mailing Lists\01 January 2025\122089_LT_NA_CL_SALTCASH\122089_LT_NA_CL_SALTCASH.csv","77","","0027120615943604774378746562502","2025-01-29T12:48:27.397324","2025-01-29T12:48:27.397324","\\nas\Mail Files\Mailing Lists\01 January 2025\122089_LT_NA_CL_SALTCASH\122089_LT_NA_CL_SALTCASH.csv","494","2025-01-29T12:48:27.397324","0","TX","0","\\nas\Mail Files\Mailing Lists\01 January 2025\122089_LT_NA_CL_SALTCASH\122089_LT_NA_CL_SALTCASH Qual.pdf","122089_LT_NA_CL_SALTCASH Qual.pdf","1738101405.2768292","false","2025-01-28T16:07:31","2025-01-28T16:05:40","122089_LT_NA_CL_SaltCash","122089_LT_NA_CL_SALTCASH","1","3","3","2","400","341","400","341","111","10","JK8CB0C0CFFA32AE4","JK8CB0C0CFFA32AE4-TKE028C224550B58E"
"3109 KITTOWA CV","AUSTIN","TX","78746-2005","BETH & HOLT DUNLOP","122089","122089_LT_NA_CL_SALTCASH","122089_LT_NA_CL_SALTCASH","\\nas\Mail Files\Mailing Lists\01 January 2025\122089_LT_NA_CL_SALTCASH","\\nas\Mail Files\Mailing Lists\01 January 2025\122089_LT_NA_CL_SALTCASH\122089_LT_NA_CL_SALTCASH.csv","78","","0027120615943604774478746200509","2025-01-29T12:48:27.397324","2025-01-29T12:48:27.397324","\\nas\Mail Files\Mailing Lists\01 January 2025\122089_LT_NA_CL_SALTCASH\122089_LT_NA_CL_SALTCASH.csv","494","2025-01-29T12:48:27.397324","0","TX","0","\\nas\Mail Files\Mailing Lists\01 January 2025\122089_LT_NA_CL_SALTCASH\122089_LT_NA_CL_SALTCASH Qual.pdf","122089_LT_NA_CL_SALTCASH Qual.pdf","1738101405.2768292","false","2025-01-28T16:07:31","2025-01-28T16:05:40","122089_LT_NA_CL_SaltCash","122089_LT_NA_CL_SALTCASH","1","3","3","2","400","341","400","341","111","10","JK8CB0C0CFFA32AE4","JK8CB0C0CFFA32AE4-TKE028C224550B58E"
"1938 HOLLY HILL DR","AUSTIN","TX","78746-7620","COLLIN CARROTHERS","122089","122089_LT_NA_CL_SALTCASH","122089_LT_NA_CL_SALTCASH","\\nas\Mail Files\Mailing Lists\01 January 2025\122089_LT_NA_CL_SALTCASH","\\nas\Mail Files\Mailing Lists\01 January 2025\122089_LT_NA_CL_SALTCASH\122089_LT_NA_CL_SALTCASH.csv","79","","0027120615943604774578746762099","2025-01-29T12:48:27.397324","2025-01-29T12:48:27.397324","\\nas\Mail Files\Mailing Lists\01 January 2025\122089_LT_NA_CL_SALTCASH\122089_LT_NA_CL_SALTCASH.csv","494","2025-01-29T12:48:27.397324","0","TX","0","\\nas\Mail Files\Mailing Lists\01 January 2025\122089_LT_NA_CL_SALTCASH\122089_LT_NA_CL_SALTCASH Qual.pdf","122089_LT_NA_CL_SALTCASH Qual.pdf","1738101405.2768292","false","2025-01-28T16:07:31","2025-01-28T16:05:40","122089_LT_NA_CL_SaltCash","122089_LT_NA_CL_SALTCASH","1","3","3","2","400","341","400","341","111","10","JK8CB0C0CFFA32AE4","JK8CB0C0CFFA32AE4-TKE028C224550B58E"
"705 TERRACE MOUNTAIN DR","WEST LAKE HILLS","TX","78746-2842","LONNIE HAZELWOOD","122089","122089_LT_NA_CL_SALTCASH","122089_LT_NA_CL_SALTCASH","\\nas\Mail Files\Mailing Lists\01 January 2025\122089_LT_NA_CL_SALTCASH","\\nas\Mail Files\Mailing Lists\01 January 2025\122089_LT_NA_CL_SALTCASH\122089_LT_NA_CL_SALTCASH.csv","80","","0027120615943604774678746284205","2025-01-29T12:48:27.397324","2025-01-29T12:48:27.397324","\\nas\Mail Files\Mailing Lists\01 January 2025\122089_LT_NA_CL_SALTCASH\122089_LT_NA_CL_SALTCASH.csv","494","2025-01-29T12:48:27.397324","0","TX","0","\\nas\Mail Files\Mailing Lists\01 January 2025\122089_LT_NA_CL_SALTCASH\122089_LT_NA_CL_SALTCASH Qual.pdf","122089_LT_NA_CL_SALTCASH Qual.pdf","1738101405.2768292","false","2025-01-28T16:07:31","2025-01-28T16:05:40","122089_LT_NA_CL_SaltCash","122089_LT_NA_CL_SALTCASH","1","3","3","2","400","341","400","341","111","10","JK8CB0C0CFFA32AE4","JK8CB0C0CFFA32AE4-TKE028C224550B58E"
"2606 BROKEN OAK DR","AUSTIN","TX","78745-5900","ALLY BRESNAHAN","122089","122089_LT_NA_CL_SALTCASH","122089_LT_NA_CL_SALTCASH","\\nas\Mail Files\Mailing Lists\01 January 2025\122089_LT_NA_CL_SALTCASH","\\nas\Mail Files\Mailing Lists\01 January 2025\122089_LT_NA_CL_SALTCASH\122089_LT_NA_CL_SALTCASH.csv","81","","0027120615943604774778745590006","2025-01-29T12:48:27.397324","2025-01-29T12:48:27.397324","\\nas\Mail Files\Mailing Lists\01 January 2025\122089_LT_NA_CL_SALTCASH\122089_LT_NA_CL_SALTCASH.csv","494","2025-01-29T12:48:27.397324","0","TX","0","\\nas\Mail Files\Mailing Lists\01 January 2025\122089_LT_NA_CL_SALTCASH\122089_LT_NA_CL_SALTCASH Qual.pdf","122089_LT_NA_CL_SALTCASH Qual.pdf","1738101405.2768292","false","2025-01-28T16:07:31","2025-01-28T16:05:40","122089_LT_NA_CL_SaltCash","122089_LT_NA_CL_SALTCASH","1","3","3","2","400","341","400","341","111","10","JK8CB0C0CFFA32AE4","JK8CB0C0CFFA32AE4-TKE028C224550B58E"
"5702 CHERRY CREEK DR","AUSTIN","TX","78745-3462","JORDAN HILLS","122089","122089_LT_NA_CL_SALTCASH","122089_LT_NA_CL_SALTCASH","\\nas\Mail Files\Mailing Lists\01 January 2025\122089_LT_NA_CL_SALTCASH","\\nas\Mail Files\Mailing Lists\01 January 2025\122089_LT_NA_CL_SALTCASH\122089_LT_NA_CL_SALTCASH.csv","82","","0027120615943604774878745346202","2025-01-29T12:48:27.397324","2025-01-29T12:48:27.397324","\\nas\Mail Files\Mailing Lists\01 January 2025\122089_LT_NA_CL_SALTCASH\122089_LT_NA_CL_SALTCASH.csv","494","2025-01-29T12:48:27.397324","0","TX","0","\\nas\Mail Files\Mailing Lists\01 January 2025\122089_LT_NA_CL_SALTCASH\122089_LT_NA_CL_SALTCASH Qual.pdf","122089_LT_NA_CL_SALTCASH Qual.pdf","1738101405.2768292","false","2025-01-28T16:07:31","2025-01-28T16:05:40","122089_LT_NA_CL_SaltCash","122089_LT_NA_CL_SALTCASH","1","3","3","2","400","341","400","341","111","10","JK8CB0C0CFFA32AE4","JK8CB0C0CFFA32AE4-TKE028C224550B58E"
"4538 PACK SADDLE PASS","AUSTIN","TX","78745-1582","JAMES HOLT","122089","122089_LT_NA_CL_SALTCASH","122089_LT_NA_CL_SALTCASH","\\nas\Mail Files\Mailing Lists\01 January 2025\122089_LT_NA_CL_SALTCASH","\\nas\Mail Files\Mailing Lists\01 January 2025\122089_LT_NA_CL_SALTCASH\122089_LT_NA_CL_SALTCASH.csv","83","","0027120615943604774978745158238","2025-01-29T12:48:27.397324","2025-01-29T12:48:27.397324","\\nas\Mail Files\Mailing Lists\01 January 2025\122089_LT_NA_CL_SALTCASH\122089_LT_NA_CL_SALTCASH.csv","494","2025-01-29T12:48:27.397324","0","TX","0","\\nas\Mail Files\Mailing Lists\01 January 2025\122089_LT_NA_CL_SALTCASH\122089_LT_NA_CL_SALTCASH Qual.pdf","122089_LT_NA_CL_SALTCASH Qual.pdf","1738101405.2768292","false","2025-01-28T16:07:31","2025-01-28T16:05:40","122089_LT_NA_CL_SaltCash","122089_LT_NA_CL_SALTCASH","1","3","3","2","400","341","400","341","111","10","JK8CB0C0CFFA32AE4","JK8CB0C0CFFA32AE4-TKE028C224550B58E"
"5201 PERIWINKLE PATH","AUSTIN","TX","78745-2775","SARANDY PARKER","122089","122089_LT_NA_CL_SALTCASH","122089_LT_NA_CL_SALTCASH","\\nas\Mail Files\Mailing Lists\01 January 2025\122089_LT_NA_CL_SALTCASH","\\nas\Mail Files\Mailing Lists\01 January 2025\122089_LT_NA_CL_SALTCASH\122089_LT_NA_CL_SALTCASH.csv","84","","0027120615943604775078745277501","2025-01-29T12:48:27.397324","2025-01-29T12:48:27.397324","\\nas\Mail Files\Mailing Lists\01 January 2025\122089_LT_NA_CL_SALTCASH\122089_LT_NA_CL_SALTCASH.csv","494","2025-01-29T12:48:27.397324","0","TX","0","\\nas\Mail Files\Mailing Lists\01 January 2025\122089_LT_NA_CL_SALTCASH\122089_LT_NA_CL_SALTCASH Qual.pdf","122089_LT_NA_CL_SALTCASH Qual.pdf","1738101405.2768292","false","2025-01-28T16:07:31","2025-01-28T16:05:40","122089_LT_NA_CL_SaltCash","122089_LT_NA_CL_SALTCASH","1","3","3","2","400","341","400","341","111","10","JK8CB0C0CFFA32AE4","JK8CB0C0CFFA32AE4-TKE028C224550B58E"
"300 SHEFFIELD DR","AUSTIN","TX","78745-2384","MICHAEL NOREN","122089","122089_LT_NA_CL_SALTCASH","122089_LT_NA_CL_SALTCASH","\\nas\Mail Files\Mailing Lists\01 January 2025\122089_LT_NA_CL_SALTCASH","\\nas\Mail Files\Mailing Lists\01 January 2025\122089_LT_NA_CL_SALTCASH\122089_LT_NA_CL_SALTCASH.csv","85","","0027120615943604775178745238400","2025-01-29T12:48:27.397324","2025-01-29T12:48:27.397324","\\nas\Mail Files\Mailing Lists\01 January 2025\122089_LT_NA_CL_SALTCASH\122089_LT_NA_CL_SALTCASH.csv","494","2025-01-29T12:48:27.397324","0","TX","0","\\nas\Mail Files\Mailing Lists\01 January 2025\122089_LT_NA_CL_SALTCASH\122089_LT_NA_CL_SALTCASH Qual.pdf","122089_LT_NA_CL_SALTCASH Qual.pdf","1738101405.2768292","false","2025-01-28T16:07:31","2025-01-28T16:05:40","122089_LT_NA_CL_SaltCash","122089_LT_NA_CL_SALTCASH","1","3","3","2","400","341","400","341","111","10","JK8CB0C0CFFA32AE4","JK8CB0C0CFFA32AE4-TKE028C224550B58E"
"2916 DILLION HILL DR","AUSTIN","TX","78745-4738","RYAN RUBINSTEIN","122089","122089_LT_NA_CL_SALTCASH","122089_LT_NA_CL_SALTCASH","\\nas\Mail Files\Mailing Lists\01 January 2025\122089_LT_NA_CL_SALTCASH","\\nas\Mail Files\Mailing Lists\01 January 2025\122089_LT_NA_CL_SALTCASH\122089_LT_NA_CL_SALTCASH.csv","86","","0027120615943604775278745473816","2025-01-29T12:48:27.397324","2025-01-29T12:48:27.397324","\\nas\Mail Files\Mailing Lists\01 January 2025\122089_LT_NA_CL_SALTCASH\122089_LT_NA_CL_SALTCASH.csv","494","2025-01-29T12:48:27.397324","0","TX","0","\\nas\Mail Files\Mailing Lists\01 January 2025\122089_LT_NA_CL_SALTCASH\122089_LT_NA_CL_SALTCASH Qual.pdf","122089_LT_NA_CL_SALTCASH Qual.pdf","1738101405.2768292","false","2025-01-28T16:07:31","2025-01-28T16:05:40","122089_LT_NA_CL_SaltCash","122089_LT_NA_CL_SALTCASH","1","3","3","2","400","341","400","341","111","10","JK8CB0C0CFFA32AE4","JK8CB0C0CFFA32AE4-TKE028C224550B58E"
"5700 CHERRY PARK","AUSTIN","TX","78745-3823","BEN PHILLIPS","122089","122089_LT_NA_CL_SALTCASH","122089_LT_NA_CL_SALTCASH","\\nas\Mail Files\Mailing Lists\01 January 2025\122089_LT_NA_CL_SALTCASH","\\nas\Mail Files\Mailing Lists\01 January 2025\122089_LT_NA_CL_SALTCASH\122089_LT_NA_CL_SALTCASH.csv","87","","0027120615943604775378745382300","2025-01-29T12:48:27.397324","2025-01-29T12:48:27.397324","\\nas\Mail Files\Mailing Lists\01 January 2025\122089_LT_NA_CL_SALTCASH\122089_LT_NA_CL_SALTCASH.csv","494","2025-01-29T12:48:27.397324","0","TX","0","\\nas\Mail Files\Mailing Lists\01 January 2025\122089_LT_NA_CL_SALTCASH\122089_LT_NA_CL_SALTCASH Qual.pdf","122089_LT_NA_CL_SALTCASH Qual.pdf","1738101405.2768292","false","2025-01-28T16:07:31","2025-01-28T16:05:40","122089_LT_NA_CL_SaltCash","122089_LT_NA_CL_SALTCASH","1","3","3","2","400","341","400","341","111","10","JK8CB0C0CFFA32AE4","JK8CB0C0CFFA32AE4-TKE028C224550B58E"
"2516 STAR GRASS CIR","AUSTIN","TX","78745-7652","ROSS DAVIS","122089","122089_LT_NA_CL_SALTCASH","122089_LT_NA_CL_SALTCASH","\\nas\Mail Files\Mailing Lists\01 January 2025\122089_LT_NA_CL_SALTCASH","\\nas\Mail Files\Mailing Lists\01 January 2025\122089_LT_NA_CL_SALTCASH\122089_LT_NA_CL_SALTCASH.csv","88","","0027120615943604775478745765216","2025-01-29T12:48:27.397324","2025-01-29T12:48:27.397324","\\nas\Mail Files\Mailing Lists\01 January 2025\122089_LT_NA_CL_SALTCASH\122089_LT_NA_CL_SALTCASH.csv","494","2025-01-29T12:48:27.397324","0","TX","0","\\nas\Mail Files\Mailing Lists\01 January 2025\122089_LT_NA_CL_SALTCASH\122089_LT_NA_CL_SALTCASH Qual.pdf","122089_LT_NA_CL_SALTCASH Qual.pdf","1738101405.2768292","false","2025-01-28T16:07:31","2025-01-28T16:05:40","122089_LT_NA_CL_SaltCash","122089_LT_NA_CL_SALTCASH","1","3","3","2","400","341","400","341","111","10","JK8CB0C0CFFA32AE4","JK8CB0C0CFFA32AE4-TKE028C224550B58E"
"1706 PARKSIDE LN","AUSTIN","TX","78745-3611","JOHN WALDING","122089","122089_LT_NA_CL_SALTCASH","122089_LT_NA_CL_SALTCASH","\\nas\Mail Files\Mailing Lists\01 January 2025\122089_LT_NA_CL_SALTCASH","\\nas\Mail Files\Mailing Lists\01 January 2025\122089_LT_NA_CL_SALTCASH\122089_LT_NA_CL_SALTCASH.csv","89","","0027120615943604775578745361106","2025-01-29T12:48:27.397324","2025-01-29T12:48:27.397324","\\nas\Mail Files\Mailing Lists\01 January 2025\122089_LT_NA_CL_SALTCASH\122089_LT_NA_CL_SALTCASH.csv","494","2025-01-29T12:48:27.397324","0","TX","0","\\nas\Mail Files\Mailing Lists\01 January 2025\122089_LT_NA_CL_SALTCASH\122089_LT_NA_CL_SALTCASH Qual.pdf","122089_LT_NA_CL_SALTCASH Qual.pdf","1738101405.2768292","false","2025-01-28T16:07:31","2025-01-28T16:05:40","122089_LT_NA_CL_SaltCash","122089_LT_NA_CL_SALTCASH","1","3","3","2","400","341","400","341","111","10","JK8CB0C0CFFA32AE4","JK8CB0C0CFFA32AE4-TKE028C224550B58E"
"3904 IGNACIO DR","AUSTIN","TX","78744-2412","KELLY OCON","122089","122089_LT_NA_CL_SALTCASH","122089_LT_NA_CL_SALTCASH","\\nas\Mail Files\Mailing Lists\01 January 2025\122089_LT_NA_CL_SALTCASH","\\nas\Mail Files\Mailing Lists\01 January 2025\122089_LT_NA_CL_SALTCASH\122089_LT_NA_CL_SALTCASH.csv","90","","0027120615943604775678744241204","2025-01-29T12:48:27.397324","2025-01-29T12:48:27.397324","\\nas\Mail Files\Mailing Lists\01 January 2025\122089_LT_NA_CL_SALTCASH\122089_LT_NA_CL_SALTCASH.csv","494","2025-01-29T12:48:27.397324","0","TX","0","\\nas\Mail Files\Mailing Lists\01 January 2025\122089_LT_NA_CL_SALTCASH\122089_LT_NA_CL_SALTCASH Qual.pdf","122089_LT_NA_CL_SALTCASH Qual.pdf","1738101405.2768292","false","2025-01-28T16:07:31","2025-01-28T16:05:40","122089_LT_NA_CL_SaltCash","122089_LT_NA_CL_SALTCASH","1","3","3","2","400","341","400","341","111","10","JK8CB0C0CFFA32AE4","JK8CB0C0CFFA32AE4-TKE028C224550B58E"
"4403 SILVERSTONE DR","AUSTIN","TX","78744-5600","DELBERT TREVINO","122089","122089_LT_NA_CL_SALTCASH","122089_LT_NA_CL_SALTCASH","\\nas\Mail Files\Mailing Lists\01 January 2025\122089_LT_NA_CL_SALTCASH","\\nas\Mail Files\Mailing Lists\01 January 2025\122089_LT_NA_CL_SALTCASH\122089_LT_NA_CL_SALTCASH.csv","91","","0027120615943604775778744560003","2025-01-29T12:48:27.397324","2025-01-29T12:48:27.397324","\\nas\Mail Files\Mailing Lists\01 January 2025\122089_LT_NA_CL_SALTCASH\122089_LT_NA_CL_SALTCASH.csv","494","2025-01-29T12:48:27.397324","0","TX","0","\\nas\Mail Files\Mailing Lists\01 January 2025\122089_LT_NA_CL_SALTCASH\122089_LT_NA_CL_SALTCASH Qual.pdf","122089_LT_NA_CL_SALTCASH Qual.pdf","1738101405.2768292","false","2025-01-28T16:07:31","2025-01-28T16:05:40","122089_LT_NA_CL_SaltCash","122089_LT_NA_CL_SALTCASH","1","3","3","2","400","341","400","341","111","10","JK8CB0C0CFFA32AE4","JK8CB0C0CFFA32AE4-TKE028C224550B58E"
"7809 NUNSLAND DR","AUSTIN","TX","78744-4469","LYDIA KASSA AND ISAAC BEKELE","122089","122089_LT_NA_CL_SALTCASH","122089_LT_NA_CL_SALTCASH","\\nas\Mail Files\Mailing Lists\01 January 2025\122089_LT_NA_CL_SALTCASH","\\nas\Mail Files\Mailing Lists\01 January 2025\122089_LT_NA_CL_SALTCASH\122089_LT_NA_CL_SALTCASH.csv","92","","0027120615943604775878744446909","2025-01-29T12:48:27.397324","2025-01-29T12:48:27.397324","\\nas\Mail Files\Mailing Lists\01 January 2025\122089_LT_NA_CL_SALTCASH\122089_LT_NA_CL_SALTCASH.csv","494","2025-01-29T12:48:27.397324","0","TX","0","\\nas\Mail Files\Mailing Lists\01 January 2025\122089_LT_NA_CL_SALTCASH\122089_LT_NA_CL_SALTCASH Qual.pdf","122089_LT_NA_CL_SALTCASH Qual.pdf","1738101405.2768292","false","2025-01-28T16:07:31","2025-01-28T16:05:40","122089_LT_NA_CL_SaltCash","122089_LT_NA_CL_SALTCASH","1","3","3","2","400","341","400","341","111","10","JK8CB0C0CFFA32AE4","JK8CB0C0CFFA32AE4-TKE028C224550B58E"
"7425 THANNAS WAY","AUSTIN","TX","78744-5009","DAVID SHANNON","122089","122089_LT_NA_CL_SALTCASH","122089_LT_NA_CL_SALTCASH","\\nas\Mail Files\Mailing Lists\01 January 2025\122089_LT_NA_CL_SALTCASH","\\nas\Mail Files\Mailing Lists\01 January 2025\122089_LT_NA_CL_SALTCASH\122089_LT_NA_CL_SALTCASH.csv","93","","0027120615943604775978744500925","2025-01-29T12:48:27.397324","2025-01-29T12:48:27.397324","\\nas\Mail Files\Mailing Lists\01 January 2025\122089_LT_NA_CL_SALTCASH\122089_LT_NA_CL_SALTCASH.csv","494","2025-01-29T12:48:27.397324","0","TX","0","\\nas\Mail Files\Mailing Lists\01 January 2025\122089_LT_NA_CL_SALTCASH\122089_LT_NA_CL_SALTCASH Qual.pdf","122089_LT_NA_CL_SALTCASH Qual.pdf","1738101405.2768292","false","2025-01-28T16:07:31","2025-01-28T16:05:40","122089_LT_NA_CL_SaltCash","122089_LT_NA_CL_SALTCASH","1","3","3","2","400","341","400","341","111","10","JK8CB0C0CFFA32AE4","JK8CB0C0CFFA32AE4-TKE028C224550B58E"
"4504 CANDLETREE LN","AUSTIN","TX","78744-4402","GLORIA THOMAS","122089","122089_LT_NA_CL_SALTCASH","122089_LT_NA_CL_SALTCASH","\\nas\Mail Files\Mailing Lists\01 January 2025\122089_LT_NA_CL_SALTCASH","\\nas\Mail Files\Mailing Lists\01 January 2025\122089_LT_NA_CL_SALTCASH\122089_LT_NA_CL_SALTCASH.csv","94","","0027120615943604776078744440204","2025-01-29T12:48:27.397324","2025-01-29T12:48:27.397324","\\nas\Mail Files\Mailing Lists\01 January 2025\122089_LT_NA_CL_SALTCASH\122089_LT_NA_CL_SALTCASH.csv","494","2025-01-29T12:48:27.397324","0","TX","0","\\nas\Mail Files\Mailing Lists\01 January 2025\122089_LT_NA_CL_SALTCASH\122089_LT_NA_CL_SALTCASH Qual.pdf","122089_LT_NA_CL_SALTCASH Qual.pdf","1738101405.2768292","false","2025-01-28T16:07:31","2025-01-28T16:05:40","122089_LT_NA_CL_SaltCash","122089_LT_NA_CL_SALTCASH","1","3","3","2","400","341","400","341","111","10","JK8CB0C0CFFA32AE4","JK8CB0C0CFFA32AE4-TKE028C224550B58E"
"5509 ICON ST","AUSTIN","TX","78744-3836","WESTON WILLIS","122089","122089_LT_NA_CL_SALTCASH","122089_LT_NA_CL_SALTCASH","\\nas\Mail Files\Mailing Lists\01 January 2025\122089_LT_NA_CL_SALTCASH","\\nas\Mail Files\Mailing Lists\01 January 2025\122089_LT_NA_CL_SALTCASH\122089_LT_NA_CL_SALTCASH.csv","95","","0027120615943604776178744383609","2025-01-29T12:48:27.397324","2025-01-29T12:48:27.397324","\\nas\Mail Files\Mailing Lists\01 January 2025\122089_LT_NA_CL_SALTCASH\122089_LT_NA_CL_SALTCASH.csv","494","2025-01-29T12:48:27.397324","0","TX","0","\\nas\Mail Files\Mailing Lists\01 January 2025\122089_LT_NA_CL_SALTCASH\122089_LT_NA_CL_SALTCASH Qual.pdf","122089_LT_NA_CL_SALTCASH Qual.pdf","1738101405.2768292","false","2025-01-28T16:07:31","2025-01-28T16:05:40","122089_LT_NA_CL_SaltCash","122089_LT_NA_CL_SALTCASH","1","3","3","2","400","341","400","341","111","10","JK8CB0C0CFFA32AE4","JK8CB0C0CFFA32AE4-TKE028C224550B58E"
"2001 PARKER LN","AUSTIN","TX","78741-3859","MARK NAU","122089","122089_LT_NA_CL_SALTCASH","122089_LT_NA_CL_SALTCASH","\\nas\Mail Files\Mailing Lists\01 January 2025\122089_LT_NA_CL_SALTCASH","\\nas\Mail Files\Mailing Lists\01 January 2025\122089_LT_NA_CL_SALTCASH\122089_LT_NA_CL_SALTCASH.csv","96","","0027120615943604776278741385999","2025-01-29T12:48:27.397324","2025-01-29T12:48:27.397324","\\nas\Mail Files\Mailing Lists\01 January 2025\122089_LT_NA_CL_SALTCASH\122089_LT_NA_CL_SALTCASH.csv","494","2025-01-29T12:48:27.397324","0","TX","0","\\nas\Mail Files\Mailing Lists\01 January 2025\122089_LT_NA_CL_SALTCASH\122089_LT_NA_CL_SALTCASH Qual.pdf","122089_LT_NA_CL_SALTCASH Qual.pdf","1738101405.2768292","false","2025-01-28T16:07:31","2025-01-28T16:05:40","122089_LT_NA_CL_SaltCash","122089_LT_NA_CL_SALTCASH","1","3","3","2","400","341","400","341","111","10","JK8CB0C0CFFA32AE4","JK8CB0C0CFFA32AE4-TKE028C224550B58E"
"2450 WICKERSHAM LN","AUSTIN","TX","78741-4776","JANE SOHN","122089","122089_LT_NA_CL_SALTCASH","122089_LT_NA_CL_SALTCASH","\\nas\Mail Files\Mailing Lists\01 January 2025\122089_LT_NA_CL_SALTCASH","\\nas\Mail Files\Mailing Lists\01 January 2025\122089_LT_NA_CL_SALTCASH\122089_LT_NA_CL_SALTCASH.csv","97","","0027120615943604776378741477699","2025-01-29T12:48:27.397324","2025-01-29T12:48:27.397324","\\nas\Mail Files\Mailing Lists\01 January 2025\122089_LT_NA_CL_SALTCASH\122089_LT_NA_CL_SALTCASH.csv","494","2025-01-29T12:48:27.397324","0","TX","0","\\nas\Mail Files\Mailing Lists\01 January 2025\122089_LT_NA_CL_SALTCASH\122089_LT_NA_CL_SALTCASH Qual.pdf","122089_LT_NA_CL_SALTCASH Qual.pdf","1738101405.2768292","false","2025-01-28T16:07:31","2025-01-28T16:05:40","122089_LT_NA_CL_SaltCash","122089_LT_NA_CL_SALTCASH","1","3","3","2","400","341","400","341","111","10","JK8CB0C0CFFA32AE4","JK8CB0C0CFFA32AE4-TKE028C224550B58E"
"7301 VICENZA DR","AUSTIN","TX","78739-1647","DELANEY HOLLIMEN","122089","122089_LT_NA_CL_SALTCASH","122089_LT_NA_CL_SALTCASH","\\nas\Mail Files\Mailing Lists\01 January 2025\122089_LT_NA_CL_SALTCASH","\\nas\Mail Files\Mailing Lists\01 January 2025\122089_LT_NA_CL_SALTCASH\122089_LT_NA_CL_SALTCASH.csv","98","","0027120615943604776478739164701","2025-01-29T12:48:27.397324","2025-01-29T12:48:27.397324","\\nas\Mail Files\Mailing Lists\01 January 2025\122089_LT_NA_CL_SALTCASH\122089_LT_NA_CL_SALTCASH.csv","494","2025-01-29T12:48:27.397324","0","TX","0","\\nas\Mail Files\Mailing Lists\01 January 2025\122089_LT_NA_CL_SALTCASH\122089_LT_NA_CL_SALTCASH Qual.pdf","122089_LT_NA_CL_SALTCASH Qual.pdf","1738101405.2768292","false","2025-01-28T16:07:31","2025-01-28T16:05:40","122089_LT_NA_CL_SaltCash","122089_LT_NA_CL_SALTCASH","1","3","3","2","400","341","400","341","111","10","JK8CB0C0CFFA32AE4","JK8CB0C0CFFA32AE4-TKE028C224550B58E"
"13009 ZEN VILLA DR","AUSTIN","TX","78739-1588","JULIO PUTH","122089","122089_LT_NA_CL_SALTCASH","122089_LT_NA_CL_SALTCASH","\\nas\Mail Files\Mailing Lists\01 January 2025\122089_LT_NA_CL_SALTCASH","\\nas\Mail Files\Mailing Lists\01 January 2025\122089_LT_NA_CL_SALTCASH\122089_LT_NA_CL_SALTCASH.csv","99","","0027120615943604776578739158809","2025-01-29T12:48:27.397324","2025-01-29T12:48:27.397324","\\nas\Mail Files\Mailing Lists\01 January 2025\122089_LT_NA_CL_SALTCASH\122089_LT_NA_CL_SALTCASH.csv","494","2025-01-29T12:48:27.397324","0","TX","0","\\nas\Mail Files\Mailing Lists\01 January 2025\122089_LT_NA_CL_SALTCASH\122089_LT_NA_CL_SALTCASH Qual.pdf","122089_LT_NA_CL_SALTCASH Qual.pdf","1738101405.2768292","false","2025-01-28T16:07:31","2025-01-28T16:05:40","122089_LT_NA_CL_SaltCash","122089_LT_NA_CL_SALTCASH","1","3","3","2","400","341","400","341","111","10","JK8CB0C0CFFA32AE4","JK8CB0C0CFFA32AE4-TKE028C224550B58E"
"11600 COALWOOD CV","AUSTIN","TX","78739-2033","CASSIE STINSON & BARRY HOLTZ","122089","122089_LT_NA_CL_SALTCASH","122089_LT_NA_CL_SALTCASH","\\nas\Mail Files\Mailing Lists\01 January 2025\122089_LT_NA_CL_SALTCASH","\\nas\Mail Files\Mailing Lists\01 January 2025\122089_LT_NA_CL_SALTCASH\122089_LT_NA_CL_SALTCASH.csv","100","","0027120615943604776678739203300","2025-01-29T12:48:27.397324","2025-01-29T12:48:27.397324","\\nas\Mail Files\Mailing Lists\01 January 2025\122089_LT_NA_CL_SALTCASH\122089_LT_NA_CL_SALTCASH.csv","494","2025-01-29T12:48:27.397324","0","TX","0","\\nas\Mail Files\Mailing Lists\01 January 2025\122089_LT_NA_CL_SALTCASH\122089_LT_NA_CL_SALTCASH Qual.pdf","122089_LT_NA_CL_SALTCASH Qual.pdf","1738101405.2768292","false","2025-01-28T16:07:31","2025-01-28T16:05:40","122089_LT_NA_CL_SaltCash","122089_LT_NA_CL_SALTCASH","1","3","3","2","400","341","400","341","111","10","JK8CB0C0CFFA32AE4","JK8CB0C0CFFA32AE4-TKE028C224550B58E"
"5380 AUSTRAL LOOP","AUSTIN","TX","78739-1711","PABLO STANSBERRY","122089","122089_LT_NA_CL_SALTCASH","122089_LT_NA_CL_SALTCASH","\\nas\Mail Files\Mailing Lists\01 January 2025\122089_LT_NA_CL_SALTCASH","\\nas\Mail Files\Mailing Lists\01 January 2025\122089_LT_NA_CL_SALTCASH\122089_LT_NA_CL_SALTCASH.csv","101","","0027120615943604776778739171180","2025-01-29T12:48:27.397324","2025-01-29T12:48:27.397324","\\nas\Mail Files\Mailing Lists\01 January 2025\122089_LT_NA_CL_SALTCASH\122089_LT_NA_CL_SALTCASH.csv","494","2025-01-29T12:48:27.397324","0","TX","0","\\nas\Mail Files\Mailing Lists\01 January 2025\122089_LT_NA_CL_SALTCASH\122089_LT_NA_CL_SALTCASH Qual.pdf","122089_LT_NA_CL_SALTCASH Qual.pdf","1738101405.2768292","false","2025-01-28T16:07:31","2025-01-28T16:05:40","122089_LT_NA_CL_SaltCash","122089_LT_NA_CL_SALTCASH","1","3","3","2","400","341","400","341","111","10","JK8CB0C0CFFA32AE4","JK8CB0C0CFFA32AE4-TKE028C224550B58E"
"12509 TABOR OAKS DR","AUSTIN","TX","78739-4831","ROHAN SHAH","122089","122089_LT_NA_CL_SALTCASH","122089_LT_NA_CL_SALTCASH","\\nas\Mail Files\Mailing Lists\01 January 2025\122089_LT_NA_CL_SALTCASH","\\nas\Mail Files\Mailing Lists\01 January 2025\122089_LT_NA_CL_SALTCASH\122089_LT_NA_CL_SALTCASH.csv","102","","0027120615943604776878739483109","2025-01-29T12:48:27.397324","2025-01-29T12:48:27.397324","\\nas\Mail Files\Mailing Lists\01 January 2025\122089_LT_NA_CL_SALTCASH\122089_LT_NA_CL_SALTCASH.csv","494","2025-01-29T12:48:27.397324","0","TX","0","\\nas\Mail Files\Mailing Lists\01 January 2025\122089_LT_NA_CL_SALTCASH\122089_LT_NA_CL_SALTCASH Qual.pdf","122089_LT_NA_CL_SALTCASH Qual.pdf","1738101405.2768292","false","2025-01-28T16:07:31","2025-01-28T16:05:40","122089_LT_NA_CL_SaltCash","122089_LT_NA_CL_SALTCASH","1","3","3","2","400","341","400","341","111","10","JK8CB0C0CFFA32AE4","JK8CB0C0CFFA32AE4-TKE028C224550B58E"
"7000 TRISSINO DR","AUSTIN","TX","78739-1516","RAVI MURUGESHAPPA","122089","122089_LT_NA_CL_SALTCASH","122089_LT_NA_CL_SALTCASH","\\nas\Mail Files\Mailing Lists\01 January 2025\122089_LT_NA_CL_SALTCASH","\\nas\Mail Files\Mailing Lists\01 January 2025\122089_LT_NA_CL_SALTCASH\122089_LT_NA_CL_SALTCASH.csv","103","","0027120615943604776978739151600","2025-01-29T12:48:27.397324","2025-01-29T12:48:27.397324","\\nas\Mail Files\Mailing Lists\01 January 2025\122089_LT_NA_CL_SALTCASH\122089_LT_NA_CL_SALTCASH.csv","494","2025-01-29T12:48:27.397324","0","TX","0","\\nas\Mail Files\Mailing Lists\01 January 2025\122089_LT_NA_CL_SALTCASH\122089_LT_NA_CL_SALTCASH Qual.pdf","122089_LT_NA_CL_SALTCASH Qual.pdf","1738101405.2768292","false","2025-01-28T16:07:31","2025-01-28T16:05:40","122089_LT_NA_CL_SaltCash","122089_LT_NA_CL_SALTCASH","1","3","3","2","400","341","400","341","111","10","JK8CB0C0CFFA32AE4","JK8CB0C0CFFA32AE4-TKE028C224550B58E"
"7817 REGOLIZIA CV","AUSTIN","TX","78739-1499","DOUG LYON","122089","122089_LT_NA_CL_SALTCASH","122089_LT_NA_CL_SALTCASH","\\nas\Mail Files\Mailing Lists\01 January 2025\122089_LT_NA_CL_SALTCASH","\\nas\Mail Files\Mailing Lists\01 January 2025\122089_LT_NA_CL_SALTCASH\122089_LT_NA_CL_SALTCASH.csv","104","","0027120615943604777078739149917","2025-01-29T12:48:27.397324","2025-01-29T12:48:27.397324","\\nas\Mail Files\Mailing Lists\01 January 2025\122089_LT_NA_CL_SALTCASH\122089_LT_NA_CL_SALTCASH.csv","494","2025-01-29T12:48:27.397324","0","TX","0","\\nas\Mail Files\Mailing Lists\01 January 2025\122089_LT_NA_CL_SALTCASH\122089_LT_NA_CL_SALTCASH Qual.pdf","122089_LT_NA_CL_SALTCASH Qual.pdf","1738101405.2768292","false","2025-01-28T16:07:31","2025-01-28T16:05:40","122089_LT_NA_CL_SaltCash","122089_LT_NA_CL_SALTCASH","1","3","3","2","400","341","400","341","111","10","JK8CB0C0CFFA32AE4","JK8CB0C0CFFA32AE4-TKE028C224550B58E"
"16508 LEOPOLD TRL","AUSTIN","TX","78738-4099","ANNA-MARIE PHELPS","122089","122089_LT_NA_CL_SALTCASH","122089_LT_NA_CL_SALTCASH","\\nas\Mail Files\Mailing Lists\01 January 2025\122089_LT_NA_CL_SALTCASH","\\nas\Mail Files\Mailing Lists\01 January 2025\122089_LT_NA_CL_SALTCASH\122089_LT_NA_CL_SALTCASH.csv","105","","0027120615943604777178738409908","2025-01-29T12:48:27.397324","2025-01-29T12:48:27.397324","\\nas\Mail Files\Mailing Lists\01 January 2025\122089_LT_NA_CL_SALTCASH\122089_LT_NA_CL_SALTCASH.csv","494","2025-01-29T12:48:27.397324","0","TX","0","\\nas\Mail Files\Mailing Lists\01 January 2025\122089_LT_NA_CL_SALTCASH\122089_LT_NA_CL_SALTCASH Qual.pdf","122089_LT_NA_CL_SALTCASH Qual.pdf","1738101405.2768292","false","2025-01-28T16:07:31","2025-01-28T16:05:40","122089_LT_NA_CL_SaltCash","122089_LT_NA_CL_SALTCASH","1","3","3","2","400","341","400","341","111","10","JK8CB0C0CFFA32AE4","JK8CB0C0CFFA32AE4-TKE028C224550B58E"
"5209 SPANISH OAKS CLUB BLVD","AUSTIN","TX","78738-6047","CINDY COLE","122089","122089_LT_NA_CL_SALTCASH","122089_LT_NA_CL_SALTCASH","\\nas\Mail Files\Mailing Lists\01 January 2025\122089_LT_NA_CL_SALTCASH","\\nas\Mail Files\Mailing Lists\01 January 2025\122089_LT_NA_CL_SALTCASH\122089_LT_NA_CL_SALTCASH.csv","106","","0027120615943604777278738604709","2025-01-29T12:48:27.397324","2025-01-29T12:48:27.397324","\\nas\Mail Files\Mailing Lists\01 January 2025\122089_LT_NA_CL_SALTCASH\122089_LT_NA_CL_SALTCASH.csv","494","2025-01-29T12:48:27.397324","0","TX","0","\\nas\Mail Files\Mailing Lists\01 January 2025\122089_LT_NA_CL_SALTCASH\122089_LT_NA_CL_SALTCASH Qual.pdf","122089_LT_NA_CL_SALTCASH Qual.pdf","1738101405.2768292","false","2025-01-28T16:07:31","2025-01-28T16:05:40","122089_LT_NA_CL_SaltCash","122089_LT_NA_CL_SALTCASH","1","3","3","2","400","341","400","341","111","10","JK8CB0C0CFFA32AE4","JK8CB0C0CFFA32AE4-TKE028C224550B58E"
"8721 AMBROSIA DR","AUSTIN","TX","78738-4089","KEVIN WISE","122089","122089_LT_NA_CL_SALTCASH","122089_LT_NA_CL_SALTCASH","\\nas\Mail Files\Mailing Lists\01 January 2025\122089_LT_NA_CL_SALTCASH","\\nas\Mail Files\Mailing Lists\01 January 2025\122089_LT_NA_CL_SALTCASH\122089_LT_NA_CL_SALTCASH.csv","107","","0027120615943604777378738408921","2025-01-29T12:48:27.397324","2025-01-29T12:48:27.397324","\\nas\Mail Files\Mailing Lists\01 January 2025\122089_LT_NA_CL_SALTCASH\122089_LT_NA_CL_SALTCASH.csv","494","2025-01-29T12:48:27.397324","0","TX","0","\\nas\Mail Files\Mailing Lists\01 January 2025\122089_LT_NA_CL_SALTCASH\122089_LT_NA_CL_SALTCASH Qual.pdf","122089_LT_NA_CL_SALTCASH Qual.pdf","1738101405.2768292","false","2025-01-28T16:07:31","2025-01-28T16:05:40","122089_LT_NA_CL_SaltCash","122089_LT_NA_CL_SALTCASH","1","3","3","2","400","341","400","341","111","10","JK8CB0C0CFFA32AE4","JK8CB0C0CFFA32AE4-TKE028C224550B58E"
"6 APPLEGREEN LN","THE HILLS","TX","78738-1438","KATHY VEGA","122089","122089_LT_NA_CL_SALTCASH","122089_LT_NA_CL_SALTCASH","\\nas\Mail Files\Mailing Lists\01 January 2025\122089_LT_NA_CL_SALTCASH","\\nas\Mail Files\Mailing Lists\01 January 2025\122089_LT_NA_CL_SALTCASH\122089_LT_NA_CL_SALTCASH.csv","108","","0027120615943604777478738143806","2025-01-29T12:48:27.397324","2025-01-29T12:48:27.397324","\\nas\Mail Files\Mailing Lists\01 January 2025\122089_LT_NA_CL_SALTCASH\122089_LT_NA_CL_SALTCASH.csv","494","2025-01-29T12:48:27.397324","0","TX","0","\\nas\Mail Files\Mailing Lists\01 January 2025\122089_LT_NA_CL_SALTCASH\122089_LT_NA_CL_SALTCASH Qual.pdf","122089_LT_NA_CL_SALTCASH Qual.pdf","1738101405.2768292","false","2025-01-28T16:07:31","2025-01-28T16:05:40","122089_LT_NA_CL_SaltCash","122089_LT_NA_CL_SALTCASH","1","3","3","2","400","341","400","341","111","10","JK8CB0C0CFFA32AE4","JK8CB0C0CFFA32AE4-TKE028C224550B58E"
"12105 MUSKET RIM ST","AUSTIN","TX","78738-6637","PAUL LUNDSTROM","122089","122089_LT_NA_CL_SALTCASH","122089_LT_NA_CL_SALTCASH","\\nas\Mail Files\Mailing Lists\01 January 2025\122089_LT_NA_CL_SALTCASH","\\nas\Mail Files\Mailing Lists\01 January 2025\122089_LT_NA_CL_SALTCASH\122089_LT_NA_CL_SALTCASH.csv","109","","0027120615943604777578738663705","2025-01-29T12:48:27.397324","2025-01-29T12:48:27.397324","\\nas\Mail Files\Mailing Lists\01 January 2025\122089_LT_NA_CL_SALTCASH\122089_LT_NA_CL_SALTCASH.csv","494","2025-01-29T12:48:27.397324","0","TX","0","\\nas\Mail Files\Mailing Lists\01 January 2025\122089_LT_NA_CL_SALTCASH\122089_LT_NA_CL_SALTCASH Qual.pdf","122089_LT_NA_CL_SALTCASH Qual.pdf","1738101405.2768292","false","2025-01-28T16:07:31","2025-01-28T16:05:40","122089_LT_NA_CL_SaltCash","122089_LT_NA_CL_SALTCASH","1","3","3","2","400","341","400","341","111","10","JK8CB0C0CFFA32AE4","JK8CB0C0CFFA32AE4-TKE028C224550B58E"
"3905 SUGARLOAF DR","BEE CAVE","TX","78738-6536","JED BRICKLEY","122089","122089_LT_NA_CL_SALTCASH","122089_LT_NA_CL_SALTCASH","\\nas\Mail Files\Mailing Lists\01 January 2025\122089_LT_NA_CL_SALTCASH","\\nas\Mail Files\Mailing Lists\01 January 2025\122089_LT_NA_CL_SALTCASH\122089_LT_NA_CL_SALTCASH.csv","110","","0027120615943604777678738653605","2025-01-29T12:48:27.397324","2025-01-29T12:48:27.397324","\\nas\Mail Files\Mailing Lists\01 January 2025\122089_LT_NA_CL_SALTCASH\122089_LT_NA_CL_SALTCASH.csv","494","2025-01-29T12:48:27.397324","0","TX","0","\\nas\Mail Files\Mailing Lists\01 January 2025\122089_LT_NA_CL_SALTCASH\122089_LT_NA_CL_SALTCASH Qual.pdf","122089_LT_NA_CL_SALTCASH Qual.pdf","1738101405.2768292","false","2025-01-28T16:07:31","2025-01-28T16:05:40","122089_LT_NA_CL_SaltCash","122089_LT_NA_CL_SALTCASH","1","3","3","2","400","341","400","341","111","10","JK8CB0C0CFFA32AE4","JK8CB0C0CFFA32AE4-TKE028C224550B58E"
"16418 GOLDEN TOP DR","AUSTIN","TX","78738-4138","MARYANN ROYER","122089","122089_LT_NA_CL_SALTCASH","122089_LT_NA_CL_SALTCASH","\\nas\Mail Files\Mailing Lists\01 January 2025\122089_LT_NA_CL_SALTCASH","\\nas\Mail Files\Mailing Lists\01 January 2025\122089_LT_NA_CL_SALTCASH\122089_LT_NA_CL_SALTCASH.csv","111","","0027120615943604777778738413818","2025-01-29T12:48:27.397324","2025-01-29T12:48:27.397324","\\nas\Mail Files\Mailing Lists\01 January 2025\122089_LT_NA_CL_SALTCASH\122089_LT_NA_CL_SALTCASH.csv","494","2025-01-29T12:48:27.397324","0","TX","0","\\nas\Mail Files\Mailing Lists\01 January 2025\122089_LT_NA_CL_SALTCASH\122089_LT_NA_CL_SALTCASH Qual.pdf","122089_LT_NA_CL_SALTCASH Qual.pdf","1738101405.2768292","false","2025-01-28T16:07:31","2025-01-28T16:05:40","122089_LT_NA_CL_SaltCash","122089_LT_NA_CL_SALTCASH","1","3","3","2","400","341","400","341","111","10","JK8CB0C0CFFA32AE4","JK8CB0C0CFFA32AE4-TKE028C224550B58E"
"403 BLACK WOLF RUN","AUSTIN","TX","78738-1764","JULIE SCHNEIDER","122089","122089_LT_NA_CL_SALTCASH","122089_LT_NA_CL_SALTCASH","\\nas\Mail Files\Mailing Lists\01 January 2025\122089_LT_NA_CL_SALTCASH","\\nas\Mail Files\Mailing Lists\01 January 2025\122089_LT_NA_CL_SALTCASH\122089_LT_NA_CL_SALTCASH.csv","112","","0027120615943604777878738176403","2025-01-29T12:48:27.397324","2025-01-29T12:48:27.397324","\\nas\Mail Files\Mailing Lists\01 January 2025\122089_LT_NA_CL_SALTCASH\122089_LT_NA_CL_SALTCASH.csv","494","2025-01-29T12:48:27.397324","0","TX","0","\\nas\Mail Files\Mailing Lists\01 January 2025\122089_LT_NA_CL_SALTCASH\122089_LT_NA_CL_SALTCASH Qual.pdf","122089_LT_NA_CL_SALTCASH Qual.pdf","1738101405.2768292","false","2025-01-28T16:07:31","2025-01-28T16:05:40","122089_LT_NA_CL_SaltCash","122089_LT_NA_CL_SALTCASH","1","3","3","2","400","341","400","341","111","10","JK8CB0C0CFFA32AE4","JK8CB0C0CFFA32AE4-TKE028C224550B58E"
"17204 RUSH PEA CIR","AUSTIN","TX","78738-4043","KEVIN AND LAURA WHEELOCK","122089","122089_LT_NA_CL_SALTCASH","122089_LT_NA_CL_SALTCASH","\\nas\Mail Files\Mailing Lists\01 January 2025\122089_LT_NA_CL_SALTCASH","\\nas\Mail Files\Mailing Lists\01 January 2025\122089_LT_NA_CL_SALTCASH\122089_LT_NA_CL_SALTCASH.csv","113","","0027120615943604777978738404304","2025-01-29T12:48:27.397324","2025-01-29T12:48:27.397324","\\nas\Mail Files\Mailing Lists\01 January 2025\122089_LT_NA_CL_SALTCASH\122089_LT_NA_CL_SALTCASH.csv","494","2025-01-29T12:48:27.397324","0","TX","0","\\nas\Mail Files\Mailing Lists\01 January 2025\122089_LT_NA_CL_SALTCASH\122089_LT_NA_CL_SALTCASH Qual.pdf","122089_LT_NA_CL_SALTCASH Qual.pdf","1738101405.2768292","false","2025-01-28T16:07:31","2025-01-28T16:05:40","122089_LT_NA_CL_SaltCash","122089_LT_NA_CL_SALTCASH","1","3","3","2","400","341","400","341","111","10","JK8CB0C0CFFA32AE4","JK8CB0C0CFFA32AE4-TKE028C224550B58E"
"620 BUENA ONDA WAY","LAKEWAY","TX","78738-4462","FELIX TORRES","122089","122089_LT_NA_CL_SALTCASH","122089_LT_NA_CL_SALTCASH","\\nas\Mail Files\Mailing Lists\01 January 2025\122089_LT_NA_CL_SALTCASH","\\nas\Mail Files\Mailing Lists\01 January 2025\122089_LT_NA_CL_SALTCASH\122089_LT_NA_CL_SALTCASH.csv","114","","0027120615943604778078738446220","2025-01-29T12:48:27.397324","2025-01-29T12:48:27.397324","\\nas\Mail Files\Mailing Lists\01 January 2025\122089_LT_NA_CL_SALTCASH\122089_LT_NA_CL_SALTCASH.csv","494","2025-01-29T12:48:27.397324","0","TX","0","\\nas\Mail Files\Mailing Lists\01 January 2025\122089_LT_NA_CL_SALTCASH\122089_LT_NA_CL_SALTCASH Qual.pdf","122089_LT_NA_CL_SALTCASH Qual.pdf","1738101405.2768292","false","2025-01-28T16:07:31","2025-01-28T16:05:40","122089_LT_NA_CL_SaltCash","122089_LT_NA_CL_SALTCASH","1","3","3","2","400","341","400","341","111","10","JK8CB0C0CFFA32AE4","JK8CB0C0CFFA32AE4-TKE028C224550B58E"
"119 ARIA RDG","LAKEWAY","TX","78738-6595","BENJAMIN IRBY","122089","122089_LT_NA_CL_SALTCASH","122089_LT_NA_CL_SALTCASH","\\nas\Mail Files\Mailing Lists\01 January 2025\122089_LT_NA_CL_SALTCASH","\\nas\Mail Files\Mailing Lists\01 January 2025\122089_LT_NA_CL_SALTCASH\122089_LT_NA_CL_SALTCASH.csv","115","","0027120615943604778178738659519","2025-01-29T12:48:27.397324","2025-01-29T12:48:27.397324","\\nas\Mail Files\Mailing Lists\01 January 2025\122089_LT_NA_CL_SALTCASH\122089_LT_NA_CL_SALTCASH.csv","494","2025-01-29T12:48:27.397324","0","TX","0","\\nas\Mail Files\Mailing Lists\01 January 2025\122089_LT_NA_CL_SALTCASH\122089_LT_NA_CL_SALTCASH Qual.pdf","122089_LT_NA_CL_SALTCASH Qual.pdf","1738101405.2768292","false","2025-01-28T16:07:31","2025-01-28T16:05:40","122089_LT_NA_CL_SaltCash","122089_LT_NA_CL_SALTCASH","1","3","3","2","400","341","400","341","111","10","JK8CB0C0CFFA32AE4","JK8CB0C0CFFA32AE4-TKE028C224550B58E"
"8501 BOUVREUIL DR","AUSTIN","TX","78738-4508","JO ANN ANDREWS","122089","122089_LT_NA_CL_SALTCASH","122089_LT_NA_CL_SALTCASH","\\nas\Mail Files\Mailing Lists\01 January 2025\122089_LT_NA_CL_SALTCASH","\\nas\Mail Files\Mailing Lists\01 January 2025\122089_LT_NA_CL_SALTCASH\122089_LT_NA_CL_SALTCASH.csv","116","","0027120615943604778278738450801","2025-01-29T12:48:27.397324","2025-01-29T12:48:27.397324","\\nas\Mail Files\Mailing Lists\01 January 2025\122089_LT_NA_CL_SALTCASH\122089_LT_NA_CL_SALTCASH.csv","494","2025-01-29T12:48:27.397324","0","TX","0","\\nas\Mail Files\Mailing Lists\01 January 2025\122089_LT_NA_CL_SALTCASH\122089_LT_NA_CL_SALTCASH Qual.pdf","122089_LT_NA_CL_SALTCASH Qual.pdf","1738101405.2768292","false","2025-01-28T16:07:31","2025-01-28T16:05:40","122089_LT_NA_CL_SaltCash","122089_LT_NA_CL_SALTCASH","1","3","3","2","400","341","400","341","111","10","JK8CB0C0CFFA32AE4","JK8CB0C0CFFA32AE4-TKE028C224550B58E"
"420 CARTWHEEL BND","VLG O THE HLS","TX","78738-1160","PAULA HALE","122089","122089_LT_NA_CL_SALTCASH","122089_LT_NA_CL_SALTCASH","\\nas\Mail Files\Mailing Lists\01 January 2025\122089_LT_NA_CL_SALTCASH","\\nas\Mail Files\Mailing Lists\01 January 2025\122089_LT_NA_CL_SALTCASH\122089_LT_NA_CL_SALTCASH.csv","117","","0027120615943604778378738116020","2025-01-29T12:48:27.397324","2025-01-29T12:48:27.397324","\\nas\Mail Files\Mailing Lists\01 January 2025\122089_LT_NA_CL_SALTCASH\122089_LT_NA_CL_SALTCASH.csv","494","2025-01-29T12:48:27.397324","0","TX","0","\\nas\Mail Files\Mailing Lists\01 January 2025\122089_LT_NA_CL_SALTCASH\122089_LT_NA_CL_SALTCASH Qual.pdf","122089_LT_NA_CL_SALTCASH Qual.pdf","1738101405.2768292","false","2025-01-28T16:07:31","2025-01-28T16:05:40","122089_LT_NA_CL_SaltCash","122089_LT_NA_CL_SALTCASH","1","3","3","2","400","341","400","341","111","10","JK8CB0C0CFFA32AE4","JK8CB0C0CFFA32AE4-TKE028C224550B58E"
"130 MANCHESTER LN","AUSTIN","TX","78737-4552","JENNIFER DUKE","122089","122089_LT_NA_CL_SALTCASH","122089_LT_NA_CL_SALTCASH","\\nas\Mail Files\Mailing Lists\01 January 2025\122089_LT_NA_CL_SALTCASH","\\nas\Mail Files\Mailing Lists\01 January 2025\122089_LT_NA_CL_SALTCASH\122089_LT_NA_CL_SALTCASH.csv","118","","0027120615943604778478737455230","2025-01-29T12:48:27.397324","2025-01-29T12:48:27.397324","\\nas\Mail Files\Mailing Lists\01 January 2025\122089_LT_NA_CL_SALTCASH\122089_LT_NA_CL_SALTCASH.csv","494","2025-01-29T12:48:27.397324","0","TX","0","\\nas\Mail Files\Mailing Lists\01 January 2025\122089_LT_NA_CL_SALTCASH\122089_LT_NA_CL_SALTCASH Qual.pdf","122089_LT_NA_CL_SALTCASH Qual.pdf","1738101405.2768292","false","2025-01-28T16:07:31","2025-01-28T16:05:40","122089_LT_NA_CL_SaltCash","122089_LT_NA_CL_SALTCASH","1","3","3","2","400","341","400","341","111","10","JK8CB0C0CFFA32AE4","JK8CB0C0CFFA32AE4-TKE028C224550B58E"
"8708 SOUTH VIEW RD","AUSTIN","TX","78737-1243","DAVE DEITERING","122089","122089_LT_NA_CL_SALTCASH","122089_LT_NA_CL_SALTCASH","\\nas\Mail Files\Mailing Lists\01 January 2025\122089_LT_NA_CL_SALTCASH","\\nas\Mail Files\Mailing Lists\01 January 2025\122089_LT_NA_CL_SALTCASH\122089_LT_NA_CL_SALTCASH.csv","119","","0027120615943604778578737124308","2025-01-29T12:48:27.397324","2025-01-29T12:48:27.397324","\\nas\Mail Files\Mailing Lists\01 January 2025\122089_LT_NA_CL_SALTCASH\122089_LT_NA_CL_SALTCASH.csv","494","2025-01-29T12:48:27.397324","0","TX","0","\\nas\Mail Files\Mailing Lists\01 January 2025\122089_LT_NA_CL_SALTCASH\122089_LT_NA_CL_SALTCASH Qual.pdf","122089_LT_NA_CL_SALTCASH Qual.pdf","1738101405.2768292","false","2025-01-28T16:07:31","2025-01-28T16:05:40","122089_LT_NA_CL_SaltCash","122089_LT_NA_CL_SALTCASH","1","3","3","2","400","341","400","341","111","10","JK8CB0C0CFFA32AE4","JK8CB0C0CFFA32AE4-TKE028C224550B58E"
"32 LONGWOOD RD","AUSTIN","TX","78737-9305","JIM THOMPSON","122089","122089_LT_NA_CL_SALTCASH","122089_LT_NA_CL_SALTCASH","\\nas\Mail Files\Mailing Lists\01 January 2025\122089_LT_NA_CL_SALTCASH","\\nas\Mail Files\Mailing Lists\01 January 2025\122089_LT_NA_CL_SALTCASH\122089_LT_NA_CL_SALTCASH.csv","120","","0027120615943604778678737930532","2025-01-29T12:48:27.397324","2025-01-29T12:48:27.397324","\\nas\Mail Files\Mailing Lists\01 January 2025\122089_LT_NA_CL_SALTCASH\122089_LT_NA_CL_SALTCASH.csv","494","2025-01-29T12:48:27.397324","0","TX","0","\\nas\Mail Files\Mailing Lists\01 January 2025\122089_LT_NA_CL_SALTCASH\122089_LT_NA_CL_SALTCASH Qual.pdf","122089_LT_NA_CL_SALTCASH Qual.pdf","1738101405.2768292","false","2025-01-28T16:07:31","2025-01-28T16:05:40","122089_LT_NA_CL_SaltCash","122089_LT_NA_CL_SALTCASH","1","3","3","2","400","341","400","341","111","10","JK8CB0C0CFFA32AE4","JK8CB0C0CFFA32AE4-TKE028C224550B58E"
"6934 CHINOOK DR","AUSTIN","TX","78736-1802","MANVEER GREWAL","122089","122089_LT_NA_CL_SALTCASH","122089_LT_NA_CL_SALTCASH","\\nas\Mail Files\Mailing Lists\01 January 2025\122089_LT_NA_CL_SALTCASH","\\nas\Mail Files\Mailing Lists\01 January 2025\122089_LT_NA_CL_SALTCASH\122089_LT_NA_CL_SALTCASH.csv","121","","0027120615943604778778736180234","2025-01-29T12:48:27.397324","2025-01-29T12:48:27.397324","\\nas\Mail Files\Mailing Lists\01 January 2025\122089_LT_NA_CL_SALTCASH\122089_LT_NA_CL_SALTCASH.csv","494","2025-01-29T12:48:27.397324","0","TX","0","\\nas\Mail Files\Mailing Lists\01 January 2025\122089_LT_NA_CL_SALTCASH\122089_LT_NA_CL_SALTCASH Qual.pdf","122089_LT_NA_CL_SALTCASH Qual.pdf","1738101405.2768292","false","2025-01-28T16:07:31","2025-01-28T16:05:40","122089_LT_NA_CL_SaltCash","122089_LT_NA_CL_SALTCASH","1","3","3","2","400","341","400","341","111","10","JK8CB0C0CFFA32AE4","JK8CB0C0CFFA32AE4-TKE028C224550B58E"
"7701 LENAPE TRL","AUSTIN","TX","78736-2854","JULIE HINDMAN","122089","122089_LT_NA_CL_SALTCASH","122089_LT_NA_CL_SALTCASH","\\nas\Mail Files\Mailing Lists\01 January 2025\122089_LT_NA_CL_SALTCASH","\\nas\Mail Files\Mailing Lists\01 January 2025\122089_LT_NA_CL_SALTCASH\122089_LT_NA_CL_SALTCASH.csv","122","","0027120615943604778878736285401","2025-01-29T12:48:27.397324","2025-01-29T12:48:27.397324","\\nas\Mail Files\Mailing Lists\01 January 2025\122089_LT_NA_CL_SALTCASH\122089_LT_NA_CL_SALTCASH.csv","494","2025-01-29T12:48:27.397324","0","TX","0","\\nas\Mail Files\Mailing Lists\01 January 2025\122089_LT_NA_CL_SALTCASH\122089_LT_NA_CL_SALTCASH Qual.pdf","122089_LT_NA_CL_SALTCASH Qual.pdf","1738101405.2768292","false","2025-01-28T16:07:31","2025-01-28T16:05:40","122089_LT_NA_CL_SaltCash","122089_LT_NA_CL_SALTCASH","1","3","3","2","400","341","400","341","111","10","JK8CB0C0CFFA32AE4","JK8CB0C0CFFA32AE4-TKE028C224550B58E"
"3405 WINDING CREEK DR","AUSTIN","TX","78735-1478","KIRK GOLINGHORST","122089","122089_LT_NA_CL_SALTCASH","122089_LT_NA_CL_SALTCASH","\\nas\Mail Files\Mailing Lists\01 January 2025\122089_LT_NA_CL_SALTCASH","\\nas\Mail Files\Mailing Lists\01 January 2025\122089_LT_NA_CL_SALTCASH\122089_LT_NA_CL_SALTCASH.csv","123","","0027120615943604778978735147805","2025-01-29T12:48:27.397324","2025-01-29T12:48:27.397324","\\nas\Mail Files\Mailing Lists\01 January 2025\122089_LT_NA_CL_SALTCASH\122089_LT_NA_CL_SALTCASH.csv","494","2025-01-29T12:48:27.397324","0","TX","0","\\nas\Mail Files\Mailing Lists\01 January 2025\122089_LT_NA_CL_SALTCASH\122089_LT_NA_CL_SALTCASH Qual.pdf","122089_LT_NA_CL_SALTCASH Qual.pdf","1738101405.2768292","false","2025-01-28T16:07:31","2025-01-28T16:05:40","122089_LT_NA_CL_SaltCash","122089_LT_NA_CL_SALTCASH","1","3","3","2","400","341","400","341","111","10","JK8CB0C0CFFA32AE4","JK8CB0C0CFFA32AE4-TKE028C224550B58E"
"7726 SANDIA LOOP","AUSTIN","TX","78735-1517","SUSAN HEALY","122089","122089_LT_NA_CL_SALTCASH","122089_LT_NA_CL_SALTCASH","\\nas\Mail Files\Mailing Lists\01 January 2025\122089_LT_NA_CL_SALTCASH","\\nas\Mail Files\Mailing Lists\01 January 2025\122089_LT_NA_CL_SALTCASH\122089_LT_NA_CL_SALTCASH.csv","124","","0027120615943604779078735151726","2025-01-29T12:48:27.397324","2025-01-29T12:48:27.397324","\\nas\Mail Files\Mailing Lists\01 January 2025\122089_LT_NA_CL_SALTCASH\122089_LT_NA_CL_SALTCASH.csv","494","2025-01-29T12:48:27.397324","0","TX","0","\\nas\Mail Files\Mailing Lists\01 January 2025\122089_LT_NA_CL_SALTCASH\122089_LT_NA_CL_SALTCASH Qual.pdf","122089_LT_NA_CL_SALTCASH Qual.pdf","1738101405.2768292","false","2025-01-28T16:07:31","2025-01-28T16:05:40","122089_LT_NA_CL_SaltCash","122089_LT_NA_CL_SALTCASH","1","3","3","2","400","341","400","341","111","10","JK8CB0C0CFFA32AE4","JK8CB0C0CFFA32AE4-TKE028C224550B58E"
"2309 SWIRLING WIND CV","AUSTIN","TX","78735-1564","JORGE BERMUDEZ","122089","122089_LT_NA_CL_SALTCASH","122089_LT_NA_CL_SALTCASH","\\nas\Mail Files\Mailing Lists\01 January 2025\122089_LT_NA_CL_SALTCASH","\\nas\Mail Files\Mailing Lists\01 January 2025\122089_LT_NA_CL_SALTCASH\122089_LT_NA_CL_SALTCASH.csv","125","","0027120615943604779178735156409","2025-01-29T12:48:27.397324","2025-01-29T12:48:27.397324","\\nas\Mail Files\Mailing Lists\01 January 2025\122089_LT_NA_CL_SALTCASH\122089_LT_NA_CL_SALTCASH.csv","494","2025-01-29T12:48:27.397324","0","TX","0","\\nas\Mail Files\Mailing Lists\01 January 2025\122089_LT_NA_CL_SALTCASH\122089_LT_NA_CL_SALTCASH Qual.pdf","122089_LT_NA_CL_SALTCASH Qual.pdf","1738101405.2768292","false","2025-01-28T16:07:31","2025-01-28T16:05:40","122089_LT_NA_CL_SaltCash","122089_LT_NA_CL_SALTCASH","1","3","3","2","400","341","400","341","111","10","JK8CB0C0CFFA32AE4","JK8CB0C0CFFA32AE4-TKE028C224550B58E"
"8705 MENDOCINO DR","AUSTIN","TX","78735-1421","DAVID BOCK","122089","122089_LT_NA_CL_SALTCASH","122089_LT_NA_CL_SALTCASH","\\nas\Mail Files\Mailing Lists\01 January 2025\122089_LT_NA_CL_SALTCASH","\\nas\Mail Files\Mailing Lists\01 January 2025\122089_LT_NA_CL_SALTCASH\122089_LT_NA_CL_SALTCASH.csv","126","","0027120615943604779278735142105","2025-01-29T12:48:27.397324","2025-01-29T12:48:27.397324","\\nas\Mail Files\Mailing Lists\01 January 2025\122089_LT_NA_CL_SALTCASH\122089_LT_NA_CL_SALTCASH.csv","494","2025-01-29T12:48:27.397324","0","TX","0","\\nas\Mail Files\Mailing Lists\01 January 2025\122089_LT_NA_CL_SALTCASH\122089_LT_NA_CL_SALTCASH Qual.pdf","122089_LT_NA_CL_SALTCASH Qual.pdf","1738101405.2768292","false","2025-01-28T16:07:31","2025-01-28T16:05:40","122089_LT_NA_CL_SaltCash","122089_LT_NA_CL_SALTCASH","1","3","3","2","400","341","400","341","111","10","JK8CB0C0CFFA32AE4","JK8CB0C0CFFA32AE4-TKE028C224550B58E"
"7921 YELLOW THISTLE TRL","AUSTIN","TX","78735-2101","REGAN WIESNER","122089","122089_LT_NA_CL_SALTCASH","122089_LT_NA_CL_SALTCASH","\\nas\Mail Files\Mailing Lists\01 January 2025\122089_LT_NA_CL_SALTCASH","\\nas\Mail Files\Mailing Lists\01 January 2025\122089_LT_NA_CL_SALTCASH\122089_LT_NA_CL_SALTCASH.csv","127","","0027120615943604779378735210121","2025-01-29T12:48:27.397324","2025-01-29T12:48:27.397324","\\nas\Mail Files\Mailing Lists\01 January 2025\122089_LT_NA_CL_SALTCASH\122089_LT_NA_CL_SALTCASH.csv","494","2025-01-29T12:48:27.397324","0","TX","0","\\nas\Mail Files\Mailing Lists\01 January 2025\122089_LT_NA_CL_SALTCASH\122089_LT_NA_CL_SALTCASH Qual.pdf","122089_LT_NA_CL_SALTCASH Qual.pdf","1738101405.2768292","false","2025-01-28T16:07:31","2025-01-28T16:05:40","122089_LT_NA_CL_SaltCash","122089_LT_NA_CL_SALTCASH","1","3","3","2","400","341","400","341","111","10","JK8CB0C0CFFA32AE4","JK8CB0C0CFFA32AE4-TKE028C224550B58E"
"5905 QUERNUS CV","AUSTIN","TX","78735-5402","JULIE WHITMARSH","122089","122089_LT_NA_CL_SALTCASH","122089_LT_NA_CL_SALTCASH","\\nas\Mail Files\Mailing Lists\01 January 2025\122089_LT_NA_CL_SALTCASH","\\nas\Mail Files\Mailing Lists\01 January 2025\122089_LT_NA_CL_SALTCASH\122089_LT_NA_CL_SALTCASH.csv","128","","0027120615943604779478735540205","2025-01-29T12:48:27.397324","2025-01-29T12:48:27.397324","\\nas\Mail Files\Mailing Lists\01 January 2025\122089_LT_NA_CL_SALTCASH\122089_LT_NA_CL_SALTCASH.csv","494","2025-01-29T12:48:27.397324","0","TX","0","\\nas\Mail Files\Mailing Lists\01 January 2025\122089_LT_NA_CL_SALTCASH\122089_LT_NA_CL_SALTCASH Qual.pdf","122089_LT_NA_CL_SALTCASH Qual.pdf","1738101405.2768292","false","2025-01-28T16:07:31","2025-01-28T16:05:40","122089_LT_NA_CL_SaltCash","122089_LT_NA_CL_SALTCASH","1","3","3","2","400","341","400","341","111","10","JK8CB0C0CFFA32AE4","JK8CB0C0CFFA32AE4-TKE028C224550B58E"
"3101 SWEET GUM CV","AUSTIN","TX","78735-1536","ROBERT PHIPPS","122089","122089_LT_NA_CL_SALTCASH","122089_LT_NA_CL_SALTCASH","\\nas\Mail Files\Mailing Lists\01 January 2025\122089_LT_NA_CL_SALTCASH","\\nas\Mail Files\Mailing Lists\01 January 2025\122089_LT_NA_CL_SALTCASH\122089_LT_NA_CL_SALTCASH.csv","129","","0027120615943604779578735153601","2025-01-29T12:48:27.397324","2025-01-29T12:48:27.397324","\\nas\Mail Files\Mailing Lists\01 January 2025\122089_LT_NA_CL_SALTCASH\122089_LT_NA_CL_SALTCASH.csv","494","2025-01-29T12:48:27.397324","0","TX","0","\\nas\Mail Files\Mailing Lists\01 January 2025\122089_LT_NA_CL_SALTCASH\122089_LT_NA_CL_SALTCASH Qual.pdf","122089_LT_NA_CL_SALTCASH Qual.pdf","1738101405.2768292","false","2025-01-28T16:07:31","2025-01-28T16:05:40","122089_LT_NA_CL_SaltCash","122089_LT_NA_CL_SALTCASH","1","3","3","2","400","341","400","341","111","10","JK8CB0C0CFFA32AE4","JK8CB0C0CFFA32AE4-TKE028C224550B58E"
"7800 SOUTHWEST PKWY","AUSTIN","TX","78735-6113","WALLY TAYLOR","122089","122089_LT_NA_CL_SALTCASH","122089_LT_NA_CL_SALTCASH","\\nas\Mail Files\Mailing Lists\01 January 2025\122089_LT_NA_CL_SALTCASH","\\nas\Mail Files\Mailing Lists\01 January 2025\122089_LT_NA_CL_SALTCASH\122089_LT_NA_CL_SALTCASH.csv","130","","0027120615943604779678735611399","2025-01-29T12:48:27.397324","2025-01-29T12:48:27.397324","\\nas\Mail Files\Mailing Lists\01 January 2025\122089_LT_NA_CL_SALTCASH\122089_LT_NA_CL_SALTCASH.csv","494","2025-01-29T12:48:27.397324","0","TX","0","\\nas\Mail Files\Mailing Lists\01 January 2025\122089_LT_NA_CL_SALTCASH\122089_LT_NA_CL_SALTCASH Qual.pdf","122089_LT_NA_CL_SALTCASH Qual.pdf","1738101405.2768292","false","2025-01-28T16:07:31","2025-01-28T16:05:40","122089_LT_NA_CL_SaltCash","122089_LT_NA_CL_SALTCASH","1","3","3","2","400","341","400","341","111","10","JK8CB0C0CFFA32AE4","JK8CB0C0CFFA32AE4-TKE028C224550B58E"
"8800 MENDOCINO DR","AUSTIN","TX","78735-1425","WILLIAM SHEPHARD","122089","122089_LT_NA_CL_SALTCASH","122089_LT_NA_CL_SALTCASH","\\nas\Mail Files\Mailing Lists\01 January 2025\122089_LT_NA_CL_SALTCASH","\\nas\Mail Files\Mailing Lists\01 January 2025\122089_LT_NA_CL_SALTCASH\122089_LT_NA_CL_SALTCASH.csv","131","","0027120615943604779778735142500","2025-01-29T12:48:27.397324","2025-01-29T12:48:27.397324","\\nas\Mail Files\Mailing Lists\01 January 2025\122089_LT_NA_CL_SALTCASH\122089_LT_NA_CL_SALTCASH.csv","494","2025-01-29T12:48:27.397324","0","TX","0","\\nas\Mail Files\Mailing Lists\01 January 2025\122089_LT_NA_CL_SALTCASH\122089_LT_NA_CL_SALTCASH Qual.pdf","122089_LT_NA_CL_SALTCASH Qual.pdf","1738101405.2768292","false","2025-01-28T16:07:31","2025-01-28T16:05:40","122089_LT_NA_CL_SaltCash","122089_LT_NA_CL_SALTCASH","1","3","3","2","400","341","400","341","111","10","JK8CB0C0CFFA32AE4","JK8CB0C0CFFA32AE4-TKE028C224550B58E"
"7901 SOUTHWEST PKWY","AUSTIN","TX","78735-8947","LOUISA KASPER","122089","122089_LT_NA_CL_SALTCASH","122089_LT_NA_CL_SALTCASH","\\nas\Mail Files\Mailing Lists\01 January 2025\122089_LT_NA_CL_SALTCASH","\\nas\Mail Files\Mailing Lists\01 January 2025\122089_LT_NA_CL_SALTCASH\122089_LT_NA_CL_SALTCASH.csv","132","","0027120615943604779878735894799","2025-01-29T12:48:27.397324","2025-01-29T12:48:27.397324","\\nas\Mail Files\Mailing Lists\01 January 2025\122089_LT_NA_CL_SALTCASH\122089_LT_NA_CL_SALTCASH.csv","494","2025-01-29T12:48:27.397324","0","TX","0","\\nas\Mail Files\Mailing Lists\01 January 2025\122089_LT_NA_CL_SALTCASH\122089_LT_NA_CL_SALTCASH Qual.pdf","122089_LT_NA_CL_SALTCASH Qual.pdf","1738101405.2768292","false","2025-01-28T16:07:31","2025-01-28T16:05:40","122089_LT_NA_CL_SaltCash","122089_LT_NA_CL_SALTCASH","1","3","3","2","400","341","400","341","111","10","JK8CB0C0CFFA32AE4","JK8CB0C0CFFA32AE4-TKE028C224550B58E"
"308 DUCK LAKE DR","LAKEWAY","TX","78734-4505","VIRGIL AND BEVERLY GOULD","122089","122089_LT_NA_CL_SALTCASH","122089_LT_NA_CL_SALTCASH","\\nas\Mail Files\Mailing Lists\01 January 2025\122089_LT_NA_CL_SALTCASH","\\nas\Mail Files\Mailing Lists\01 January 2025\122089_LT_NA_CL_SALTCASH\122089_LT_NA_CL_SALTCASH.csv","133","","0027120615943604779978734450508","2025-01-29T12:48:27.397324","2025-01-29T12:48:27.397324","\\nas\Mail Files\Mailing Lists\01 January 2025\122089_LT_NA_CL_SALTCASH\122089_LT_NA_CL_SALTCASH.csv","494","2025-01-29T12:48:27.397324","0","TX","0","\\nas\Mail Files\Mailing Lists\01 January 2025\122089_LT_NA_CL_SALTCASH\122089_LT_NA_CL_SALTCASH Qual.pdf","122089_LT_NA_CL_SALTCASH Qual.pdf","1738101405.2768292","false","2025-01-28T16:07:31","2025-01-28T16:05:40","122089_LT_NA_CL_SaltCash","122089_LT_NA_CL_SALTCASH","1","3","3","2","400","341","400","341","111","10","JK8CB0C0CFFA32AE4","JK8CB0C0CFFA32AE4-TKE028C224550B58E"
"211 STOWAWAY CV","LAKEWAY","TX","78734-4070","DENNIS SNEAD","122089","122089_LT_NA_CL_SALTCASH","122089_LT_NA_CL_SALTCASH","\\nas\Mail Files\Mailing Lists\01 January 2025\122089_LT_NA_CL_SALTCASH","\\nas\Mail Files\Mailing Lists\01 January 2025\122089_LT_NA_CL_SALTCASH\122089_LT_NA_CL_SALTCASH.csv","134","","0027120615943604780078734407099","2025-01-29T12:48:27.397324","2025-01-29T12:48:27.397324","\\nas\Mail Files\Mailing Lists\01 January 2025\122089_LT_NA_CL_SALTCASH\122089_LT_NA_CL_SALTCASH.csv","494","2025-01-29T12:48:27.397324","0","TX","0","\\nas\Mail Files\Mailing Lists\01 January 2025\122089_LT_NA_CL_SALTCASH\122089_LT_NA_CL_SALTCASH Qual.pdf","122089_LT_NA_CL_SALTCASH Qual.pdf","1738101405.2768292","false","2025-01-28T16:07:31","2025-01-28T16:05:40","122089_LT_NA_CL_SaltCash","122089_LT_NA_CL_SALTCASH","1","3","3","2","400","341","400","341","111","10","JK8CB0C0CFFA32AE4","JK8CB0C0CFFA32AE4-TKE028C224550B58E"
"2918 RANCH ROAD 620 N","AUSTIN","TX","78734-2258","ANGELA HALE","122089","122089_LT_NA_CL_SALTCASH","122089_LT_NA_CL_SALTCASH","\\nas\Mail Files\Mailing Lists\01 January 2025\122089_LT_NA_CL_SALTCASH","\\nas\Mail Files\Mailing Lists\01 January 2025\122089_LT_NA_CL_SALTCASH\122089_LT_NA_CL_SALTCASH.csv","135","","0027120615943604780178734225899","2025-01-29T12:48:27.397324","2025-01-29T12:48:27.397324","\\nas\Mail Files\Mailing Lists\01 January 2025\122089_LT_NA_CL_SALTCASH\122089_LT_NA_CL_SALTCASH.csv","494","2025-01-29T12:48:27.397324","0","TX","0","\\nas\Mail Files\Mailing Lists\01 January 2025\122089_LT_NA_CL_SALTCASH\122089_LT_NA_CL_SALTCASH Qual.pdf","122089_LT_NA_CL_SALTCASH Qual.pdf","1738101405.2768292","false","2025-01-28T16:07:31","2025-01-28T16:05:40","122089_LT_NA_CL_SaltCash","122089_LT_NA_CL_SALTCASH","1","3","3","2","400","341","400","341","111","10","JK8CB0C0CFFA32AE4","JK8CB0C0CFFA32AE4-TKE028C224550B58E"
"4316 LAKEWAY BLVD","AUSTIN","TX","78734-5018","LISA CLARK","122089","122089_LT_NA_CL_SALTCASH","122089_LT_NA_CL_SALTCASH","\\nas\Mail Files\Mailing Lists\01 January 2025\122089_LT_NA_CL_SALTCASH","\\nas\Mail Files\Mailing Lists\01 January 2025\122089_LT_NA_CL_SALTCASH\122089_LT_NA_CL_SALTCASH.csv","136","","0027120615943604780278734501816","2025-01-29T12:48:27.397324","2025-01-29T12:48:27.397324","\\nas\Mail Files\Mailing Lists\01 January 2025\122089_LT_NA_CL_SALTCASH\122089_LT_NA_CL_SALTCASH.csv","494","2025-01-29T12:48:27.397324","0","TX","0","\\nas\Mail Files\Mailing Lists\01 January 2025\122089_LT_NA_CL_SALTCASH\122089_LT_NA_CL_SALTCASH Qual.pdf","122089_LT_NA_CL_SALTCASH Qual.pdf","1738101405.2768292","false","2025-01-28T16:07:31","2025-01-28T16:05:40","122089_LT_NA_CL_SaltCash","122089_LT_NA_CL_SALTCASH","1","3","3","2","400","341","400","341","111","10","JK8CB0C0CFFA32AE4","JK8CB0C0CFFA32AE4-TKE028C224550B58E"
"9408 SCENIC BLUFF DR","AUSTIN","TX","78733-6025","BRON JOHNSTON","122089","122089_LT_NA_CL_SALTCASH","122089_LT_NA_CL_SALTCASH","\\nas\Mail Files\Mailing Lists\01 January 2025\122089_LT_NA_CL_SALTCASH","\\nas\Mail Files\Mailing Lists\01 January 2025\122089_LT_NA_CL_SALTCASH\122089_LT_NA_CL_SALTCASH.csv","137","","0027120615943604780378733602508","2025-01-29T12:48:27.397324","2025-01-29T12:48:27.397324","\\nas\Mail Files\Mailing Lists\01 January 2025\122089_LT_NA_CL_SALTCASH\122089_LT_NA_CL_SALTCASH.csv","494","2025-01-29T12:48:27.397324","0","TX","0","\\nas\Mail Files\Mailing Lists\01 January 2025\122089_LT_NA_CL_SALTCASH\122089_LT_NA_CL_SALTCASH Qual.pdf","122089_LT_NA_CL_SALTCASH Qual.pdf","1738101405.2768292","false","2025-01-28T16:07:31","2025-01-28T16:05:40","122089_LT_NA_CL_SaltCash","122089_LT_NA_CL_SALTCASH","1","3","3","2","400","341","400","341","111","10","JK8CB0C0CFFA32AE4","JK8CB0C0CFFA32AE4-TKE028C224550B58E"
"457 BRANDON WAY","AUSTIN","TX","78733-3272","SCOTT RANEY","122089","122089_LT_NA_CL_SALTCASH","122089_LT_NA_CL_SALTCASH","\\nas\Mail Files\Mailing Lists\01 January 2025\122089_LT_NA_CL_SALTCASH","\\nas\Mail Files\Mailing Lists\01 January 2025\122089_LT_NA_CL_SALTCASH\122089_LT_NA_CL_SALTCASH.csv","138","","0027120615943604780478733327257","2025-01-29T12:48:27.397324","2025-01-29T12:48:27.397324","\\nas\Mail Files\Mailing Lists\01 January 2025\122089_LT_NA_CL_SALTCASH\122089_LT_NA_CL_SALTCASH.csv","494","2025-01-29T12:48:27.397324","0","TX","0","\\nas\Mail Files\Mailing Lists\01 January 2025\122089_LT_NA_CL_SALTCASH\122089_LT_NA_CL_SALTCASH Qual.pdf","122089_LT_NA_CL_SALTCASH Qual.pdf","1738101405.2768292","false","2025-01-28T16:07:31","2025-01-28T16:05:40","122089_LT_NA_CL_SaltCash","122089_LT_NA_CL_SALTCASH","1","3","3","2","400","341","400","341","111","10","JK8CB0C0CFFA32AE4","JK8CB0C0CFFA32AE4-TKE028C224550B58E"
"9283 SCENIC BLUFF DR","AUSTIN","TX","78733-6022","ALLEN BRISCH","122089","122089_LT_NA_CL_SALTCASH","122089_LT_NA_CL_SALTCASH","\\nas\Mail Files\Mailing Lists\01 January 2025\122089_LT_NA_CL_SALTCASH","\\nas\Mail Files\Mailing Lists\01 January 2025\122089_LT_NA_CL_SALTCASH\122089_LT_NA_CL_SALTCASH.csv","139","","0027120615943604780578733602283","2025-01-29T12:48:27.397324","2025-01-29T12:48:27.397324","\\nas\Mail Files\Mailing Lists\01 January 2025\122089_LT_NA_CL_SALTCASH\122089_LT_NA_CL_SALTCASH.csv","494","2025-01-29T12:48:27.397324","0","TX","0","\\nas\Mail Files\Mailing Lists\01 January 2025\122089_LT_NA_CL_SALTCASH\122089_LT_NA_CL_SALTCASH Qual.pdf","122089_LT_NA_CL_SALTCASH Qual.pdf","1738101405.2768292","false","2025-01-28T16:07:31","2025-01-28T16:05:40","122089_LT_NA_CL_SaltCash","122089_LT_NA_CL_SALTCASH","1","3","3","2","400","341","400","341","111","10","JK8CB0C0CFFA32AE4","JK8CB0C0CFFA32AE4-TKE028C224550B58E"
"12900 MONTE CASTILLO PKWY","AUSTIN","TX","78732-1633","PAUL TOZOUR","122089","122089_LT_NA_CL_SALTCASH","122089_LT_NA_CL_SALTCASH","\\nas\Mail Files\Mailing Lists\01 January 2025\122089_LT_NA_CL_SALTCASH","\\nas\Mail Files\Mailing Lists\01 January 2025\122089_LT_NA_CL_SALTCASH\122089_LT_NA_CL_SALTCASH.csv","140","","0027120615943604780678732163300","2025-01-29T12:48:27.397324","2025-01-29T12:48:27.397324","\\nas\Mail Files\Mailing Lists\01 January 2025\122089_LT_NA_CL_SALTCASH\122089_LT_NA_CL_SALTCASH.csv","494","2025-01-29T12:48:27.397324","0","TX","0","\\nas\Mail Files\Mailing Lists\01 January 2025\122089_LT_NA_CL_SALTCASH\122089_LT_NA_CL_SALTCASH Qual.pdf","122089_LT_NA_CL_SALTCASH Qual.pdf","1738101405.2768292","false","2025-01-28T16:07:31","2025-01-28T16:05:40","122089_LT_NA_CL_SaltCash","122089_LT_NA_CL_SALTCASH","1","3","3","2","400","341","400","341","111","10","JK8CB0C0CFFA32AE4","JK8CB0C0CFFA32AE4-TKE028C224550B58E"
"1601 LAKECLIFF HILLS LN","AUSTIN","TX","78732-2437","JOHN FERGUSON","122089","122089_LT_NA_CL_SALTCASH","122089_LT_NA_CL_SALTCASH","\\nas\Mail Files\Mailing Lists\01 January 2025\122089_LT_NA_CL_SALTCASH","\\nas\Mail Files\Mailing Lists\01 January 2025\122089_LT_NA_CL_SALTCASH\122089_LT_NA_CL_SALTCASH.csv","141","","0027120615943604780778732243701","2025-01-29T12:48:27.397324","2025-01-29T12:48:27.397324","\\nas\Mail Files\Mailing Lists\01 January 2025\122089_LT_NA_CL_SALTCASH\122089_LT_NA_CL_SALTCASH.csv","494","2025-01-29T12:48:27.397324","0","TX","0","\\nas\Mail Files\Mailing Lists\01 January 2025\122089_LT_NA_CL_SALTCASH\122089_LT_NA_CL_SALTCASH Qual.pdf","122089_LT_NA_CL_SALTCASH Qual.pdf","1738101405.2768292","false","2025-01-28T16:07:31","2025-01-28T16:05:40","122089_LT_NA_CL_SaltCash","122089_LT_NA_CL_SALTCASH","1","3","3","2","400","341","400","341","111","10","JK8CB0C0CFFA32AE4","JK8CB0C0CFFA32AE4-TKE028C224550B58E"
"13213 MANSFIELD DR","AUSTIN","TX","78732-1726","CAROLE JERNIGAN","122089","122089_LT_NA_CL_SALTCASH","122089_LT_NA_CL_SALTCASH","\\nas\Mail Files\Mailing Lists\01 January 2025\122089_LT_NA_CL_SALTCASH","\\nas\Mail Files\Mailing Lists\01 January 2025\122089_LT_NA_CL_SALTCASH\122089_LT_NA_CL_SALTCASH.csv","142","","0027120615943604780878732172613","2025-01-29T12:48:27.397324","2025-01-29T12:48:27.397324","\\nas\Mail Files\Mailing Lists\01 January 2025\122089_LT_NA_CL_SALTCASH\122089_LT_NA_CL_SALTCASH.csv","494","2025-01-29T12:48:27.397324","0","TX","0","\\nas\Mail Files\Mailing Lists\01 January 2025\122089_LT_NA_CL_SALTCASH\122089_LT_NA_CL_SALTCASH Qual.pdf","122089_LT_NA_CL_SALTCASH Qual.pdf","1738101405.2768292","false","2025-01-28T16:07:31","2025-01-28T16:05:40","122089_LT_NA_CL_SaltCash","122089_LT_NA_CL_SALTCASH","1","3","3","2","400","341","400","341","111","10","JK8CB0C0CFFA32AE4","JK8CB0C0CFFA32AE4-TKE028C224550B58E"
"825 MORNING MOON CIR","AUSTIN","TX","78732-6129","CHRISTINE HOLLINGER","122089","122089_LT_NA_CL_SALTCASH","122089_LT_NA_CL_SALTCASH","\\nas\Mail Files\Mailing Lists\01 January 2025\122089_LT_NA_CL_SALTCASH","\\nas\Mail Files\Mailing Lists\01 January 2025\122089_LT_NA_CL_SALTCASH\122089_LT_NA_CL_SALTCASH.csv","143","","0027120615943604780978732612925","2025-01-29T12:48:27.397324","2025-01-29T12:48:27.397324","\\nas\Mail Files\Mailing Lists\01 January 2025\122089_LT_NA_CL_SALTCASH\122089_LT_NA_CL_SALTCASH.csv","494","2025-01-29T12:48:27.397324","0","TX","0","\\nas\Mail Files\Mailing Lists\01 January 2025\122089_LT_NA_CL_SALTCASH\122089_LT_NA_CL_SALTCASH Qual.pdf","122089_LT_NA_CL_SALTCASH Qual.pdf","1738101405.2768292","false","2025-01-28T16:07:31","2025-01-28T16:05:40","122089_LT_NA_CL_SaltCash","122089_LT_NA_CL_SALTCASH","1","3","3","2","400","341","400","341","111","10","JK8CB0C0CFFA32AE4","JK8CB0C0CFFA32AE4-TKE028C224550B58E"
"6818 OASIS PASS","AUSTIN","TX","78732-1211","JEANNE GRAVES","122089","122089_LT_NA_CL_SALTCASH","122089_LT_NA_CL_SALTCASH","\\nas\Mail Files\Mailing Lists\01 January 2025\122089_LT_NA_CL_SALTCASH","\\nas\Mail Files\Mailing Lists\01 January 2025\122089_LT_NA_CL_SALTCASH\122089_LT_NA_CL_SALTCASH.csv","144","","0027120615943604781078732121118","2025-01-29T12:48:27.397324","2025-01-29T12:48:27.397324","\\nas\Mail Files\Mailing Lists\01 January 2025\122089_LT_NA_CL_SALTCASH\122089_LT_NA_CL_SALTCASH.csv","494","2025-01-29T12:48:27.397324","0","TX","0","\\nas\Mail Files\Mailing Lists\01 January 2025\122089_LT_NA_CL_SALTCASH\122089_LT_NA_CL_SALTCASH Qual.pdf","122089_LT_NA_CL_SALTCASH Qual.pdf","1738101405.2768292","false","2025-01-28T16:07:31","2025-01-28T16:05:40","122089_LT_NA_CL_SaltCash","122089_LT_NA_CL_SALTCASH","1","3","3","2","400","341","400","341","111","10","JK8CB0C0CFFA32AE4","JK8CB0C0CFFA32AE4-TKE028C224550B58E"
"12921 MAJESTIC OAKS DR","AUSTIN","TX","78732-2005","CHRIS GREENE","122089","122089_LT_NA_CL_SALTCASH","122089_LT_NA_CL_SALTCASH","\\nas\Mail Files\Mailing Lists\01 January 2025\122089_LT_NA_CL_SALTCASH","\\nas\Mail Files\Mailing Lists\01 January 2025\122089_LT_NA_CL_SALTCASH\122089_LT_NA_CL_SALTCASH.csv","145","","0027120615943604781178732200521","2025-01-29T12:48:27.397324","2025-01-29T12:48:27.397324","\\nas\Mail Files\Mailing Lists\01 January 2025\122089_LT_NA_CL_SALTCASH\122089_LT_NA_CL_SALTCASH.csv","494","2025-01-29T12:48:27.397324","0","TX","0","\\nas\Mail Files\Mailing Lists\01 January 2025\122089_LT_NA_CL_SALTCASH\122089_LT_NA_CL_SALTCASH Qual.pdf","122089_LT_NA_CL_SALTCASH Qual.pdf","1738101405.2768292","false","2025-01-28T16:07:31","2025-01-28T16:05:40","122089_LT_NA_CL_SaltCash","122089_LT_NA_CL_SALTCASH","1","3","3","2","400","341","400","341","111","10","JK8CB0C0CFFA32AE4","JK8CB0C0CFFA32AE4-TKE028C224550B58E"
"3125 RIPPLING CREEK CT","AUSTIN","TX","78732-1951","YAN LIAO","122089","122089_LT_NA_CL_SALTCASH","122089_LT_NA_CL_SALTCASH","\\nas\Mail Files\Mailing Lists\01 January 2025\122089_LT_NA_CL_SALTCASH","\\nas\Mail Files\Mailing Lists\01 January 2025\122089_LT_NA_CL_SALTCASH\122089_LT_NA_CL_SALTCASH.csv","146","","0027120615943604781278732195125","2025-01-29T12:48:27.397324","2025-01-29T12:48:27.397324","\\nas\Mail Files\Mailing Lists\01 January 2025\122089_LT_NA_CL_SALTCASH\122089_LT_NA_CL_SALTCASH.csv","494","2025-01-29T12:48:27.397324","0","TX","0","\\nas\Mail Files\Mailing Lists\01 January 2025\122089_LT_NA_CL_SALTCASH\122089_LT_NA_CL_SALTCASH Qual.pdf","122089_LT_NA_CL_SALTCASH Qual.pdf","1738101405.2768292","false","2025-01-28T16:07:31","2025-01-28T16:05:40","122089_LT_NA_CL_SaltCash","122089_LT_NA_CL_SALTCASH","1","3","3","2","400","341","400","341","111","10","JK8CB0C0CFFA32AE4","JK8CB0C0CFFA32AE4-TKE028C224550B58E"
"4103 MESA CT","AUSTIN","TX","78731-3743","BILLY TREMBLE","122089","122089_LT_NA_CL_SALTCASH","122089_LT_NA_CL_SALTCASH","\\nas\Mail Files\Mailing Lists\01 January 2025\122089_LT_NA_CL_SALTCASH","\\nas\Mail Files\Mailing Lists\01 January 2025\122089_LT_NA_CL_SALTCASH\122089_LT_NA_CL_SALTCASH.csv","147","","0027120615943604781378731374303","2025-01-29T12:48:27.397324","2025-01-29T12:48:27.397324","\\nas\Mail Files\Mailing Lists\01 January 2025\122089_LT_NA_CL_SALTCASH\122089_LT_NA_CL_SALTCASH.csv","494","2025-01-29T12:48:27.397324","0","TX","0","\\nas\Mail Files\Mailing Lists\01 January 2025\122089_LT_NA_CL_SALTCASH\122089_LT_NA_CL_SALTCASH Qual.pdf","122089_LT_NA_CL_SALTCASH Qual.pdf","1738101405.2768292","false","2025-01-28T16:07:31","2025-01-28T16:05:40","122089_LT_NA_CL_SaltCash","122089_LT_NA_CL_SALTCASH","1","3","3","2","400","341","400","341","111","10","JK8CB0C0CFFA32AE4","JK8CB0C0CFFA32AE4-TKE028C224550B58E"
"4411 STONY MEADOW LN","AUSTIN","TX","78731-2832","JOHN YEARWOOD","122089","122089_LT_NA_CL_SALTCASH","122089_LT_NA_CL_SALTCASH","\\nas\Mail Files\Mailing Lists\01 January 2025\122089_LT_NA_CL_SALTCASH","\\nas\Mail Files\Mailing Lists\01 January 2025\122089_LT_NA_CL_SALTCASH\122089_LT_NA_CL_SALTCASH.csv","148","","0027120615943604781478731283211","2025-01-29T12:48:27.397324","2025-01-29T12:48:27.397324","\\nas\Mail Files\Mailing Lists\01 January 2025\122089_LT_NA_CL_SALTCASH\122089_LT_NA_CL_SALTCASH.csv","494","2025-01-29T12:48:27.397324","0","TX","0","\\nas\Mail Files\Mailing Lists\01 January 2025\122089_LT_NA_CL_SALTCASH\122089_LT_NA_CL_SALTCASH Qual.pdf","122089_LT_NA_CL_SALTCASH Qual.pdf","1738101405.2768292","false","2025-01-28T16:07:31","2025-01-28T16:05:40","122089_LT_NA_CL_SaltCash","122089_LT_NA_CL_SALTCASH","1","3","3","2","400","341","400","341","111","10","JK8CB0C0CFFA32AE4","JK8CB0C0CFFA32AE4-TKE028C224550B58E"
"4202 EDGEMONT DR","AUSTIN","TX","78731-5718","STEVE POTTS","122089","122089_LT_NA_CL_SALTCASH","122089_LT_NA_CL_SALTCASH","\\nas\Mail Files\Mailing Lists\01 January 2025\122089_LT_NA_CL_SALTCASH","\\nas\Mail Files\Mailing Lists\01 January 2025\122089_LT_NA_CL_SALTCASH\122089_LT_NA_CL_SALTCASH.csv","149","","0027120615943604781578731571802","2025-01-29T12:48:27.397324","2025-01-29T12:48:27.397324","\\nas\Mail Files\Mailing Lists\01 January 2025\122089_LT_NA_CL_SALTCASH\122089_LT_NA_CL_SALTCASH.csv","494","2025-01-29T12:48:27.397324","0","TX","0","\\nas\Mail Files\Mailing Lists\01 January 2025\122089_LT_NA_CL_SALTCASH\122089_LT_NA_CL_SALTCASH Qual.pdf","122089_LT_NA_CL_SALTCASH Qual.pdf","1738101405.2768292","false","2025-01-28T16:07:31","2025-01-28T16:05:40","122089_LT_NA_CL_SaltCash","122089_LT_NA_CL_SALTCASH","1","3","3","2","400","341","400","341","111","10","JK8CB0C0CFFA32AE4","JK8CB0C0CFFA32AE4-TKE028C224550B58E"
"6633 VALLEYSIDE RD","AUSTIN","TX","78731-3161","ELIZABETH FLETCHER","122089","122089_LT_NA_CL_SALTCASH","122089_LT_NA_CL_SALTCASH","\\nas\Mail Files\Mailing Lists\01 January 2025\122089_LT_NA_CL_SALTCASH","\\nas\Mail Files\Mailing Lists\01 January 2025\122089_LT_NA_CL_SALTCASH\122089_LT_NA_CL_SALTCASH.csv","150","","0027120615943604781678731316133","2025-01-29T12:48:27.397324","2025-01-29T12:48:27.397324","\\nas\Mail Files\Mailing Lists\01 January 2025\122089_LT_NA_CL_SALTCASH\122089_LT_NA_CL_SALTCASH.csv","494","2025-01-29T12:48:27.397324","0","TX","0","\\nas\Mail Files\Mailing Lists\01 January 2025\122089_LT_NA_CL_SALTCASH\122089_LT_NA_CL_SALTCASH Qual.pdf","122089_LT_NA_CL_SALTCASH Qual.pdf","1738101405.2768292","false","2025-01-28T16:07:31","2025-01-28T16:05:40","122089_LT_NA_CL_SaltCash","122089_LT_NA_CL_SALTCASH","1","3","3","2","400","341","400","341","111","10","JK8CB0C0CFFA32AE4","JK8CB0C0CFFA32AE4-TKE028C224550B58E"
"4518 UNITY CIR","AUSTIN","TX","78731-6605","JIM AND CATHY CASEY","122089","122089_LT_NA_CL_SALTCASH","122089_LT_NA_CL_SALTCASH","\\nas\Mail Files\Mailing Lists\01 January 2025\122089_LT_NA_CL_SALTCASH","\\nas\Mail Files\Mailing Lists\01 January 2025\122089_LT_NA_CL_SALTCASH\122089_LT_NA_CL_SALTCASH.csv","151","","0027120615943604781778731660518","2025-01-29T12:48:27.397324","2025-01-29T12:48:27.397324","\\nas\Mail Files\Mailing Lists\01 January 2025\122089_LT_NA_CL_SALTCASH\122089_LT_NA_CL_SALTCASH.csv","494","2025-01-29T12:48:27.397324","0","TX","0","\\nas\Mail Files\Mailing Lists\01 January 2025\122089_LT_NA_CL_SALTCASH\122089_LT_NA_CL_SALTCASH Qual.pdf","122089_LT_NA_CL_SALTCASH Qual.pdf","1738101405.2768292","false","2025-01-28T16:07:31","2025-01-28T16:05:40","122089_LT_NA_CL_SaltCash","122089_LT_NA_CL_SALTCASH","1","3","3","2","400","341","400","341","111","10","JK8CB0C0CFFA32AE4","JK8CB0C0CFFA32AE4-TKE028C224550B58E"
"6601 CANDLE RIDGE CV","AUSTIN","TX","78731-2850","BRENDA RUDD","122089","122089_LT_NA_CL_SALTCASH","122089_LT_NA_CL_SALTCASH","\\nas\Mail Files\Mailing Lists\01 January 2025\122089_LT_NA_CL_SALTCASH","\\nas\Mail Files\Mailing Lists\01 January 2025\122089_LT_NA_CL_SALTCASH\122089_LT_NA_CL_SALTCASH.csv","152","","0027120615943604781878731285001","2025-01-29T12:48:27.397324","2025-01-29T12:48:27.397324","\\nas\Mail Files\Mailing Lists\01 January 2025\122089_LT_NA_CL_SALTCASH\122089_LT_NA_CL_SALTCASH.csv","494","2025-01-29T12:48:27.397324","0","TX","0","\\nas\Mail Files\Mailing Lists\01 January 2025\122089_LT_NA_CL_SALTCASH\122089_LT_NA_CL_SALTCASH Qual.pdf","122089_LT_NA_CL_SALTCASH Qual.pdf","1738101405.2768292","false","2025-01-28T16:07:31","2025-01-28T16:05:40","122089_LT_NA_CL_SaltCash","122089_LT_NA_CL_SALTCASH","1","3","3","2","400","341","400","341","111","10","JK8CB0C0CFFA32AE4","JK8CB0C0CFFA32AE4-TKE028C224550B58E"
"7644 PARKVIEW CIR","AUSTIN","TX","78731-1160","ROBERT BOYER","122089","122089_LT_NA_CL_SALTCASH","122089_LT_NA_CL_SALTCASH","\\nas\Mail Files\Mailing Lists\01 January 2025\122089_LT_NA_CL_SALTCASH","\\nas\Mail Files\Mailing Lists\01 January 2025\122089_LT_NA_CL_SALTCASH\122089_LT_NA_CL_SALTCASH.csv","153","","0027120615943604781978731116044","2025-01-29T12:48:27.397324","2025-01-29T12:48:27.397324","\\nas\Mail Files\Mailing Lists\01 January 2025\122089_LT_NA_CL_SALTCASH\122089_LT_NA_CL_SALTCASH.csv","494","2025-01-29T12:48:27.397324","0","TX","0","\\nas\Mail Files\Mailing Lists\01 January 2025\122089_LT_NA_CL_SALTCASH\122089_LT_NA_CL_SALTCASH Qual.pdf","122089_LT_NA_CL_SALTCASH Qual.pdf","1738101405.2768292","false","2025-01-28T16:07:31","2025-01-28T16:05:40","122089_LT_NA_CL_SaltCash","122089_LT_NA_CL_SALTCASH","1","3","3","2","400","341","400","341","111","10","JK8CB0C0CFFA32AE4","JK8CB0C0CFFA32AE4-TKE028C224550B58E"
"7641 PARKVIEW CIR","AUSTIN","TX","78731-1127","ANNA WILKINS","122089","122089_LT_NA_CL_SALTCASH","122089_LT_NA_CL_SALTCASH","\\nas\Mail Files\Mailing Lists\01 January 2025\122089_LT_NA_CL_SALTCASH","\\nas\Mail Files\Mailing Lists\01 January 2025\122089_LT_NA_CL_SALTCASH\122089_LT_NA_CL_SALTCASH.csv","154","","0027120615943604782078731112741","2025-01-29T12:48:27.397324","2025-01-29T12:48:27.397324","\\nas\Mail Files\Mailing Lists\01 January 2025\122089_LT_NA_CL_SALTCASH\122089_LT_NA_CL_SALTCASH.csv","494","2025-01-29T12:48:27.397324","0","TX","0","\\nas\Mail Files\Mailing Lists\01 January 2025\122089_LT_NA_CL_SALTCASH\122089_LT_NA_CL_SALTCASH Qual.pdf","122089_LT_NA_CL_SALTCASH Qual.pdf","1738101405.2768292","false","2025-01-28T16:07:31","2025-01-28T16:05:40","122089_LT_NA_CL_SaltCash","122089_LT_NA_CL_SALTCASH","1","3","3","2","400","341","400","341","111","10","JK8CB0C0CFFA32AE4","JK8CB0C0CFFA32AE4-TKE028C224550B58E"
"5422 MERRYWING CIR","AUSTIN","TX","78730-1437","JULIANNA BENFIELD","122089","122089_LT_NA_CL_SALTCASH","122089_LT_NA_CL_SALTCASH","\\nas\Mail Files\Mailing Lists\01 January 2025\122089_LT_NA_CL_SALTCASH","\\nas\Mail Files\Mailing Lists\01 January 2025\122089_LT_NA_CL_SALTCASH\122089_LT_NA_CL_SALTCASH.csv","155","","0027120615943604782178730143722","2025-01-29T12:48:27.397324","2025-01-29T12:48:27.397324","\\nas\Mail Files\Mailing Lists\01 January 2025\122089_LT_NA_CL_SALTCASH\122089_LT_NA_CL_SALTCASH.csv","494","2025-01-29T12:48:27.397324","0","TX","0","\\nas\Mail Files\Mailing Lists\01 January 2025\122089_LT_NA_CL_SALTCASH\122089_LT_NA_CL_SALTCASH Qual.pdf","122089_LT_NA_CL_SALTCASH Qual.pdf","1738101405.2768292","false","2025-01-28T16:07:31","2025-01-28T16:05:40","122089_LT_NA_CL_SaltCash","122089_LT_NA_CL_SALTCASH","1","3","3","2","400","341","400","341","111","10","JK8CB0C0CFFA32AE4","JK8CB0C0CFFA32AE4-TKE028C224550B58E"
"4022 LOVE BIRD LN","AUSTIN","TX","78730-3535","LAURA PARKER","122089","122089_LT_NA_CL_SALTCASH","122089_LT_NA_CL_SALTCASH","\\nas\Mail Files\Mailing Lists\01 January 2025\122089_LT_NA_CL_SALTCASH","\\nas\Mail Files\Mailing Lists\01 January 2025\122089_LT_NA_CL_SALTCASH\122089_LT_NA_CL_SALTCASH.csv","156","","0027120615943604782278730353522","2025-01-29T12:48:27.397324","2025-01-29T12:48:27.397324","\\nas\Mail Files\Mailing Lists\01 January 2025\122089_LT_NA_CL_SALTCASH\122089_LT_NA_CL_SALTCASH.csv","494","2025-01-29T12:48:27.397324","0","TX","0","\\nas\Mail Files\Mailing Lists\01 January 2025\122089_LT_NA_CL_SALTCASH\122089_LT_NA_CL_SALTCASH Qual.pdf","122089_LT_NA_CL_SALTCASH Qual.pdf","1738101405.2768292","false","2025-01-28T16:07:31","2025-01-28T16:05:40","122089_LT_NA_CL_SaltCash","122089_LT_NA_CL_SALTCASH","1","3","3","2","400","341","400","341","111","10","JK8CB0C0CFFA32AE4","JK8CB0C0CFFA32AE4-TKE028C224550B58E"
"5608 STANDING ROCK DR","AUSTIN","TX","78730-2865","RON JAMES","122089","122089_LT_NA_CL_SALTCASH","122089_LT_NA_CL_SALTCASH","\\nas\Mail Files\Mailing Lists\01 January 2025\122089_LT_NA_CL_SALTCASH","\\nas\Mail Files\Mailing Lists\01 January 2025\122089_LT_NA_CL_SALTCASH\122089_LT_NA_CL_SALTCASH.csv","157","","0027120615943604782378730286508","2025-01-29T12:48:27.397324","2025-01-29T12:48:27.397324","\\nas\Mail Files\Mailing Lists\01 January 2025\122089_LT_NA_CL_SALTCASH\122089_LT_NA_CL_SALTCASH.csv","494","2025-01-29T12:48:27.397324","0","TX","0","\\nas\Mail Files\Mailing Lists\01 January 2025\122089_LT_NA_CL_SALTCASH\122089_LT_NA_CL_SALTCASH Qual.pdf","122089_LT_NA_CL_SALTCASH Qual.pdf","1738101405.2768292","false","2025-01-28T16:07:31","2025-01-28T16:05:40","122089_LT_NA_CL_SaltCash","122089_LT_NA_CL_SALTCASH","1","3","3","2","400","341","400","341","111","10","JK8CB0C0CFFA32AE4","JK8CB0C0CFFA32AE4-TKE028C224550B58E"
"3833 RIVER PLACE BLVD","AUSTIN","TX","78730-3599","BOBBY BRAMHALL","122089","122089_LT_NA_CL_SALTCASH","122089_LT_NA_CL_SALTCASH","\\nas\Mail Files\Mailing Lists\01 January 2025\122089_LT_NA_CL_SALTCASH","\\nas\Mail Files\Mailing Lists\01 January 2025\122089_LT_NA_CL_SALTCASH\122089_LT_NA_CL_SALTCASH.csv","158","","0027120615943604782478730359933","2025-01-29T12:48:27.397324","2025-01-29T12:48:27.397324","\\nas\Mail Files\Mailing Lists\01 January 2025\122089_LT_NA_CL_SALTCASH\122089_LT_NA_CL_SALTCASH.csv","494","2025-01-29T12:48:27.397324","0","TX","0","\\nas\Mail Files\Mailing Lists\01 January 2025\122089_LT_NA_CL_SALTCASH\122089_LT_NA_CL_SALTCASH Qual.pdf","122089_LT_NA_CL_SALTCASH Qual.pdf","1738101405.2768292","false","2025-01-28T16:07:31","2025-01-28T16:05:40","122089_LT_NA_CL_SaltCash","122089_LT_NA_CL_SALTCASH","1","3","3","2","400","341","400","341","111","10","JK8CB0C0CFFA32AE4","JK8CB0C0CFFA32AE4-TKE028C224550B58E"
"7204 BONIFACE LN","AUSTIN","TX","78729-7780","CATHERINE CANSLER","122089","122089_LT_NA_CL_SALTCASH","122089_LT_NA_CL_SALTCASH","\\nas\Mail Files\Mailing Lists\01 January 2025\122089_LT_NA_CL_SALTCASH","\\nas\Mail Files\Mailing Lists\01 January 2025\122089_LT_NA_CL_SALTCASH\122089_LT_NA_CL_SALTCASH.csv","159","","0027120615943604782578729778004","2025-01-29T12:48:27.397324","2025-01-29T12:48:27.397324","\\nas\Mail Files\Mailing Lists\01 January 2025\122089_LT_NA_CL_SALTCASH\122089_LT_NA_CL_SALTCASH.csv","494","2025-01-29T12:48:27.397324","0","TX","0","\\nas\Mail Files\Mailing Lists\01 January 2025\122089_LT_NA_CL_SALTCASH\122089_LT_NA_CL_SALTCASH Qual.pdf","122089_LT_NA_CL_SALTCASH Qual.pdf","1738101405.2768292","false","2025-01-28T16:07:31","2025-01-28T16:05:40","122089_LT_NA_CL_SaltCash","122089_LT_NA_CL_SALTCASH","1","3","3","2","400","341","400","341","111","10","JK8CB0C0CFFA32AE4","JK8CB0C0CFFA32AE4-TKE028C224550B58E"
"9010 FROSTWOOD TRL","AUSTIN","TX","78729-3646","MICHAEL STINSON","122089","122089_LT_NA_CL_SALTCASH","122089_LT_NA_CL_SALTCASH","\\nas\Mail Files\Mailing Lists\01 January 2025\122089_LT_NA_CL_SALTCASH","\\nas\Mail Files\Mailing Lists\01 January 2025\122089_LT_NA_CL_SALTCASH\122089_LT_NA_CL_SALTCASH.csv","160","","0027120615943604782678729364610","2025-01-29T12:48:27.397324","2025-01-29T12:48:27.397324","\\nas\Mail Files\Mailing Lists\01 January 2025\122089_LT_NA_CL_SALTCASH\122089_LT_NA_CL_SALTCASH.csv","494","2025-01-29T12:48:27.397324","0","TX","0","\\nas\Mail Files\Mailing Lists\01 January 2025\122089_LT_NA_CL_SALTCASH\122089_LT_NA_CL_SALTCASH Qual.pdf","122089_LT_NA_CL_SALTCASH Qual.pdf","1738101405.2768292","false","2025-01-28T16:07:31","2025-01-28T16:05:40","122089_LT_NA_CL_SaltCash","122089_LT_NA_CL_SALTCASH","1","3","3","2","400","341","400","341","111","10","JK8CB0C0CFFA32AE4","JK8CB0C0CFFA32AE4-TKE028C224550B58E"
"12721 MACHETE TRL","AUSTIN","TX","78729-4566","LATA NARUMANCHI","122089","122089_LT_NA_CL_SALTCASH","122089_LT_NA_CL_SALTCASH","\\nas\Mail Files\Mailing Lists\01 January 2025\122089_LT_NA_CL_SALTCASH","\\nas\Mail Files\Mailing Lists\01 January 2025\122089_LT_NA_CL_SALTCASH\122089_LT_NA_CL_SALTCASH.csv","161","","0027120615943604782778729456621","2025-01-29T12:48:27.397324","2025-01-29T12:48:27.397324","\\nas\Mail Files\Mailing Lists\01 January 2025\122089_LT_NA_CL_SALTCASH\122089_LT_NA_CL_SALTCASH.csv","494","2025-01-29T12:48:27.397324","0","TX","0","\\nas\Mail Files\Mailing Lists\01 January 2025\122089_LT_NA_CL_SALTCASH\122089_LT_NA_CL_SALTCASH Qual.pdf","122089_LT_NA_CL_SALTCASH Qual.pdf","1738101405.2768292","false","2025-01-28T16:07:31","2025-01-28T16:05:40","122089_LT_NA_CL_SaltCash","122089_LT_NA_CL_SALTCASH","1","3","3","2","400","341","400","341","111","10","JK8CB0C0CFFA32AE4","JK8CB0C0CFFA32AE4-TKE028C224550B58E"
"2308 EMMETT PKWY","AUSTIN","TX","78728-4548","CARL MULLEN","122089","122089_LT_NA_CL_SALTCASH","122089_LT_NA_CL_SALTCASH","\\nas\Mail Files\Mailing Lists\01 January 2025\122089_LT_NA_CL_SALTCASH","\\nas\Mail Files\Mailing Lists\01 January 2025\122089_LT_NA_CL_SALTCASH\122089_LT_NA_CL_SALTCASH.csv","162","","0027120615943604782878728454808","2025-01-29T12:48:27.397324","2025-01-29T12:48:27.397324","\\nas\Mail Files\Mailing Lists\01 January 2025\122089_LT_NA_CL_SALTCASH\122089_LT_NA_CL_SALTCASH.csv","494","2025-01-29T12:48:27.397324","0","TX","0","\\nas\Mail Files\Mailing Lists\01 January 2025\122089_LT_NA_CL_SALTCASH\122089_LT_NA_CL_SALTCASH Qual.pdf","122089_LT_NA_CL_SALTCASH Qual.pdf","1738101405.2768292","false","2025-01-28T16:07:31","2025-01-28T16:05:40","122089_LT_NA_CL_SaltCash","122089_LT_NA_CL_SALTCASH","1","3","3","2","400","341","400","341","111","10","JK8CB0C0CFFA32AE4","JK8CB0C0CFFA32AE4-TKE028C224550B58E"
"1910 GAYLORD DR","AUSTIN","TX","78728-6874","TERESA & JAMES LIDGEY","122089","122089_LT_NA_CL_SALTCASH","122089_LT_NA_CL_SALTCASH","\\nas\Mail Files\Mailing Lists\01 January 2025\122089_LT_NA_CL_SALTCASH","\\nas\Mail Files\Mailing Lists\01 January 2025\122089_LT_NA_CL_SALTCASH\122089_LT_NA_CL_SALTCASH.csv","163","","0027120615943604782978728687410","2025-01-29T12:48:27.397324","2025-01-29T12:48:27.397324","\\nas\Mail Files\Mailing Lists\01 January 2025\122089_LT_NA_CL_SALTCASH\122089_LT_NA_CL_SALTCASH.csv","494","2025-01-29T12:48:27.397324","0","TX","0","\\nas\Mail Files\Mailing Lists\01 January 2025\122089_LT_NA_CL_SALTCASH\122089_LT_NA_CL_SALTCASH Qual.pdf","122089_LT_NA_CL_SALTCASH Qual.pdf","1738101405.2768292","false","2025-01-28T16:07:31","2025-01-28T16:05:40","122089_LT_NA_CL_SaltCash","122089_LT_NA_CL_SALTCASH","1","3","3","2","400","341","400","341","111","10","JK8CB0C0CFFA32AE4","JK8CB0C0CFFA32AE4-TKE028C224550B58E"
"3200 BETONY ST","AUSTIN","TX","78728-4023","MK SWAMINATHAN","122089","122089_LT_NA_CL_SALTCASH","122089_LT_NA_CL_SALTCASH","\\nas\Mail Files\Mailing Lists\01 January 2025\122089_LT_NA_CL_SALTCASH","\\nas\Mail Files\Mailing Lists\01 January 2025\122089_LT_NA_CL_SALTCASH\122089_LT_NA_CL_SALTCASH.csv","164","","0027120615943604783078728402300","2025-01-29T12:48:27.397324","2025-01-29T12:48:27.397324","\\nas\Mail Files\Mailing Lists\01 January 2025\122089_LT_NA_CL_SALTCASH\122089_LT_NA_CL_SALTCASH.csv","494","2025-01-29T12:48:27.397324","0","TX","0","\\nas\Mail Files\Mailing Lists\01 January 2025\122089_LT_NA_CL_SALTCASH\122089_LT_NA_CL_SALTCASH Qual.pdf","122089_LT_NA_CL_SALTCASH Qual.pdf","1738101405.2768292","false","2025-01-28T16:07:31","2025-01-28T16:05:40","122089_LT_NA_CL_SaltCash","122089_LT_NA_CL_SALTCASH","1","3","3","2","400","341","400","341","111","10","JK8CB0C0CFFA32AE4","JK8CB0C0CFFA32AE4-TKE028C224550B58E"
"3612 BRATTON RIDGE XING","AUSTIN","TX","78728-3678","OLGA NAVARRO","122089","122089_LT_NA_CL_SALTCASH","122089_LT_NA_CL_SALTCASH","\\nas\Mail Files\Mailing Lists\01 January 2025\122089_LT_NA_CL_SALTCASH","\\nas\Mail Files\Mailing Lists\01 January 2025\122089_LT_NA_CL_SALTCASH\122089_LT_NA_CL_SALTCASH.csv","165","","0027120615943604783178728367812","2025-01-29T12:48:27.397324","2025-01-29T12:48:27.397324","\\nas\Mail Files\Mailing Lists\01 January 2025\122089_LT_NA_CL_SALTCASH\122089_LT_NA_CL_SALTCASH.csv","494","2025-01-29T12:48:27.397324","0","TX","0","\\nas\Mail Files\Mailing Lists\01 January 2025\122089_LT_NA_CL_SALTCASH\122089_LT_NA_CL_SALTCASH Qual.pdf","122089_LT_NA_CL_SALTCASH Qual.pdf","1738101405.2768292","false","2025-01-28T16:07:31","2025-01-28T16:05:40","122089_LT_NA_CL_SaltCash","122089_LT_NA_CL_SALTCASH","1","3","3","2","400","341","400","341","111","10","JK8CB0C0CFFA32AE4","JK8CB0C0CFFA32AE4-TKE028C224550B58E"
"2413 WOOD CHASE TRL","AUSTIN","TX","78728-4413","JONATHAN STALLCUP","122089","122089_LT_NA_CL_SALTCASH","122089_LT_NA_CL_SALTCASH","\\nas\Mail Files\Mailing Lists\01 January 2025\122089_LT_NA_CL_SALTCASH","\\nas\Mail Files\Mailing Lists\01 January 2025\122089_LT_NA_CL_SALTCASH\122089_LT_NA_CL_SALTCASH.csv","166","","0027120615943604783278728441313","2025-01-29T12:48:27.397324","2025-01-29T12:48:27.397324","\\nas\Mail Files\Mailing Lists\01 January 2025\122089_LT_NA_CL_SALTCASH\122089_LT_NA_CL_SALTCASH.csv","494","2025-01-29T12:48:27.397324","0","TX","0","\\nas\Mail Files\Mailing Lists\01 January 2025\122089_LT_NA_CL_SALTCASH\122089_LT_NA_CL_SALTCASH Qual.pdf","122089_LT_NA_CL_SALTCASH Qual.pdf","1738101405.2768292","false","2025-01-28T16:07:31","2025-01-28T16:05:40","122089_LT_NA_CL_SaltCash","122089_LT_NA_CL_SALTCASH","1","3","3","2","400","341","400","341","111","10","JK8CB0C0CFFA32AE4","JK8CB0C0CFFA32AE4-TKE028C224550B58E"
"12103 BELL AVE","AUSTIN","TX","78727-6407","JANET ROSET","122089","122089_LT_NA_CL_SALTCASH","122089_LT_NA_CL_SALTCASH","\\nas\Mail Files\Mailing Lists\01 January 2025\122089_LT_NA_CL_SALTCASH","\\nas\Mail Files\Mailing Lists\01 January 2025\122089_LT_NA_CL_SALTCASH\122089_LT_NA_CL_SALTCASH.csv","167","","0027120615943604783378727640703","2025-01-29T12:48:27.397324","2025-01-29T12:48:27.397324","\\nas\Mail Files\Mailing Lists\01 January 2025\122089_LT_NA_CL_SALTCASH\122089_LT_NA_CL_SALTCASH.csv","494","2025-01-29T12:48:27.397324","0","TX","0","\\nas\Mail Files\Mailing Lists\01 January 2025\122089_LT_NA_CL_SALTCASH\122089_LT_NA_CL_SALTCASH Qual.pdf","122089_LT_NA_CL_SALTCASH Qual.pdf","1738101405.2768292","false","2025-01-28T16:07:31","2025-01-28T16:05:40","122089_LT_NA_CL_SaltCash","122089_LT_NA_CL_SALTCASH","1","3","3","2","400","341","400","341","111","10","JK8CB0C0CFFA32AE4","JK8CB0C0CFFA32AE4-TKE028C224550B58E"
"3707 HIDDEN ESTATES DR","AUSTIN","TX","78727-1828","DAN H LEPORE","122089","122089_LT_NA_CL_SALTCASH","122089_LT_NA_CL_SALTCASH","\\nas\Mail Files\Mailing Lists\01 January 2025\122089_LT_NA_CL_SALTCASH","\\nas\Mail Files\Mailing Lists\01 January 2025\122089_LT_NA_CL_SALTCASH\122089_LT_NA_CL_SALTCASH.csv","168","","0027120615943604783478727182807","2025-01-29T12:48:27.397324","2025-01-29T12:48:27.397324","\\nas\Mail Files\Mailing Lists\01 January 2025\122089_LT_NA_CL_SALTCASH\122089_LT_NA_CL_SALTCASH.csv","494","2025-01-29T12:48:27.397324","0","TX","0","\\nas\Mail Files\Mailing Lists\01 January 2025\122089_LT_NA_CL_SALTCASH\122089_LT_NA_CL_SALTCASH Qual.pdf","122089_LT_NA_CL_SALTCASH Qual.pdf","1738101405.2768292","false","2025-01-28T16:07:31","2025-01-28T16:05:40","122089_LT_NA_CL_SaltCash","122089_LT_NA_CL_SALTCASH","1","3","3","2","400","341","400","341","111","10","JK8CB0C0CFFA32AE4","JK8CB0C0CFFA32AE4-TKE028C224550B58E"
"12714 PALFREY DR","AUSTIN","TX","78727-3026","GELEEIA BREWER","122089","122089_LT_NA_CL_SALTCASH","122089_LT_NA_CL_SALTCASH","\\nas\Mail Files\Mailing Lists\01 January 2025\122089_LT_NA_CL_SALTCASH","\\nas\Mail Files\Mailing Lists\01 January 2025\122089_LT_NA_CL_SALTCASH\122089_LT_NA_CL_SALTCASH.csv","169","","0027120615943604783578727302614","2025-01-29T12:48:27.397324","2025-01-29T12:48:27.397324","\\nas\Mail Files\Mailing Lists\01 January 2025\122089_LT_NA_CL_SALTCASH\122089_LT_NA_CL_SALTCASH.csv","494","2025-01-29T12:48:27.397324","0","TX","0","\\nas\Mail Files\Mailing Lists\01 January 2025\122089_LT_NA_CL_SALTCASH\122089_LT_NA_CL_SALTCASH Qual.pdf","122089_LT_NA_CL_SALTCASH Qual.pdf","1738101405.2768292","false","2025-01-28T16:07:31","2025-01-28T16:05:40","122089_LT_NA_CL_SaltCash","122089_LT_NA_CL_SALTCASH","1","3","3","2","400","341","400","341","111","10","JK8CB0C0CFFA32AE4","JK8CB0C0CFFA32AE4-TKE028C224550B58E"
"4208 HARCOURT DR","AUSTIN","TX","78727-5942","SAM KIRZNER","122089","122089_LT_NA_CL_SALTCASH","122089_LT_NA_CL_SALTCASH","\\nas\Mail Files\Mailing Lists\01 January 2025\122089_LT_NA_CL_SALTCASH","\\nas\Mail Files\Mailing Lists\01 January 2025\122089_LT_NA_CL_SALTCASH\122089_LT_NA_CL_SALTCASH.csv","170","","0027120615943604783678727594208","2025-01-29T12:48:27.397324","2025-01-29T12:48:27.397324","\\nas\Mail Files\Mailing Lists\01 January 2025\122089_LT_NA_CL_SALTCASH\122089_LT_NA_CL_SALTCASH.csv","494","2025-01-29T12:48:27.397324","0","TX","0","\\nas\Mail Files\Mailing Lists\01 January 2025\122089_LT_NA_CL_SALTCASH\122089_LT_NA_CL_SALTCASH Qual.pdf","122089_LT_NA_CL_SALTCASH Qual.pdf","1738101405.2768292","false","2025-01-28T16:07:31","2025-01-28T16:05:40","122089_LT_NA_CL_SaltCash","122089_LT_NA_CL_SALTCASH","1","3","3","2","400","341","400","341","111","10","JK8CB0C0CFFA32AE4","JK8CB0C0CFFA32AE4-TKE028C224550B58E"
"4605 GANYMEDE DR","AUSTIN","TX","78727-5112","CHRISTIANA GUTIERREZ","122089","122089_LT_NA_CL_SALTCASH","122089_LT_NA_CL_SALTCASH","\\nas\Mail Files\Mailing Lists\01 January 2025\122089_LT_NA_CL_SALTCASH","\\nas\Mail Files\Mailing Lists\01 January 2025\122089_LT_NA_CL_SALTCASH\122089_LT_NA_CL_SALTCASH.csv","171","","0027120615943604783778727511205","2025-01-29T12:48:27.397324","2025-01-29T12:48:27.397324","\\nas\Mail Files\Mailing Lists\01 January 2025\122089_LT_NA_CL_SALTCASH\122089_LT_NA_CL_SALTCASH.csv","494","2025-01-29T12:48:27.397324","0","TX","0","\\nas\Mail Files\Mailing Lists\01 January 2025\122089_LT_NA_CL_SALTCASH\122089_LT_NA_CL_SALTCASH Qual.pdf","122089_LT_NA_CL_SALTCASH Qual.pdf","1738101405.2768292","false","2025-01-28T16:07:31","2025-01-28T16:05:40","122089_LT_NA_CL_SaltCash","122089_LT_NA_CL_SALTCASH","1","3","3","2","400","341","400","341","111","10","JK8CB0C0CFFA32AE4","JK8CB0C0CFFA32AE4-TKE028C224550B58E"
"1310 W PARMER LN","AUSTIN","TX","78727-4615","MEG MCGEE","122089","122089_LT_NA_CL_SALTCASH","122089_LT_NA_CL_SALTCASH","\\nas\Mail Files\Mailing Lists\01 January 2025\122089_LT_NA_CL_SALTCASH","\\nas\Mail Files\Mailing Lists\01 January 2025\122089_LT_NA_CL_SALTCASH\122089_LT_NA_CL_SALTCASH.csv","172","","0027120615943604783878727461599","2025-01-29T12:48:27.397324","2025-01-29T12:48:27.397324","\\nas\Mail Files\Mailing Lists\01 January 2025\122089_LT_NA_CL_SALTCASH\122089_LT_NA_CL_SALTCASH.csv","494","2025-01-29T12:48:27.397324","0","TX","0","\\nas\Mail Files\Mailing Lists\01 January 2025\122089_LT_NA_CL_SALTCASH\122089_LT_NA_CL_SALTCASH Qual.pdf","122089_LT_NA_CL_SALTCASH Qual.pdf","1738101405.2768292","false","2025-01-28T16:07:31","2025-01-28T16:05:40","122089_LT_NA_CL_SaltCash","122089_LT_NA_CL_SALTCASH","1","3","3","2","400","341","400","341","111","10","JK8CB0C0CFFA32AE4","JK8CB0C0CFFA32AE4-TKE028C224550B58E"
"12904 COVINGTON TRL","AUSTIN","TX","78727-7047","DON WHITEHEAD","122089","122089_LT_NA_CL_SALTCASH","122089_LT_NA_CL_SALTCASH","\\nas\Mail Files\Mailing Lists\01 January 2025\122089_LT_NA_CL_SALTCASH","\\nas\Mail Files\Mailing Lists\01 January 2025\122089_LT_NA_CL_SALTCASH\122089_LT_NA_CL_SALTCASH.csv","173","","0027120615943604783978727704704","2025-01-29T12:48:27.397324","2025-01-29T12:48:27.397324","\\nas\Mail Files\Mailing Lists\01 January 2025\122089_LT_NA_CL_SALTCASH\122089_LT_NA_CL_SALTCASH.csv","494","2025-01-29T12:48:27.397324","0","TX","0","\\nas\Mail Files\Mailing Lists\01 January 2025\122089_LT_NA_CL_SALTCASH\122089_LT_NA_CL_SALTCASH Qual.pdf","122089_LT_NA_CL_SALTCASH Qual.pdf","1738101405.2768292","false","2025-01-28T16:07:31","2025-01-28T16:05:40","122089_LT_NA_CL_SaltCash","122089_LT_NA_CL_SALTCASH","1","3","3","2","400","341","400","341","111","10","JK8CB0C0CFFA32AE4","JK8CB0C0CFFA32AE4-TKE028C224550B58E"
"4312 GANYMEDE DR","AUSTIN","TX","78727-5106","STACY WEIDMANN","122089","122089_LT_NA_CL_SALTCASH","122089_LT_NA_CL_SALTCASH","\\nas\Mail Files\Mailing Lists\01 January 2025\122089_LT_NA_CL_SALTCASH","\\nas\Mail Files\Mailing Lists\01 January 2025\122089_LT_NA_CL_SALTCASH\122089_LT_NA_CL_SALTCASH.csv","174","","0027120615943604784078727510612","2025-01-29T12:48:27.397324","2025-01-29T12:48:27.397324","\\nas\Mail Files\Mailing Lists\01 January 2025\122089_LT_NA_CL_SALTCASH\122089_LT_NA_CL_SALTCASH.csv","494","2025-01-29T12:48:27.397324","0","TX","0","\\nas\Mail Files\Mailing Lists\01 January 2025\122089_LT_NA_CL_SALTCASH\122089_LT_NA_CL_SALTCASH Qual.pdf","122089_LT_NA_CL_SALTCASH Qual.pdf","1738101405.2768292","false","2025-01-28T16:07:31","2025-01-28T16:05:40","122089_LT_NA_CL_SaltCash","122089_LT_NA_CL_SALTCASH","1","3","3","2","400","341","400","341","111","10","JK8CB0C0CFFA32AE4","JK8CB0C0CFFA32AE4-TKE028C224550B58E"
"8108 SEBASTAPOL CV","AUSTIN","TX","78726-1703","RICHARD GEPPERT","122089","122089_LT_NA_CL_SALTCASH","122089_LT_NA_CL_SALTCASH","\\nas\Mail Files\Mailing Lists\01 January 2025\122089_LT_NA_CL_SALTCASH","\\nas\Mail Files\Mailing Lists\01 January 2025\122089_LT_NA_CL_SALTCASH\122089_LT_NA_CL_SALTCASH.csv","175","","0027120615943604784178726170308","2025-01-29T12:48:27.397324","2025-01-29T12:48:27.397324","\\nas\Mail Files\Mailing Lists\01 January 2025\122089_LT_NA_CL_SALTCASH\122089_LT_NA_CL_SALTCASH.csv","494","2025-01-29T12:48:27.397324","0","TX","0","\\nas\Mail Files\Mailing Lists\01 January 2025\122089_LT_NA_CL_SALTCASH\122089_LT_NA_CL_SALTCASH Qual.pdf","122089_LT_NA_CL_SALTCASH Qual.pdf","1738101405.2768292","false","2025-01-28T16:07:31","2025-01-28T16:05:40","122089_LT_NA_CL_SaltCash","122089_LT_NA_CL_SALTCASH","1","3","3","2","400","341","400","341","111","10","JK8CB0C0CFFA32AE4","JK8CB0C0CFFA32AE4-TKE028C224550B58E"
"12520 VERANDAH CT","AUSTIN","TX","78726-4602","DAWN BOSLAND","122089","122089_LT_NA_CL_SALTCASH","122089_LT_NA_CL_SALTCASH","\\nas\Mail Files\Mailing Lists\01 January 2025\122089_LT_NA_CL_SALTCASH","\\nas\Mail Files\Mailing Lists\01 January 2025\122089_LT_NA_CL_SALTCASH\122089_LT_NA_CL_SALTCASH.csv","176","","0027120615943604784278726460220","2025-01-29T12:48:27.397324","2025-01-29T12:48:27.397324","\\nas\Mail Files\Mailing Lists\01 January 2025\122089_LT_NA_CL_SALTCASH\122089_LT_NA_CL_SALTCASH.csv","494","2025-01-29T12:48:27.397324","0","TX","0","\\nas\Mail Files\Mailing Lists\01 January 2025\122089_LT_NA_CL_SALTCASH\122089_LT_NA_CL_SALTCASH Qual.pdf","122089_LT_NA_CL_SALTCASH Qual.pdf","1738101405.2768292","false","2025-01-28T16:07:31","2025-01-28T16:05:40","122089_LT_NA_CL_SaltCash","122089_LT_NA_CL_SALTCASH","1","3","3","2","400","341","400","341","111","10","JK8CB0C0CFFA32AE4","JK8CB0C0CFFA32AE4-TKE028C224550B58E"
"12407 WATERTON PARKE CV","AUSTIN","TX","78726-4017","ASHFORD KEER","122089","122089_LT_NA_CL_SALTCASH","122089_LT_NA_CL_SALTCASH","\\nas\Mail Files\Mailing Lists\01 January 2025\122089_LT_NA_CL_SALTCASH","\\nas\Mail Files\Mailing Lists\01 January 2025\122089_LT_NA_CL_SALTCASH\122089_LT_NA_CL_SALTCASH.csv","177","","0027120615943604784378726401707","2025-01-29T12:48:27.397324","2025-01-29T12:48:27.397324","\\nas\Mail Files\Mailing Lists\01 January 2025\122089_LT_NA_CL_SALTCASH\122089_LT_NA_CL_SALTCASH.csv","494","2025-01-29T12:48:27.397324","0","TX","0","\\nas\Mail Files\Mailing Lists\01 January 2025\122089_LT_NA_CL_SALTCASH\122089_LT_NA_CL_SALTCASH Qual.pdf","122089_LT_NA_CL_SALTCASH Qual.pdf","1738101405.2768292","false","2025-01-28T16:07:31","2025-01-28T16:05:40","122089_LT_NA_CL_SaltCash","122089_LT_NA_CL_SALTCASH","1","3","3","2","400","341","400","341","111","10","JK8CB0C0CFFA32AE4","JK8CB0C0CFFA32AE4-TKE028C224550B58E"
"3404 BARKSDALE DR","AUSTIN","TX","78725-4779","DEBRA TOLBERT","122089","122089_LT_NA_CL_SALTCASH","122089_LT_NA_CL_SALTCASH","\\nas\Mail Files\Mailing Lists\01 January 2025\122089_LT_NA_CL_SALTCASH","\\nas\Mail Files\Mailing Lists\01 January 2025\122089_LT_NA_CL_SALTCASH\122089_LT_NA_CL_SALTCASH.csv","178","","0027120615943604784478725477904","2025-01-29T12:48:27.397324","2025-01-29T12:48:27.397324","\\nas\Mail Files\Mailing Lists\01 January 2025\122089_LT_NA_CL_SALTCASH\122089_LT_NA_CL_SALTCASH.csv","494","2025-01-29T12:48:27.397324","0","TX","0","\\nas\Mail Files\Mailing Lists\01 January 2025\122089_LT_NA_CL_SALTCASH\122089_LT_NA_CL_SALTCASH Qual.pdf","122089_LT_NA_CL_SALTCASH Qual.pdf","1738101405.2768292","false","2025-01-28T16:07:31","2025-01-28T16:05:40","122089_LT_NA_CL_SaltCash","122089_LT_NA_CL_SALTCASH","1","3","3","2","400","341","400","341","111","10","JK8CB0C0CFFA32AE4","JK8CB0C0CFFA32AE4-TKE028C224550B58E"
"5324 SENDERO HILLS PKWY","AUSTIN","TX","78724-6148","DAN LYPE","122089","122089_LT_NA_CL_SALTCASH","122089_LT_NA_CL_SALTCASH","\\nas\Mail Files\Mailing Lists\01 January 2025\122089_LT_NA_CL_SALTCASH","\\nas\Mail Files\Mailing Lists\01 January 2025\122089_LT_NA_CL_SALTCASH\122089_LT_NA_CL_SALTCASH.csv","179","","0027120615943604784578724614824","2025-01-29T12:48:27.397324","2025-01-29T12:48:27.397324","\\nas\Mail Files\Mailing Lists\01 January 2025\122089_LT_NA_CL_SALTCASH\122089_LT_NA_CL_SALTCASH.csv","494","2025-01-29T12:48:27.397324","0","TX","0","\\nas\Mail Files\Mailing Lists\01 January 2025\122089_LT_NA_CL_SALTCASH\122089_LT_NA_CL_SALTCASH Qual.pdf","122089_LT_NA_CL_SALTCASH Qual.pdf","1738101405.2768292","false","2025-01-28T16:07:31","2025-01-28T16:05:40","122089_LT_NA_CL_SaltCash","122089_LT_NA_CL_SALTCASH","1","3","3","2","400","341","400","341","111","10","JK8CB0C0CFFA32AE4","JK8CB0C0CFFA32AE4-TKE028C224550B58E"
"1423 YORKSHIRE DR","AUSTIN","TX","78723-1830","GEORGINA VAN RIS","122089","122089_LT_NA_CL_SALTCASH","122089_LT_NA_CL_SALTCASH","\\nas\Mail Files\Mailing Lists\01 January 2025\122089_LT_NA_CL_SALTCASH","\\nas\Mail Files\Mailing Lists\01 January 2025\122089_LT_NA_CL_SALTCASH\122089_LT_NA_CL_SALTCASH.csv","180","","0027120615943604784678723183023","2025-01-29T12:48:27.397324","2025-01-29T12:48:27.397324","\\nas\Mail Files\Mailing Lists\01 January 2025\122089_LT_NA_CL_SALTCASH\122089_LT_NA_CL_SALTCASH.csv","494","2025-01-29T12:48:27.397324","0","TX","0","\\nas\Mail Files\Mailing Lists\01 January 2025\122089_LT_NA_CL_SALTCASH\122089_LT_NA_CL_SALTCASH Qual.pdf","122089_LT_NA_CL_SALTCASH Qual.pdf","1738101405.2768292","false","2025-01-28T16:07:31","2025-01-28T16:05:40","122089_LT_NA_CL_SaltCash","122089_LT_NA_CL_SALTCASH","1","3","3","2","400","341","400","341","111","10","JK8CB0C0CFFA32AE4","JK8CB0C0CFFA32AE4-TKE028C224550B58E"
"5701 DELWOOD DR","AUSTIN","TX","78723-2608","JACOB VILLANUEVA","122089","122089_LT_NA_CL_SALTCASH","122089_LT_NA_CL_SALTCASH","\\nas\Mail Files\Mailing Lists\01 January 2025\122089_LT_NA_CL_SALTCASH","\\nas\Mail Files\Mailing Lists\01 January 2025\122089_LT_NA_CL_SALTCASH\122089_LT_NA_CL_SALTCASH.csv","181","","0027120615943604784778723260801","2025-01-29T12:48:27.397324","2025-01-29T12:48:27.397324","\\nas\Mail Files\Mailing Lists\01 January 2025\122089_LT_NA_CL_SALTCASH\122089_LT_NA_CL_SALTCASH.csv","494","2025-01-29T12:48:27.397324","0","TX","0","\\nas\Mail Files\Mailing Lists\01 January 2025\122089_LT_NA_CL_SALTCASH\122089_LT_NA_CL_SALTCASH Qual.pdf","122089_LT_NA_CL_SALTCASH Qual.pdf","1738101405.2768292","false","2025-01-28T16:07:31","2025-01-28T16:05:40","122089_LT_NA_CL_SaltCash","122089_LT_NA_CL_SALTCASH","1","3","3","2","400","341","400","341","111","10","JK8CB0C0CFFA32AE4","JK8CB0C0CFFA32AE4-TKE028C224550B58E"
"1414 BRIARCLIFF BLVD","AUSTIN","TX","78723-1809","ALEX CARMICHAEL","122089","122089_LT_NA_CL_SALTCASH","122089_LT_NA_CL_SALTCASH","\\nas\Mail Files\Mailing Lists\01 January 2025\122089_LT_NA_CL_SALTCASH","\\nas\Mail Files\Mailing Lists\01 January 2025\122089_LT_NA_CL_SALTCASH\122089_LT_NA_CL_SALTCASH.csv","182","","0027120615943604784878723180914","2025-01-29T12:48:27.397324","2025-01-29T12:48:27.397324","\\nas\Mail Files\Mailing Lists\01 January 2025\122089_LT_NA_CL_SALTCASH\122089_LT_NA_CL_SALTCASH.csv","494","2025-01-29T12:48:27.397324","0","TX","0","\\nas\Mail Files\Mailing Lists\01 January 2025\122089_LT_NA_CL_SALTCASH\122089_LT_NA_CL_SALTCASH Qual.pdf","122089_LT_NA_CL_SALTCASH Qual.pdf","1738101405.2768292","false","2025-01-28T16:07:31","2025-01-28T16:05:40","122089_LT_NA_CL_SaltCash","122089_LT_NA_CL_SALTCASH","1","3","3","2","400","341","400","341","111","10","JK8CB0C0CFFA32AE4","JK8CB0C0CFFA32AE4-TKE028C224550B58E"
"2261 ZACH SCOTT ST","AUSTIN","TX","78723-5463","JEAN GERMAIN","122089","122089_LT_NA_CL_SALTCASH","122089_LT_NA_CL_SALTCASH","\\nas\Mail Files\Mailing Lists\01 January 2025\122089_LT_NA_CL_SALTCASH","\\nas\Mail Files\Mailing Lists\01 January 2025\122089_LT_NA_CL_SALTCASH\122089_LT_NA_CL_SALTCASH.csv","183","","0027120615943604784978723546361","2025-01-29T12:48:27.397324","2025-01-29T12:48:27.397324","\\nas\Mail Files\Mailing Lists\01 January 2025\122089_LT_NA_CL_SALTCASH\122089_LT_NA_CL_SALTCASH.csv","494","2025-01-29T12:48:27.397324","0","TX","0","\\nas\Mail Files\Mailing Lists\01 January 2025\122089_LT_NA_CL_SALTCASH\122089_LT_NA_CL_SALTCASH Qual.pdf","122089_LT_NA_CL_SALTCASH Qual.pdf","1738101405.2768292","false","2025-01-28T16:07:31","2025-01-28T16:05:40","122089_LT_NA_CL_SaltCash","122089_LT_NA_CL_SALTCASH","1","3","3","2","400","341","400","341","111","10","JK8CB0C0CFFA32AE4","JK8CB0C0CFFA32AE4-TKE028C224550B58E"
"4219 BERKMAN DR","AUSTIN","TX","78723-4665","SHANE WARE","122089","122089_LT_NA_CL_SALTCASH","122089_LT_NA_CL_SALTCASH","\\nas\Mail Files\Mailing Lists\01 January 2025\122089_LT_NA_CL_SALTCASH","\\nas\Mail Files\Mailing Lists\01 January 2025\122089_LT_NA_CL_SALTCASH\122089_LT_NA_CL_SALTCASH.csv","184","","0027120615943604785078723466519","2025-01-29T12:48:27.397324","2025-01-29T12:48:27.397324","\\nas\Mail Files\Mailing Lists\01 January 2025\122089_LT_NA_CL_SALTCASH\122089_LT_NA_CL_SALTCASH.csv","494","2025-01-29T12:48:27.397324","0","TX","0","\\nas\Mail Files\Mailing Lists\01 January 2025\122089_LT_NA_CL_SALTCASH\122089_LT_NA_CL_SALTCASH Qual.pdf","122089_LT_NA_CL_SALTCASH Qual.pdf","1738101405.2768292","false","2025-01-28T16:07:31","2025-01-28T16:05:40","122089_LT_NA_CL_SaltCash","122089_LT_NA_CL_SALTCASH","1","3","3","2","400","341","400","341","111","10","JK8CB0C0CFFA32AE4","JK8CB0C0CFFA32AE4-TKE028C224550B58E"
"6505 HICKMAN AVE","AUSTIN","TX","78723-1922","CARLEY MELANCON","122089","122089_LT_NA_CL_SALTCASH","122089_LT_NA_CL_SALTCASH","\\nas\Mail Files\Mailing Lists\01 January 2025\122089_LT_NA_CL_SALTCASH","\\nas\Mail Files\Mailing Lists\01 January 2025\122089_LT_NA_CL_SALTCASH\122089_LT_NA_CL_SALTCASH.csv","185","","0027120615943604785178723192205","2025-01-29T12:48:27.397324","2025-01-29T12:48:27.397324","\\nas\Mail Files\Mailing Lists\01 January 2025\122089_LT_NA_CL_SALTCASH\122089_LT_NA_CL_SALTCASH.csv","494","2025-01-29T12:48:27.397324","0","TX","0","\\nas\Mail Files\Mailing Lists\01 January 2025\122089_LT_NA_CL_SALTCASH\122089_LT_NA_CL_SALTCASH Qual.pdf","122089_LT_NA_CL_SALTCASH Qual.pdf","1738101405.2768292","false","2025-01-28T16:07:31","2025-01-28T16:05:40","122089_LT_NA_CL_SaltCash","122089_LT_NA_CL_SALTCASH","1","3","3","2","400","341","400","341","111","10","JK8CB0C0CFFA32AE4","JK8CB0C0CFFA32AE4-TKE028C224550B58E"
"2516 DOC REEVES ST","AUSTIN","TX","78723-4910","SHERI RAVENSCROFT","122089","122089_LT_NA_CL_SALTCASH","122089_LT_NA_CL_SALTCASH","\\nas\Mail Files\Mailing Lists\01 January 2025\122089_LT_NA_CL_SALTCASH","\\nas\Mail Files\Mailing Lists\01 January 2025\122089_LT_NA_CL_SALTCASH\122089_LT_NA_CL_SALTCASH.csv","186","","0027120615943604785278723491016","2025-01-29T12:48:27.397324","2025-01-29T12:48:27.397324","\\nas\Mail Files\Mailing Lists\01 January 2025\122089_LT_NA_CL_SALTCASH\122089_LT_NA_CL_SALTCASH.csv","494","2025-01-29T12:48:27.397324","0","TX","0","\\nas\Mail Files\Mailing Lists\01 January 2025\122089_LT_NA_CL_SALTCASH\122089_LT_NA_CL_SALTCASH Qual.pdf","122089_LT_NA_CL_SALTCASH Qual.pdf","1738101405.2768292","false","2025-01-28T16:07:31","2025-01-28T16:05:40","122089_LT_NA_CL_SaltCash","122089_LT_NA_CL_SALTCASH","1","3","3","2","400","341","400","341","111","10","JK8CB0C0CFFA32AE4","JK8CB0C0CFFA32AE4-TKE028C224550B58E"
"1309 E 52ND ST","AUSTIN","TX","78723-3068","LOVETTE APPLETON","122089","122089_LT_NA_CL_SALTCASH","122089_LT_NA_CL_SALTCASH","\\nas\Mail Files\Mailing Lists\01 January 2025\122089_LT_NA_CL_SALTCASH","\\nas\Mail Files\Mailing Lists\01 January 2025\122089_LT_NA_CL_SALTCASH\122089_LT_NA_CL_SALTCASH.csv","187","","0027120615943604785378723306899","2025-01-29T12:48:27.397324","2025-01-29T12:48:27.397324","\\nas\Mail Files\Mailing Lists\01 January 2025\122089_LT_NA_CL_SALTCASH\122089_LT_NA_CL_SALTCASH.csv","494","2025-01-29T12:48:27.397324","0","TX","0","\\nas\Mail Files\Mailing Lists\01 January 2025\122089_LT_NA_CL_SALTCASH\122089_LT_NA_CL_SALTCASH Qual.pdf","122089_LT_NA_CL_SALTCASH Qual.pdf","1738101405.2768292","false","2025-01-28T16:07:31","2025-01-28T16:05:40","122089_LT_NA_CL_SaltCash","122089_LT_NA_CL_SALTCASH","1","3","3","2","400","341","400","341","111","10","JK8CB0C0CFFA32AE4","JK8CB0C0CFFA32AE4-TKE028C224550B58E"
"6504 WILLAMETTE DR","AUSTIN","TX","78723-2109","ROSS BAXTER","122089","122089_LT_NA_CL_SALTCASH","122089_LT_NA_CL_SALTCASH","\\nas\Mail Files\Mailing Lists\01 January 2025\122089_LT_NA_CL_SALTCASH","\\nas\Mail Files\Mailing Lists\01 January 2025\122089_LT_NA_CL_SALTCASH\122089_LT_NA_CL_SALTCASH.csv","188","","0027120615943604785478723210904","2025-01-29T12:48:27.397324","2025-01-29T12:48:27.397324","\\nas\Mail Files\Mailing Lists\01 January 2025\122089_LT_NA_CL_SALTCASH\122089_LT_NA_CL_SALTCASH.csv","494","2025-01-29T12:48:27.397324","0","TX","0","\\nas\Mail Files\Mailing Lists\01 January 2025\122089_LT_NA_CL_SALTCASH\122089_LT_NA_CL_SALTCASH Qual.pdf","122089_LT_NA_CL_SALTCASH Qual.pdf","1738101405.2768292","false","2025-01-28T16:07:31","2025-01-28T16:05:40","122089_LT_NA_CL_SaltCash","122089_LT_NA_CL_SALTCASH","1","3","3","2","400","341","400","341","111","10","JK8CB0C0CFFA32AE4","JK8CB0C0CFFA32AE4-TKE028C224550B58E"
"3310 RANDOLPH RD","AUSTIN","TX","78722-1613","BERNICE SUTTON","122089","122089_LT_NA_CL_SALTCASH","122089_LT_NA_CL_SALTCASH","\\nas\Mail Files\Mailing Lists\01 January 2025\122089_LT_NA_CL_SALTCASH","\\nas\Mail Files\Mailing Lists\01 January 2025\122089_LT_NA_CL_SALTCASH\122089_LT_NA_CL_SALTCASH.csv","189","","0027120615943604785578722161310","2025-01-29T12:48:27.397324","2025-01-29T12:48:27.397324","\\nas\Mail Files\Mailing Lists\01 January 2025\122089_LT_NA_CL_SALTCASH\122089_LT_NA_CL_SALTCASH.csv","494","2025-01-29T12:48:27.397324","0","TX","0","\\nas\Mail Files\Mailing Lists\01 January 2025\122089_LT_NA_CL_SALTCASH\122089_LT_NA_CL_SALTCASH Qual.pdf","122089_LT_NA_CL_SALTCASH Qual.pdf","1738101405.2768292","false","2025-01-28T16:07:31","2025-01-28T16:05:40","122089_LT_NA_CL_SaltCash","122089_LT_NA_CL_SALTCASH","1","3","3","2","400","341","400","341","111","10","JK8CB0C0CFFA32AE4","JK8CB0C0CFFA32AE4-TKE028C224550B58E"
"1118 ELEANOR ST","AUSTIN","TX","78721-2116","JEFF BERRYMAN","122089","122089_LT_NA_CL_SALTCASH","122089_LT_NA_CL_SALTCASH","\\nas\Mail Files\Mailing Lists\01 January 2025\122089_LT_NA_CL_SALTCASH","\\nas\Mail Files\Mailing Lists\01 January 2025\122089_LT_NA_CL_SALTCASH\122089_LT_NA_CL_SALTCASH.csv","190","","0027120615943604785678721211618","2025-01-29T12:48:27.397324","2025-01-29T12:48:27.397324","\\nas\Mail Files\Mailing Lists\01 January 2025\122089_LT_NA_CL_SALTCASH\122089_LT_NA_CL_SALTCASH.csv","494","2025-01-29T12:48:27.397324","0","TX","0","\\nas\Mail Files\Mailing Lists\01 January 2025\122089_LT_NA_CL_SALTCASH\122089_LT_NA_CL_SALTCASH Qual.pdf","122089_LT_NA_CL_SALTCASH Qual.pdf","1738101405.2768292","false","2025-01-28T16:07:31","2025-01-28T16:05:40","122089_LT_NA_CL_SaltCash","122089_LT_NA_CL_SALTCASH","1","3","3","2","400","341","400","341","111","10","JK8CB0C0CFFA32AE4","JK8CB0C0CFFA32AE4-TKE028C224550B58E"
"1600 PEREZ ST","AUSTIN","TX","78721-1282","EDUARDO GONZALEZ","122089","122089_LT_NA_CL_SALTCASH","122089_LT_NA_CL_SALTCASH","\\nas\Mail Files\Mailing Lists\01 January 2025\122089_LT_NA_CL_SALTCASH","\\nas\Mail Files\Mailing Lists\01 January 2025\122089_LT_NA_CL_SALTCASH\122089_LT_NA_CL_SALTCASH.csv","191","","0027120615943604785778721128299","2025-01-29T12:48:27.397324","2025-01-29T12:48:27.397324","\\nas\Mail Files\Mailing Lists\01 January 2025\122089_LT_NA_CL_SALTCASH\122089_LT_NA_CL_SALTCASH.csv","494","2025-01-29T12:48:27.397324","0","TX","0","\\nas\Mail Files\Mailing Lists\01 January 2025\122089_LT_NA_CL_SALTCASH\122089_LT_NA_CL_SALTCASH Qual.pdf","122089_LT_NA_CL_SALTCASH Qual.pdf","1738101405.2768292","false","2025-01-28T16:07:31","2025-01-28T16:05:40","122089_LT_NA_CL_SaltCash","122089_LT_NA_CL_SALTCASH","1","3","3","2","400","341","400","341","111","10","JK8CB0C0CFFA32AE4","JK8CB0C0CFFA32AE4-TKE028C224550B58E"
"4703 OAK CLIFF DR","AUSTIN","TX","78721-1535","ALEXA BALL","122089","122089_LT_NA_CL_SALTCASH","122089_LT_NA_CL_SALTCASH","\\nas\Mail Files\Mailing Lists\01 January 2025\122089_LT_NA_CL_SALTCASH","\\nas\Mail Files\Mailing Lists\01 January 2025\122089_LT_NA_CL_SALTCASH\122089_LT_NA_CL_SALTCASH.csv","192","","0027120615943604785878721153503","2025-01-29T12:48:27.397324","2025-01-29T12:48:27.397324","\\nas\Mail Files\Mailing Lists\01 January 2025\122089_LT_NA_CL_SALTCASH\122089_LT_NA_CL_SALTCASH.csv","494","2025-01-29T12:48:27.397324","0","TX","0","\\nas\Mail Files\Mailing Lists\01 January 2025\122089_LT_NA_CL_SALTCASH\122089_LT_NA_CL_SALTCASH Qual.pdf","122089_LT_NA_CL_SALTCASH Qual.pdf","1738101405.2768292","false","2025-01-28T16:07:31","2025-01-28T16:05:40","122089_LT_NA_CL_SaltCash","122089_LT_NA_CL_SALTCASH","1","3","3","2","400","341","400","341","111","10","JK8CB0C0CFFA32AE4","JK8CB0C0CFFA32AE4-TKE028C224550B58E"
"428 SOUTHERN CROSS DR","AUSTIN","TX","78717-4949","TOM NAVICKAS","122089","122089_LT_NA_CL_SALTCASH","122089_LT_NA_CL_SALTCASH","\\nas\Mail Files\Mailing Lists\01 January 2025\122089_LT_NA_CL_SALTCASH","\\nas\Mail Files\Mailing Lists\01 January 2025\122089_LT_NA_CL_SALTCASH\122089_LT_NA_CL_SALTCASH.csv","193","","0027120615943604785978717494928","2025-01-29T12:48:27.397324","2025-01-29T12:48:27.397324","\\nas\Mail Files\Mailing Lists\01 January 2025\122089_LT_NA_CL_SALTCASH\122089_LT_NA_CL_SALTCASH.csv","494","2025-01-29T12:48:27.397324","0","TX","0","\\nas\Mail Files\Mailing Lists\01 January 2025\122089_LT_NA_CL_SALTCASH\122089_LT_NA_CL_SALTCASH Qual.pdf","122089_LT_NA_CL_SALTCASH Qual.pdf","1738101405.2768292","false","2025-01-28T16:07:31","2025-01-28T16:05:40","122089_LT_NA_CL_SaltCash","122089_LT_NA_CL_SALTCASH","1","3","3","2","400","341","400","341","111","10","JK8CB0C0CFFA32AE4","JK8CB0C0CFFA32AE4-TKE028C224550B58E"
"10516 MEDINAH GREENS DR","AUSTIN","TX","78717-3803","SEAN WARFIELD","122089","122089_LT_NA_CL_SALTCASH","122089_LT_NA_CL_SALTCASH","\\nas\Mail Files\Mailing Lists\01 January 2025\122089_LT_NA_CL_SALTCASH","\\nas\Mail Files\Mailing Lists\01 January 2025\122089_LT_NA_CL_SALTCASH\122089_LT_NA_CL_SALTCASH.csv","194","","0027120615943604786078717380316","2025-01-29T12:48:27.397324","2025-01-29T12:48:27.397324","\\nas\Mail Files\Mailing Lists\01 January 2025\122089_LT_NA_CL_SALTCASH\122089_LT_NA_CL_SALTCASH.csv","494","2025-01-29T12:48:27.397324","0","TX","0","\\nas\Mail Files\Mailing Lists\01 January 2025\122089_LT_NA_CL_SALTCASH\122089_LT_NA_CL_SALTCASH Qual.pdf","122089_LT_NA_CL_SALTCASH Qual.pdf","1738101405.2768292","false","2025-01-28T16:07:31","2025-01-28T16:05:40","122089_LT_NA_CL_SaltCash","122089_LT_NA_CL_SALTCASH","1","3","3","2","400","341","400","341","111","10","JK8CB0C0CFFA32AE4","JK8CB0C0CFFA32AE4-TKE028C224550B58E"
"13805 ZINK BND","AUSTIN","TX","78717-5389","DENISE ESPER","122089","122089_LT_NA_CL_SALTCASH","122089_LT_NA_CL_SALTCASH","\\nas\Mail Files\Mailing Lists\01 January 2025\122089_LT_NA_CL_SALTCASH","\\nas\Mail Files\Mailing Lists\01 January 2025\122089_LT_NA_CL_SALTCASH\122089_LT_NA_CL_SALTCASH.csv","195","","0027120615943604786178717538905","2025-01-29T12:48:27.397324","2025-01-29T12:48:27.397324","\\nas\Mail Files\Mailing Lists\01 January 2025\122089_LT_NA_CL_SALTCASH\122089_LT_NA_CL_SALTCASH.csv","494","2025-01-29T12:48:27.397324","0","TX","0","\\nas\Mail Files\Mailing Lists\01 January 2025\122089_LT_NA_CL_SALTCASH\122089_LT_NA_CL_SALTCASH Qual.pdf","122089_LT_NA_CL_SALTCASH Qual.pdf","1738101405.2768292","false","2025-01-28T16:07:31","2025-01-28T16:05:40","122089_LT_NA_CL_SaltCash","122089_LT_NA_CL_SALTCASH","1","3","3","2","400","341","400","341","111","10","JK8CB0C0CFFA32AE4","JK8CB0C0CFFA32AE4-TKE028C224550B58E"
"14709 SHALLOW WATER CV","AUSTIN","TX","78717-4497","LUCY ALLMAN","122089","122089_LT_NA_CL_SALTCASH","122089_LT_NA_CL_SALTCASH","\\nas\Mail Files\Mailing Lists\01 January 2025\122089_LT_NA_CL_SALTCASH","\\nas\Mail Files\Mailing Lists\01 January 2025\122089_LT_NA_CL_SALTCASH\122089_LT_NA_CL_SALTCASH.csv","196","","0027120615943604786278717449709","2025-01-29T12:48:27.397324","2025-01-29T12:48:27.397324","\\nas\Mail Files\Mailing Lists\01 January 2025\122089_LT_NA_CL_SALTCASH\122089_LT_NA_CL_SALTCASH.csv","494","2025-01-29T12:48:27.397324","0","TX","0","\\nas\Mail Files\Mailing Lists\01 January 2025\122089_LT_NA_CL_SALTCASH\122089_LT_NA_CL_SALTCASH Qual.pdf","122089_LT_NA_CL_SALTCASH Qual.pdf","1738101405.2768292","false","2025-01-28T16:07:31","2025-01-28T16:05:40","122089_LT_NA_CL_SaltCash","122089_LT_NA_CL_SALTCASH","1","3","3","2","400","341","400","341","111","10","JK8CB0C0CFFA32AE4","JK8CB0C0CFFA32AE4-TKE028C224550B58E"
"9604 PALMBROOK DR","AUSTIN","TX","78717-3895","PAIGE BRADY","122089","122089_LT_NA_CL_SALTCASH","122089_LT_NA_CL_SALTCASH","\\nas\Mail Files\Mailing Lists\01 January 2025\122089_LT_NA_CL_SALTCASH","\\nas\Mail Files\Mailing Lists\01 January 2025\122089_LT_NA_CL_SALTCASH\122089_LT_NA_CL_SALTCASH.csv","197","","0027120615943604786378717389504","2025-01-29T12:48:27.397324","2025-01-29T12:48:27.397324","\\nas\Mail Files\Mailing Lists\01 January 2025\122089_LT_NA_CL_SALTCASH\122089_LT_NA_CL_SALTCASH.csv","494","2025-01-29T12:48:27.397324","0","TX","0","\\nas\Mail Files\Mailing Lists\01 January 2025\122089_LT_NA_CL_SALTCASH\122089_LT_NA_CL_SALTCASH Qual.pdf","122089_LT_NA_CL_SALTCASH Qual.pdf","1738101405.2768292","false","2025-01-28T16:07:31","2025-01-28T16:05:40","122089_LT_NA_CL_SaltCash","122089_LT_NA_CL_SALTCASH","1","3","3","2","400","341","400","341","111","10","JK8CB0C0CFFA32AE4","JK8CB0C0CFFA32AE4-TKE028C224550B58E"
"11305 CULZEAN CASTLE DR","AUSTIN","TX","78717-2400","KATHY GLANKLER","122089","122089_LT_NA_CL_SALTCASH","122089_LT_NA_CL_SALTCASH","\\nas\Mail Files\Mailing Lists\01 January 2025\122089_LT_NA_CL_SALTCASH","\\nas\Mail Files\Mailing Lists\01 January 2025\122089_LT_NA_CL_SALTCASH\122089_LT_NA_CL_SALTCASH.csv","198","","0027120615943604786478717240005","2025-01-29T12:48:27.397324","2025-01-29T12:48:27.397324","\\nas\Mail Files\Mailing Lists\01 January 2025\122089_LT_NA_CL_SALTCASH\122089_LT_NA_CL_SALTCASH.csv","494","2025-01-29T12:48:27.397324","0","TX","0","\\nas\Mail Files\Mailing Lists\01 January 2025\122089_LT_NA_CL_SALTCASH\122089_LT_NA_CL_SALTCASH Qual.pdf","122089_LT_NA_CL_SALTCASH Qual.pdf","1738101405.2768292","false","2025-01-28T16:07:31","2025-01-28T16:05:40","122089_LT_NA_CL_SaltCash","122089_LT_NA_CL_SALTCASH","1","3","3","2","400","341","400","341","111","10","JK8CB0C0CFFA32AE4","JK8CB0C0CFFA32AE4-TKE028C224550B58E"
"831 E 38TH ST","AUSTIN","TX","78705-1809","ALLISON WHITE","122089","122089_LT_NA_CL_SALTCASH","122089_LT_NA_CL_SALTCASH","\\nas\Mail Files\Mailing Lists\01 January 2025\122089_LT_NA_CL_SALTCASH","\\nas\Mail Files\Mailing Lists\01 January 2025\122089_LT_NA_CL_SALTCASH\122089_LT_NA_CL_SALTCASH.csv","199","","0027120615943604786578705180931","2025-01-29T12:48:27.397324","2025-01-29T12:48:27.397324","\\nas\Mail Files\Mailing Lists\01 January 2025\122089_LT_NA_CL_SALTCASH\122089_LT_NA_CL_SALTCASH.csv","494","2025-01-29T12:48:27.397324","0","TX","0","\\nas\Mail Files\Mailing Lists\01 January 2025\122089_LT_NA_CL_SALTCASH\122089_LT_NA_CL_SALTCASH Qual.pdf","122089_LT_NA_CL_SALTCASH Qual.pdf","1738101405.2768292","false","2025-01-28T16:07:31","2025-01-28T16:05:40","122089_LT_NA_CL_SaltCash","122089_LT_NA_CL_SALTCASH","1","3","3","2","400","341","400","341","111","10","JK8CB0C0CFFA32AE4","JK8CB0C0CFFA32AE4-TKE028C224550B58E"
"310 W 37TH ST","AUSTIN","TX","78705-1418","ERIC BRYNSVOLD","122089","122089_LT_NA_CL_SALTCASH","122089_LT_NA_CL_SALTCASH","\\nas\Mail Files\Mailing Lists\01 January 2025\122089_LT_NA_CL_SALTCASH","\\nas\Mail Files\Mailing Lists\01 January 2025\122089_LT_NA_CL_SALTCASH\122089_LT_NA_CL_SALTCASH.csv","200","","0027120615943604786678705141810","2025-01-29T12:48:27.397324","2025-01-29T12:48:27.397324","\\nas\Mail Files\Mailing Lists\01 January 2025\122089_LT_NA_CL_SALTCASH\122089_LT_NA_CL_SALTCASH.csv","494","2025-01-29T12:48:27.397324","0","TX","0","\\nas\Mail Files\Mailing Lists\01 January 2025\122089_LT_NA_CL_SALTCASH\122089_LT_NA_CL_SALTCASH Qual.pdf","122089_LT_NA_CL_SALTCASH Qual.pdf","1738101405.2768292","false","2025-01-28T16:07:31","2025-01-28T16:05:40","122089_LT_NA_CL_SaltCash","122089_LT_NA_CL_SALTCASH","1","3","3","2","400","341","400","341","111","10","JK8CB0C0CFFA32AE4","JK8CB0C0CFFA32AE4-TKE028C224550B58E"
"2412 LITTLE JOHN LN","AUSTIN","TX","78704-5617","DEVON ARMISTEAD","122089","122089_LT_NA_CL_SALTCASH","122089_LT_NA_CL_SALTCASH","\\nas\Mail Files\Mailing Lists\01 January 2025\122089_LT_NA_CL_SALTCASH","\\nas\Mail Files\Mailing Lists\01 January 2025\122089_LT_NA_CL_SALTCASH\122089_LT_NA_CL_SALTCASH.csv","201","","0027120615943604786778704561712","2025-01-29T12:48:27.397324","2025-01-29T12:48:27.397324","\\nas\Mail Files\Mailing Lists\01 January 2025\122089_LT_NA_CL_SALTCASH\122089_LT_NA_CL_SALTCASH.csv","494","2025-01-29T12:48:27.397324","0","TX","0","\\nas\Mail Files\Mailing Lists\01 January 2025\122089_LT_NA_CL_SALTCASH\122089_LT_NA_CL_SALTCASH Qual.pdf","122089_LT_NA_CL_SALTCASH Qual.pdf","1738101405.2768292","false","2025-01-28T16:07:31","2025-01-28T16:05:40","122089_LT_NA_CL_SaltCash","122089_LT_NA_CL_SALTCASH","1","3","3","2","400","341","400","341","111","10","JK8CB0C0CFFA32AE4","JK8CB0C0CFFA32AE4-TKE028C224550B58E"
"2903 GEM CIR","AUSTIN","TX","78704-6333","ANA MOLINA","122089","122089_LT_NA_CL_SALTCASH","122089_LT_NA_CL_SALTCASH","\\nas\Mail Files\Mailing Lists\01 January 2025\122089_LT_NA_CL_SALTCASH","\\nas\Mail Files\Mailing Lists\01 January 2025\122089_LT_NA_CL_SALTCASH\122089_LT_NA_CL_SALTCASH.csv","202","","0027120615943604786878704633303","2025-01-29T12:48:27.397324","2025-01-29T12:48:27.397324","\\nas\Mail Files\Mailing Lists\01 January 2025\122089_LT_NA_CL_SALTCASH\122089_LT_NA_CL_SALTCASH.csv","494","2025-01-29T12:48:27.397324","0","TX","0","\\nas\Mail Files\Mailing Lists\01 January 2025\122089_LT_NA_CL_SALTCASH\122089_LT_NA_CL_SALTCASH Qual.pdf","122089_LT_NA_CL_SALTCASH Qual.pdf","1738101405.2768292","false","2025-01-28T16:07:31","2025-01-28T16:05:40","122089_LT_NA_CL_SaltCash","122089_LT_NA_CL_SALTCASH","1","3","3","2","400","341","400","341","111","10","JK8CB0C0CFFA32AE4","JK8CB0C0CFFA32AE4-TKE028C224550B58E"
"2114 GOODRICH AVE","AUSTIN","TX","78704-4074","PHILLIP MAGNAY","122089","122089_LT_NA_CL_SALTCASH","122089_LT_NA_CL_SALTCASH","\\nas\Mail Files\Mailing Lists\01 January 2025\122089_LT_NA_CL_SALTCASH","\\nas\Mail Files\Mailing Lists\01 January 2025\122089_LT_NA_CL_SALTCASH\122089_LT_NA_CL_SALTCASH.csv","203","","0027120615943604786978704407499","2025-01-29T12:48:27.397324","2025-01-29T12:48:27.397324","\\nas\Mail Files\Mailing Lists\01 January 2025\122089_LT_NA_CL_SALTCASH\122089_LT_NA_CL_SALTCASH.csv","494","2025-01-29T12:48:27.397324","0","TX","0","\\nas\Mail Files\Mailing Lists\01 January 2025\122089_LT_NA_CL_SALTCASH\122089_LT_NA_CL_SALTCASH Qual.pdf","122089_LT_NA_CL_SALTCASH Qual.pdf","1738101405.2768292","false","2025-01-28T16:07:31","2025-01-28T16:05:40","122089_LT_NA_CL_SaltCash","122089_LT_NA_CL_SALTCASH","1","3","3","2","400","341","400","341","111","10","JK8CB0C0CFFA32AE4","JK8CB0C0CFFA32AE4-TKE028C224550B58E"
"3406 MENCHACA RD","AUSTIN","TX","78704-6073","RYAN PRICE","122089","122089_LT_NA_CL_SALTCASH","122089_LT_NA_CL_SALTCASH","\\nas\Mail Files\Mailing Lists\01 January 2025\122089_LT_NA_CL_SALTCASH","\\nas\Mail Files\Mailing Lists\01 January 2025\122089_LT_NA_CL_SALTCASH\122089_LT_NA_CL_SALTCASH.csv","204","","0027120615943604787078704607399","2025-01-29T12:48:27.397324","2025-01-29T12:48:27.397324","\\nas\Mail Files\Mailing Lists\01 January 2025\122089_LT_NA_CL_SALTCASH\122089_LT_NA_CL_SALTCASH.csv","494","2025-01-29T12:48:27.397324","0","TX","0","\\nas\Mail Files\Mailing Lists\01 January 2025\122089_LT_NA_CL_SALTCASH\122089_LT_NA_CL_SALTCASH Qual.pdf","122089_LT_NA_CL_SALTCASH Qual.pdf","1738101405.2768292","false","2025-01-28T16:07:31","2025-01-28T16:05:40","122089_LT_NA_CL_SaltCash","122089_LT_NA_CL_SALTCASH","1","3","3","2","400","341","400","341","111","10","JK8CB0C0CFFA32AE4","JK8CB0C0CFFA32AE4-TKE028C224550B58E"
"1506 BARTON HILLS DR","AUSTIN","TX","78704-2739","PHILIP HATCHETT","122089","122089_LT_NA_CL_SALTCASH","122089_LT_NA_CL_SALTCASH","\\nas\Mail Files\Mailing Lists\01 January 2025\122089_LT_NA_CL_SALTCASH","\\nas\Mail Files\Mailing Lists\01 January 2025\122089_LT_NA_CL_SALTCASH\122089_LT_NA_CL_SALTCASH.csv","205","","0027120615943604787178704273906","2025-01-29T12:48:27.397324","2025-01-29T12:48:27.397324","\\nas\Mail Files\Mailing Lists\01 January 2025\122089_LT_NA_CL_SALTCASH\122089_LT_NA_CL_SALTCASH.csv","494","2025-01-29T12:48:27.397324","0","TX","0","\\nas\Mail Files\Mailing Lists\01 January 2025\122089_LT_NA_CL_SALTCASH\122089_LT_NA_CL_SALTCASH Qual.pdf","122089_LT_NA_CL_SALTCASH Qual.pdf","1738101405.2768292","false","2025-01-28T16:07:31","2025-01-28T16:05:40","122089_LT_NA_CL_SaltCash","122089_LT_NA_CL_SALTCASH","1","3","3","2","400","341","400","341","111","10","JK8CB0C0CFFA32AE4","JK8CB0C0CFFA32AE4-TKE028C224550B58E"
"806 KINNEY AVE","AUSTIN","TX","78704-1437","STEVE WINTER","122089","122089_LT_NA_CL_SALTCASH","122089_LT_NA_CL_SALTCASH","\\nas\Mail Files\Mailing Lists\01 January 2025\122089_LT_NA_CL_SALTCASH","\\nas\Mail Files\Mailing Lists\01 January 2025\122089_LT_NA_CL_SALTCASH\122089_LT_NA_CL_SALTCASH.csv","206","","0027120615943604787278704143706","2025-01-29T12:48:27.397324","2025-01-29T12:48:27.397324","\\nas\Mail Files\Mailing Lists\01 January 2025\122089_LT_NA_CL_SALTCASH\122089_LT_NA_CL_SALTCASH.csv","494","2025-01-29T12:48:27.397324","0","TX","0","\\nas\Mail Files\Mailing Lists\01 January 2025\122089_LT_NA_CL_SALTCASH\122089_LT_NA_CL_SALTCASH Qual.pdf","122089_LT_NA_CL_SALTCASH Qual.pdf","1738101405.2768292","false","2025-01-28T16:07:31","2025-01-28T16:05:40","122089_LT_NA_CL_SaltCash","122089_LT_NA_CL_SALTCASH","1","3","3","2","400","341","400","341","111","10","JK8CB0C0CFFA32AE4","JK8CB0C0CFFA32AE4-TKE028C224550B58E"
"903 ETHEL ST","AUSTIN","TX","78704-1518","GINNY CATANIA","122089","122089_LT_NA_CL_SALTCASH","122089_LT_NA_CL_SALTCASH","\\nas\Mail Files\Mailing Lists\01 January 2025\122089_LT_NA_CL_SALTCASH","\\nas\Mail Files\Mailing Lists\01 January 2025\122089_LT_NA_CL_SALTCASH\122089_LT_NA_CL_SALTCASH.csv","207","","0027120615943604787378704151803","2025-01-29T12:48:27.397324","2025-01-29T12:48:27.397324","\\nas\Mail Files\Mailing Lists\01 January 2025\122089_LT_NA_CL_SALTCASH\122089_LT_NA_CL_SALTCASH.csv","494","2025-01-29T12:48:27.397324","0","TX","0","\\nas\Mail Files\Mailing Lists\01 January 2025\122089_LT_NA_CL_SALTCASH\122089_LT_NA_CL_SALTCASH Qual.pdf","122089_LT_NA_CL_SALTCASH Qual.pdf","1738101405.2768292","false","2025-01-28T16:07:31","2025-01-28T16:05:40","122089_LT_NA_CL_SaltCash","122089_LT_NA_CL_SALTCASH","1","3","3","2","400","341","400","341","111","10","JK8CB0C0CFFA32AE4","JK8CB0C0CFFA32AE4-TKE028C224550B58E"
"2109 WRIGHT ST","AUSTIN","TX","78704-2833","JOHN COLUCCI","122089","122089_LT_NA_CL_SALTCASH","122089_LT_NA_CL_SALTCASH","\\nas\Mail Files\Mailing Lists\01 January 2025\122089_LT_NA_CL_SALTCASH","\\nas\Mail Files\Mailing Lists\01 January 2025\122089_LT_NA_CL_SALTCASH\122089_LT_NA_CL_SALTCASH.csv","208","","0027120615943604787478704283309","2025-01-29T12:48:27.397324","2025-01-29T12:48:27.397324","\\nas\Mail Files\Mailing Lists\01 January 2025\122089_LT_NA_CL_SALTCASH\122089_LT_NA_CL_SALTCASH.csv","494","2025-01-29T12:48:27.397324","0","TX","0","\\nas\Mail Files\Mailing Lists\01 January 2025\122089_LT_NA_CL_SALTCASH\122089_LT_NA_CL_SALTCASH Qual.pdf","122089_LT_NA_CL_SALTCASH Qual.pdf","1738101405.2768292","false","2025-01-28T16:07:31","2025-01-28T16:05:40","122089_LT_NA_CL_SaltCash","122089_LT_NA_CL_SALTCASH","1","3","3","2","400","341","400","341","111","10","JK8CB0C0CFFA32AE4","JK8CB0C0CFFA32AE4-TKE028C224550B58E"
"3208 LOCKE LN","AUSTIN","TX","78704-6140","MICHAEL OWENS","122089","122089_LT_NA_CL_SALTCASH","122089_LT_NA_CL_SALTCASH","\\nas\Mail Files\Mailing Lists\01 January 2025\122089_LT_NA_CL_SALTCASH","\\nas\Mail Files\Mailing Lists\01 January 2025\122089_LT_NA_CL_SALTCASH\122089_LT_NA_CL_SALTCASH.csv","209","","0027120615943604787578704614008","2025-01-29T12:48:27.397324","2025-01-29T12:48:27.397324","\\nas\Mail Files\Mailing Lists\01 January 2025\122089_LT_NA_CL_SALTCASH\122089_LT_NA_CL_SALTCASH.csv","494","2025-01-29T12:48:27.397324","0","TX","0","\\nas\Mail Files\Mailing Lists\01 January 2025\122089_LT_NA_CL_SALTCASH\122089_LT_NA_CL_SALTCASH Qual.pdf","122089_LT_NA_CL_SALTCASH Qual.pdf","1738101405.2768292","false","2025-01-28T16:07:31","2025-01-28T16:05:40","122089_LT_NA_CL_SaltCash","122089_LT_NA_CL_SALTCASH","1","3","3","2","400","341","400","341","111","10","JK8CB0C0CFFA32AE4","JK8CB0C0CFFA32AE4-TKE028C224550B58E"
"1503 DEXTER ST","AUSTIN","TX","78704-2215","SEAN & NICOLE SLOAN","122089","122089_LT_NA_CL_SALTCASH","122089_LT_NA_CL_SALTCASH","\\nas\Mail Files\Mailing Lists\01 January 2025\122089_LT_NA_CL_SALTCASH","\\nas\Mail Files\Mailing Lists\01 January 2025\122089_LT_NA_CL_SALTCASH\122089_LT_NA_CL_SALTCASH.csv","210","","0027120615943604787678704221503","2025-01-29T12:48:27.397324","2025-01-29T12:48:27.397324","\\nas\Mail Files\Mailing Lists\01 January 2025\122089_LT_NA_CL_SALTCASH\122089_LT_NA_CL_SALTCASH.csv","494","2025-01-29T12:48:27.397324","0","TX","0","\\nas\Mail Files\Mailing Lists\01 January 2025\122089_LT_NA_CL_SALTCASH\122089_LT_NA_CL_SALTCASH Qual.pdf","122089_LT_NA_CL_SALTCASH Qual.pdf","1738101405.2768292","false","2025-01-28T16:07:31","2025-01-28T16:05:40","122089_LT_NA_CL_SaltCash","122089_LT_NA_CL_SALTCASH","1","3","3","2","400","341","400","341","111","10","JK8CB0C0CFFA32AE4","JK8CB0C0CFFA32AE4-TKE028C224550B58E"
"1108 FAIRMOUNT AVE","AUSTIN","TX","78704-3624","MARK SCHADE","122089","122089_LT_NA_CL_SALTCASH","122089_LT_NA_CL_SALTCASH","\\nas\Mail Files\Mailing Lists\01 January 2025\122089_LT_NA_CL_SALTCASH","\\nas\Mail Files\Mailing Lists\01 January 2025\122089_LT_NA_CL_SALTCASH\122089_LT_NA_CL_SALTCASH.csv","211","","0027120615943604787778704362408","2025-01-29T12:48:27.397324","2025-01-29T12:48:27.397324","\\nas\Mail Files\Mailing Lists\01 January 2025\122089_LT_NA_CL_SALTCASH\122089_LT_NA_CL_SALTCASH.csv","494","2025-01-29T12:48:27.397324","0","TX","0","\\nas\Mail Files\Mailing Lists\01 January 2025\122089_LT_NA_CL_SALTCASH\122089_LT_NA_CL_SALTCASH Qual.pdf","122089_LT_NA_CL_SALTCASH Qual.pdf","1738101405.2768292","false","2025-01-28T16:07:31","2025-01-28T16:05:40","122089_LT_NA_CL_SaltCash","122089_LT_NA_CL_SALTCASH","1","3","3","2","400","341","400","341","111","10","JK8CB0C0CFFA32AE4","JK8CB0C0CFFA32AE4-TKE028C224550B58E"
"1118 GILLESPIE PL","AUSTIN","TX","78704-3626","DARYL FOX","122089","122089_LT_NA_CL_SALTCASH","122089_LT_NA_CL_SALTCASH","\\nas\Mail Files\Mailing Lists\01 January 2025\122089_LT_NA_CL_SALTCASH","\\nas\Mail Files\Mailing Lists\01 January 2025\122089_LT_NA_CL_SALTCASH\122089_LT_NA_CL_SALTCASH.csv","212","","0027120615943604787878704362618","2025-01-29T12:48:27.397324","2025-01-29T12:48:27.397324","\\nas\Mail Files\Mailing Lists\01 January 2025\122089_LT_NA_CL_SALTCASH\122089_LT_NA_CL_SALTCASH.csv","494","2025-01-29T12:48:27.397324","0","TX","0","\\nas\Mail Files\Mailing Lists\01 January 2025\122089_LT_NA_CL_SALTCASH\122089_LT_NA_CL_SALTCASH Qual.pdf","122089_LT_NA_CL_SALTCASH Qual.pdf","1738101405.2768292","false","2025-01-28T16:07:31","2025-01-28T16:05:40","122089_LT_NA_CL_SaltCash","122089_LT_NA_CL_SALTCASH","1","3","3","2","400","341","400","341","111","10","JK8CB0C0CFFA32AE4","JK8CB0C0CFFA32AE4-TKE028C224550B58E"
"1602 NICKERSON ST","AUSTIN","TX","78704-3543","MATT ROBINS","122089","122089_LT_NA_CL_SALTCASH","122089_LT_NA_CL_SALTCASH","\\nas\Mail Files\Mailing Lists\01 January 2025\122089_LT_NA_CL_SALTCASH","\\nas\Mail Files\Mailing Lists\01 January 2025\122089_LT_NA_CL_SALTCASH\122089_LT_NA_CL_SALTCASH.csv","213","","0027120615943604787978704354302","2025-01-29T12:48:27.397324","2025-01-29T12:48:27.397324","\\nas\Mail Files\Mailing Lists\01 January 2025\122089_LT_NA_CL_SALTCASH\122089_LT_NA_CL_SALTCASH.csv","494","2025-01-29T12:48:27.397324","0","TX","0","\\nas\Mail Files\Mailing Lists\01 January 2025\122089_LT_NA_CL_SALTCASH\122089_LT_NA_CL_SALTCASH Qual.pdf","122089_LT_NA_CL_SALTCASH Qual.pdf","1738101405.2768292","false","2025-01-28T16:07:31","2025-01-28T16:05:40","122089_LT_NA_CL_SaltCash","122089_LT_NA_CL_SALTCASH","1","3","3","2","400","341","400","341","111","10","JK8CB0C0CFFA32AE4","JK8CB0C0CFFA32AE4-TKE028C224550B58E"
"1608 KERR AVE","AUSTIN","TX","78704-1425","JOHAN CARL","122089","122089_LT_NA_CL_SALTCASH","122089_LT_NA_CL_SALTCASH","\\nas\Mail Files\Mailing Lists\01 January 2025\122089_LT_NA_CL_SALTCASH","\\nas\Mail Files\Mailing Lists\01 January 2025\122089_LT_NA_CL_SALTCASH\122089_LT_NA_CL_SALTCASH.csv","214","","0027120615943604788078704142508","2025-01-29T12:48:27.397324","2025-01-29T12:48:27.397324","\\nas\Mail Files\Mailing Lists\01 January 2025\122089_LT_NA_CL_SALTCASH\122089_LT_NA_CL_SALTCASH.csv","494","2025-01-29T12:48:27.397324","0","TX","0","\\nas\Mail Files\Mailing Lists\01 January 2025\122089_LT_NA_CL_SALTCASH\122089_LT_NA_CL_SALTCASH Qual.pdf","122089_LT_NA_CL_SALTCASH Qual.pdf","1738101405.2768292","false","2025-01-28T16:07:31","2025-01-28T16:05:40","122089_LT_NA_CL_SaltCash","122089_LT_NA_CL_SALTCASH","1","3","3","2","400","341","400","341","111","10","JK8CB0C0CFFA32AE4","JK8CB0C0CFFA32AE4-TKE028C224550B58E"
"2615 KINNEY OAKS CT","AUSTIN","TX","78704-4975","CHARLES BELL","122089","122089_LT_NA_CL_SALTCASH","122089_LT_NA_CL_SALTCASH","\\nas\Mail Files\Mailing Lists\01 January 2025\122089_LT_NA_CL_SALTCASH","\\nas\Mail Files\Mailing Lists\01 January 2025\122089_LT_NA_CL_SALTCASH\122089_LT_NA_CL_SALTCASH.csv","215","","0027120615943604788178704497515","2025-01-29T12:48:27.397324","2025-01-29T12:48:27.397324","\\nas\Mail Files\Mailing Lists\01 January 2025\122089_LT_NA_CL_SALTCASH\122089_LT_NA_CL_SALTCASH.csv","494","2025-01-29T12:48:27.397324","0","TX","0","\\nas\Mail Files\Mailing Lists\01 January 2025\122089_LT_NA_CL_SALTCASH\122089_LT_NA_CL_SALTCASH Qual.pdf","122089_LT_NA_CL_SALTCASH Qual.pdf","1738101405.2768292","false","2025-01-28T16:07:31","2025-01-28T16:05:40","122089_LT_NA_CL_SaltCash","122089_LT_NA_CL_SALTCASH","1","3","3","2","400","341","400","341","111","10","JK8CB0C0CFFA32AE4","JK8CB0C0CFFA32AE4-TKE028C224550B58E"
"1501 BARTON SPRINGS RD","AUSTIN","TX","78704-8882","MAXINE BARNETT","122089","122089_LT_NA_CL_SALTCASH","122089_LT_NA_CL_SALTCASH","\\nas\Mail Files\Mailing Lists\01 January 2025\122089_LT_NA_CL_SALTCASH","\\nas\Mail Files\Mailing Lists\01 January 2025\122089_LT_NA_CL_SALTCASH\122089_LT_NA_CL_SALTCASH.csv","216","","0027120615943604788278704888299","2025-01-29T12:48:27.397324","2025-01-29T12:48:27.397324","\\nas\Mail Files\Mailing Lists\01 January 2025\122089_LT_NA_CL_SALTCASH\122089_LT_NA_CL_SALTCASH.csv","494","2025-01-29T12:48:27.397324","0","TX","0","\\nas\Mail Files\Mailing Lists\01 January 2025\122089_LT_NA_CL_SALTCASH\122089_LT_NA_CL_SALTCASH Qual.pdf","122089_LT_NA_CL_SALTCASH Qual.pdf","1738101405.2768292","false","2025-01-28T16:07:31","2025-01-28T16:05:40","122089_LT_NA_CL_SaltCash","122089_LT_NA_CL_SALTCASH","1","3","3","2","400","341","400","341","111","10","JK8CB0C0CFFA32AE4","JK8CB0C0CFFA32AE4-TKE028C224550B58E"
"1605 CHELSEA LN","AUSTIN","TX","78704-2610","PETER DIXON","122089","122089_LT_NA_CL_SALTCASH","122089_LT_NA_CL_SALTCASH","\\nas\Mail Files\Mailing Lists\01 January 2025\122089_LT_NA_CL_SALTCASH","\\nas\Mail Files\Mailing Lists\01 January 2025\122089_LT_NA_CL_SALTCASH\122089_LT_NA_CL_SALTCASH.csv","217","","0027120615943604788378704261005","2025-01-29T12:48:27.397324","2025-01-29T12:48:27.397324","\\nas\Mail Files\Mailing Lists\01 January 2025\122089_LT_NA_CL_SALTCASH\122089_LT_NA_CL_SALTCASH.csv","494","2025-01-29T12:48:27.397324","0","TX","0","\\nas\Mail Files\Mailing Lists\01 January 2025\122089_LT_NA_CL_SALTCASH\122089_LT_NA_CL_SALTCASH Qual.pdf","122089_LT_NA_CL_SALTCASH Qual.pdf","1738101405.2768292","false","2025-01-28T16:07:31","2025-01-28T16:05:40","122089_LT_NA_CL_SaltCash","122089_LT_NA_CL_SALTCASH","1","3","3","2","400","341","400","341","111","10","JK8CB0C0CFFA32AE4","JK8CB0C0CFFA32AE4-TKE028C224550B58E"
"806 HERNDON LN","AUSTIN","TX","78704-5314","DIANA ZAKE","122089","122089_LT_NA_CL_SALTCASH","122089_LT_NA_CL_SALTCASH","\\nas\Mail Files\Mailing Lists\01 January 2025\122089_LT_NA_CL_SALTCASH","\\nas\Mail Files\Mailing Lists\01 January 2025\122089_LT_NA_CL_SALTCASH\122089_LT_NA_CL_SALTCASH.csv","218","","0027120615943604788478704531406","2025-01-29T12:48:27.397324","2025-01-29T12:48:27.397324","\\nas\Mail Files\Mailing Lists\01 January 2025\122089_LT_NA_CL_SALTCASH\122089_LT_NA_CL_SALTCASH.csv","494","2025-01-29T12:48:27.397324","0","TX","0","\\nas\Mail Files\Mailing Lists\01 January 2025\122089_LT_NA_CL_SALTCASH\122089_LT_NA_CL_SALTCASH Qual.pdf","122089_LT_NA_CL_SALTCASH Qual.pdf","1738101405.2768292","false","2025-01-28T16:07:31","2025-01-28T16:05:40","122089_LT_NA_CL_SaltCash","122089_LT_NA_CL_SALTCASH","1","3","3","2","400","341","400","341","111","10","JK8CB0C0CFFA32AE4","JK8CB0C0CFFA32AE4-TKE028C224550B58E"
"2202 WOODMONT AVE","AUSTIN","TX","78703-3252","RACHAEL HERZ","122089","122089_LT_NA_CL_SALTCASH","122089_LT_NA_CL_SALTCASH","\\nas\Mail Files\Mailing Lists\01 January 2025\122089_LT_NA_CL_SALTCASH","\\nas\Mail Files\Mailing Lists\01 January 2025\122089_LT_NA_CL_SALTCASH\122089_LT_NA_CL_SALTCASH.csv","219","","0027120615943604788578703325202","2025-01-29T12:48:27.397324","2025-01-29T12:48:27.397324","\\nas\Mail Files\Mailing Lists\01 January 2025\122089_LT_NA_CL_SALTCASH\122089_LT_NA_CL_SALTCASH.csv","494","2025-01-29T12:48:27.397324","0","TX","0","\\nas\Mail Files\Mailing Lists\01 January 2025\122089_LT_NA_CL_SALTCASH\122089_LT_NA_CL_SALTCASH Qual.pdf","122089_LT_NA_CL_SALTCASH Qual.pdf","1738101405.2768292","false","2025-01-28T16:07:31","2025-01-28T16:05:40","122089_LT_NA_CL_SaltCash","122089_LT_NA_CL_SALTCASH","1","3","3","2","400","341","400","341","111","10","JK8CB0C0CFFA32AE4","JK8CB0C0CFFA32AE4-TKE028C224550B58E"
"1902 SCENIC DR","AUSTIN","TX","78703-2041","BETSY MUELLER","122089","122089_LT_NA_CL_SALTCASH","122089_LT_NA_CL_SALTCASH","\\nas\Mail Files\Mailing Lists\01 January 2025\122089_LT_NA_CL_SALTCASH","\\nas\Mail Files\Mailing Lists\01 January 2025\122089_LT_NA_CL_SALTCASH\122089_LT_NA_CL_SALTCASH.csv","220","","0027120615943604788678703204102","2025-01-29T12:48:27.397324","2025-01-29T12:48:27.397324","\\nas\Mail Files\Mailing Lists\01 January 2025\122089_LT_NA_CL_SALTCASH\122089_LT_NA_CL_SALTCASH.csv","494","2025-01-29T12:48:27.397324","0","TX","0","\\nas\Mail Files\Mailing Lists\01 January 2025\122089_LT_NA_CL_SALTCASH\122089_LT_NA_CL_SALTCASH Qual.pdf","122089_LT_NA_CL_SALTCASH Qual.pdf","1738101405.2768292","false","2025-01-28T16:07:31","2025-01-28T16:05:40","122089_LT_NA_CL_SaltCash","122089_LT_NA_CL_SALTCASH","1","3","3","2","400","341","400","341","111","10","JK8CB0C0CFFA32AE4","JK8CB0C0CFFA32AE4-TKE028C224550B58E"
"1901 MCCALL RD","AUSTIN","TX","78703-3023","JIM HILLHOUSE","122089","122089_LT_NA_CL_SALTCASH","122089_LT_NA_CL_SALTCASH","\\nas\Mail Files\Mailing Lists\01 January 2025\122089_LT_NA_CL_SALTCASH","\\nas\Mail Files\Mailing Lists\01 January 2025\122089_LT_NA_CL_SALTCASH\122089_LT_NA_CL_SALTCASH.csv","221","","0027120615943604788778703302301","2025-01-29T12:48:27.397324","2025-01-29T12:48:27.397324","\\nas\Mail Files\Mailing Lists\01 January 2025\122089_LT_NA_CL_SALTCASH\122089_LT_NA_CL_SALTCASH.csv","494","2025-01-29T12:48:27.397324","0","TX","0","\\nas\Mail Files\Mailing Lists\01 January 2025\122089_LT_NA_CL_SALTCASH\122089_LT_NA_CL_SALTCASH Qual.pdf","122089_LT_NA_CL_SALTCASH Qual.pdf","1738101405.2768292","false","2025-01-28T16:07:31","2025-01-28T16:05:40","122089_LT_NA_CL_SaltCash","122089_LT_NA_CL_SALTCASH","1","3","3","2","400","341","400","341","111","10","JK8CB0C0CFFA32AE4","JK8CB0C0CFFA32AE4-TKE028C224550B58E"
"802 MERIDEN LN","AUSTIN","TX","78703-4536","BRIAN MALONEY","122089","122089_LT_NA_CL_SALTCASH","122089_LT_NA_CL_SALTCASH","\\nas\Mail Files\Mailing Lists\01 January 2025\122089_LT_NA_CL_SALTCASH","\\nas\Mail Files\Mailing Lists\01 January 2025\122089_LT_NA_CL_SALTCASH\122089_LT_NA_CL_SALTCASH.csv","222","","0027120615943604788878703453602","2025-01-29T12:48:27.397324","2025-01-29T12:48:27.397324","\\nas\Mail Files\Mailing Lists\01 January 2025\122089_LT_NA_CL_SALTCASH\122089_LT_NA_CL_SALTCASH.csv","494","2025-01-29T12:48:27.397324","0","TX","0","\\nas\Mail Files\Mailing Lists\01 January 2025\122089_LT_NA_CL_SALTCASH\122089_LT_NA_CL_SALTCASH Qual.pdf","122089_LT_NA_CL_SALTCASH Qual.pdf","1738101405.2768292","false","2025-01-28T16:07:31","2025-01-28T16:05:40","122089_LT_NA_CL_SaltCash","122089_LT_NA_CL_SALTCASH","1","3","3","2","400","341","400","341","111","10","JK8CB0C0CFFA32AE4","JK8CB0C0CFFA32AE4-TKE028C224550B58E"
"2404 WESTOVER RD","AUSTIN","TX","78703-1216","KENT LITTLE","122089","122089_LT_NA_CL_SALTCASH","122089_LT_NA_CL_SALTCASH","\\nas\Mail Files\Mailing Lists\01 January 2025\122089_LT_NA_CL_SALTCASH","\\nas\Mail Files\Mailing Lists\01 January 2025\122089_LT_NA_CL_SALTCASH\122089_LT_NA_CL_SALTCASH.csv","223","","0027120615943604788978703121604","2025-01-29T12:48:27.397324","2025-01-29T12:48:27.397324","\\nas\Mail Files\Mailing Lists\01 January 2025\122089_LT_NA_CL_SALTCASH\122089_LT_NA_CL_SALTCASH.csv","494","2025-01-29T12:48:27.397324","0","TX","0","\\nas\Mail Files\Mailing Lists\01 January 2025\122089_LT_NA_CL_SALTCASH\122089_LT_NA_CL_SALTCASH Qual.pdf","122089_LT_NA_CL_SALTCASH Qual.pdf","1738101405.2768292","false","2025-01-28T16:07:31","2025-01-28T16:05:40","122089_LT_NA_CL_SaltCash","122089_LT_NA_CL_SALTCASH","1","3","3","2","400","341","400","341","111","10","JK8CB0C0CFFA32AE4","JK8CB0C0CFFA32AE4-TKE028C224550B58E"
"2202 MCCULLOUGH ST","AUSTIN","TX","78703-1719","ROBERT HARRIS","122089","122089_LT_NA_CL_SALTCASH","122089_LT_NA_CL_SALTCASH","\\nas\Mail Files\Mailing Lists\01 January 2025\122089_LT_NA_CL_SALTCASH","\\nas\Mail Files\Mailing Lists\01 January 2025\122089_LT_NA_CL_SALTCASH\122089_LT_NA_CL_SALTCASH.csv","224","","0027120615943604789078703171902","2025-01-29T12:48:27.397324","2025-01-29T12:48:27.397324","\\nas\Mail Files\Mailing Lists\01 January 2025\122089_LT_NA_CL_SALTCASH\122089_LT_NA_CL_SALTCASH.csv","494","2025-01-29T12:48:27.397324","0","TX","0","\\nas\Mail Files\Mailing Lists\01 January 2025\122089_LT_NA_CL_SALTCASH\122089_LT_NA_CL_SALTCASH Qual.pdf","122089_LT_NA_CL_SALTCASH Qual.pdf","1738101405.2768292","false","2025-01-28T16:07:31","2025-01-28T16:05:40","122089_LT_NA_CL_SaltCash","122089_LT_NA_CL_SALTCASH","1","3","3","2","400","341","400","341","111","10","JK8CB0C0CFFA32AE4","JK8CB0C0CFFA32AE4-TKE028C224550B58E"
"2604 E 13TH ST","AUSTIN","TX","78702-1812","JAMIE EVANS","122089","122089_LT_NA_CL_SALTCASH","122089_LT_NA_CL_SALTCASH","\\nas\Mail Files\Mailing Lists\01 January 2025\122089_LT_NA_CL_SALTCASH","\\nas\Mail Files\Mailing Lists\01 January 2025\122089_LT_NA_CL_SALTCASH\122089_LT_NA_CL_SALTCASH.csv","225","","0027120615943604789178702181204","2025-01-29T12:48:27.397324","2025-01-29T12:48:27.397324","\\nas\Mail Files\Mailing Lists\01 January 2025\122089_LT_NA_CL_SALTCASH\122089_LT_NA_CL_SALTCASH.csv","494","2025-01-29T12:48:27.397324","0","TX","0","\\nas\Mail Files\Mailing Lists\01 January 2025\122089_LT_NA_CL_SALTCASH\122089_LT_NA_CL_SALTCASH Qual.pdf","122089_LT_NA_CL_SALTCASH Qual.pdf","1738101405.2768292","false","2025-01-28T16:07:31","2025-01-28T16:05:40","122089_LT_NA_CL_SaltCash","122089_LT_NA_CL_SALTCASH","1","3","3","2","400","341","400","341","111","10","JK8CB0C0CFFA32AE4","JK8CB0C0CFFA32AE4-TKE028C224550B58E"
"800 EMBASSY DR","AUSTIN","TX","78702-2720","JERRY WELSCH","122089","122089_LT_NA_CL_SALTCASH","122089_LT_NA_CL_SALTCASH","\\nas\Mail Files\Mailing Lists\01 January 2025\122089_LT_NA_CL_SALTCASH","\\nas\Mail Files\Mailing Lists\01 January 2025\122089_LT_NA_CL_SALTCASH\122089_LT_NA_CL_SALTCASH.csv","226","","0027120615943604789278702272099","2025-01-29T12:48:27.397324","2025-01-29T12:48:27.397324","\\nas\Mail Files\Mailing Lists\01 January 2025\122089_LT_NA_CL_SALTCASH\122089_LT_NA_CL_SALTCASH.csv","494","2025-01-29T12:48:27.397324","0","TX","0","\\nas\Mail Files\Mailing Lists\01 January 2025\122089_LT_NA_CL_SALTCASH\122089_LT_NA_CL_SALTCASH Qual.pdf","122089_LT_NA_CL_SALTCASH Qual.pdf","1738101405.2768292","false","2025-01-28T16:07:31","2025-01-28T16:05:40","122089_LT_NA_CL_SaltCash","122089_LT_NA_CL_SALTCASH","1","3","3","2","400","341","400","341","111","10","JK8CB0C0CFFA32AE4","JK8CB0C0CFFA32AE4-TKE028C224550B58E"
"306 TILLERY SQ","AUSTIN","TX","78702-4812","BRANDON HARRIS","122089","122089_LT_NA_CL_SALTCASH","122089_LT_NA_CL_SALTCASH","\\nas\Mail Files\Mailing Lists\01 January 2025\122089_LT_NA_CL_SALTCASH","\\nas\Mail Files\Mailing Lists\01 January 2025\122089_LT_NA_CL_SALTCASH\122089_LT_NA_CL_SALTCASH.csv","227","","0027120615943604789378702481206","2025-01-29T12:48:27.397324","2025-01-29T12:48:27.397324","\\nas\Mail Files\Mailing Lists\01 January 2025\122089_LT_NA_CL_SALTCASH\122089_LT_NA_CL_SALTCASH.csv","494","2025-01-29T12:48:27.397324","0","TX","0","\\nas\Mail Files\Mailing Lists\01 January 2025\122089_LT_NA_CL_SALTCASH\122089_LT_NA_CL_SALTCASH Qual.pdf","122089_LT_NA_CL_SALTCASH Qual.pdf","1738101405.2768292","false","2025-01-28T16:07:31","2025-01-28T16:05:40","122089_LT_NA_CL_SaltCash","122089_LT_NA_CL_SALTCASH","1","3","3","2","400","341","400","341","111","10","JK8CB0C0CFFA32AE4","JK8CB0C0CFFA32AE4-TKE028C224550B58E"
"2411 E 10TH ST","AUSTIN","TX","78702-3505","CHAD TOMLINSON","122089","122089_LT_NA_CL_SALTCASH","122089_LT_NA_CL_SALTCASH","\\nas\Mail Files\Mailing Lists\01 January 2025\122089_LT_NA_CL_SALTCASH","\\nas\Mail Files\Mailing Lists\01 January 2025\122089_LT_NA_CL_SALTCASH\122089_LT_NA_CL_SALTCASH.csv","228","","0027120615943604789478702350511","2025-01-29T12:48:27.397324","2025-01-29T12:48:27.397324","\\nas\Mail Files\Mailing Lists\01 January 2025\122089_LT_NA_CL_SALTCASH\122089_LT_NA_CL_SALTCASH.csv","494","2025-01-29T12:48:27.397324","0","TX","0","\\nas\Mail Files\Mailing Lists\01 January 2025\122089_LT_NA_CL_SALTCASH\122089_LT_NA_CL_SALTCASH Qual.pdf","122089_LT_NA_CL_SALTCASH Qual.pdf","1738101405.2768292","false","2025-01-28T16:07:31","2025-01-28T16:05:40","122089_LT_NA_CL_SaltCash","122089_LT_NA_CL_SALTCASH","1","3","3","2","400","341","400","341","111","10","JK8CB0C0CFFA32AE4","JK8CB0C0CFFA32AE4-TKE028C224550B58E"
"2300 E 10TH ST","AUSTIN","TX","78702-3504","PETER RASIMAS","122089","122089_LT_NA_CL_SALTCASH","122089_LT_NA_CL_SALTCASH","\\nas\Mail Files\Mailing Lists\01 January 2025\122089_LT_NA_CL_SALTCASH","\\nas\Mail Files\Mailing Lists\01 January 2025\122089_LT_NA_CL_SALTCASH\122089_LT_NA_CL_SALTCASH.csv","229","","0027120615943604789578702350400","2025-01-29T12:48:27.397324","2025-01-29T12:48:27.397324","\\nas\Mail Files\Mailing Lists\01 January 2025\122089_LT_NA_CL_SALTCASH\122089_LT_NA_CL_SALTCASH.csv","494","2025-01-29T12:48:27.397324","0","TX","0","\\nas\Mail Files\Mailing Lists\01 January 2025\122089_LT_NA_CL_SALTCASH\122089_LT_NA_CL_SALTCASH Qual.pdf","122089_LT_NA_CL_SALTCASH Qual.pdf","1738101405.2768292","false","2025-01-28T16:07:31","2025-01-28T16:05:40","122089_LT_NA_CL_SaltCash","122089_LT_NA_CL_SALTCASH","1","3","3","2","400","341","400","341","111","10","JK8CB0C0CFFA32AE4","JK8CB0C0CFFA32AE4-TKE028C224550B58E"
"2002 E 7TH ST","AUSTIN","TX","78702-3586","TIMOTHY BARTON","122089","122089_LT_NA_CL_SALTCASH","122089_LT_NA_CL_SALTCASH","\\nas\Mail Files\Mailing Lists\01 January 2025\122089_LT_NA_CL_SALTCASH","\\nas\Mail Files\Mailing Lists\01 January 2025\122089_LT_NA_CL_SALTCASH\122089_LT_NA_CL_SALTCASH.csv","230","","0027120615943604789678702358699","2025-01-29T12:48:27.397324","2025-01-29T12:48:27.397324","\\nas\Mail Files\Mailing Lists\01 January 2025\122089_LT_NA_CL_SALTCASH\122089_LT_NA_CL_SALTCASH.csv","494","2025-01-29T12:48:27.397324","0","TX","0","\\nas\Mail Files\Mailing Lists\01 January 2025\122089_LT_NA_CL_SALTCASH\122089_LT_NA_CL_SALTCASH Qual.pdf","122089_LT_NA_CL_SALTCASH Qual.pdf","1738101405.2768292","false","2025-01-28T16:07:31","2025-01-28T16:05:40","122089_LT_NA_CL_SaltCash","122089_LT_NA_CL_SALTCASH","1","3","3","2","400","341","400","341","111","10","JK8CB0C0CFFA32AE4","JK8CB0C0CFFA32AE4-TKE028C224550B58E"
"507 SABINE ST","AUSTIN","TX","78701-4090","KHANG NGUYEN","122089","122089_LT_NA_CL_SALTCASH","122089_LT_NA_CL_SALTCASH","\\nas\Mail Files\Mailing Lists\01 January 2025\122089_LT_NA_CL_SALTCASH","\\nas\Mail Files\Mailing Lists\01 January 2025\122089_LT_NA_CL_SALTCASH\122089_LT_NA_CL_SALTCASH.csv","231","","0027120615943604789778701409099","2025-01-29T12:48:27.397324","2025-01-29T12:48:27.397324","\\nas\Mail Files\Mailing Lists\01 January 2025\122089_LT_NA_CL_SALTCASH\122089_LT_NA_CL_SALTCASH.csv","494","2025-01-29T12:48:27.397324","0","TX","0","\\nas\Mail Files\Mailing Lists\01 January 2025\122089_LT_NA_CL_SALTCASH\122089_LT_NA_CL_SALTCASH Qual.pdf","122089_LT_NA_CL_SALTCASH Qual.pdf","1738101405.2768292","false","2025-01-28T16:07:31","2025-01-28T16:05:40","122089_LT_NA_CL_SaltCash","122089_LT_NA_CL_SALTCASH","1","3","3","2","400","341","400","341","111","10","JK8CB0C0CFFA32AE4","JK8CB0C0CFFA32AE4-TKE028C224550B58E"
"500 OAKRIDGE DR","ROUND ROCK","TX","78681-5602","ROUND ROCK ISD (NET 30)","122089","122089_LT_NA_CL_SALTCASH","122089_LT_NA_CL_SALTCASH","\\nas\Mail Files\Mailing Lists\01 January 2025\122089_LT_NA_CL_SALTCASH","\\nas\Mail Files\Mailing Lists\01 January 2025\122089_LT_NA_CL_SALTCASH\122089_LT_NA_CL_SALTCASH.csv","232","","0027120615943604789878681560200","2025-01-29T12:48:27.397324","2025-01-29T12:48:27.397324","\\nas\Mail Files\Mailing Lists\01 January 2025\122089_LT_NA_CL_SALTCASH\122089_LT_NA_CL_SALTCASH.csv","494","2025-01-29T12:48:27.397324","0","TX","0","\\nas\Mail Files\Mailing Lists\01 January 2025\122089_LT_NA_CL_SALTCASH\122089_LT_NA_CL_SALTCASH Qual.pdf","122089_LT_NA_CL_SALTCASH Qual.pdf","1738101405.2768292","false","2025-01-28T16:07:31","2025-01-28T16:05:40","122089_LT_NA_CL_SaltCash","122089_LT_NA_CL_SALTCASH","1","3","3","2","400","341","400","341","111","10","JK8CB0C0CFFA32AE4","JK8CB0C0CFFA32AE4-TKE028C224550B58E"
"1203 WALSH LN","ROUND ROCK","TX","78681-5760","MARIO HARVEY","122089","122089_LT_NA_CL_SALTCASH","122089_LT_NA_CL_SALTCASH","\\nas\Mail Files\Mailing Lists\01 January 2025\122089_LT_NA_CL_SALTCASH","\\nas\Mail Files\Mailing Lists\01 January 2025\122089_LT_NA_CL_SALTCASH\122089_LT_NA_CL_SALTCASH.csv","233","","0027120615943604789978681576003","2025-01-29T12:48:27.397324","2025-01-29T12:48:27.397324","\\nas\Mail Files\Mailing Lists\01 January 2025\122089_LT_NA_CL_SALTCASH\122089_LT_NA_CL_SALTCASH.csv","494","2025-01-29T12:48:27.397324","0","TX","0","\\nas\Mail Files\Mailing Lists\01 January 2025\122089_LT_NA_CL_SALTCASH\122089_LT_NA_CL_SALTCASH Qual.pdf","122089_LT_NA_CL_SALTCASH Qual.pdf","1738101405.2768292","false","2025-01-28T16:07:31","2025-01-28T16:05:40","122089_LT_NA_CL_SaltCash","122089_LT_NA_CL_SALTCASH","1","3","3","2","400","341","400","341","111","10","JK8CB0C0CFFA32AE4","JK8CB0C0CFFA32AE4-TKE028C224550B58E"
"1702 INDIAN CAMP TRL","ROUND ROCK","TX","78681-1916","ERIC AND JULIE FLANDERS","122089","122089_LT_NA_CL_SALTCASH","122089_LT_NA_CL_SALTCASH","\\nas\Mail Files\Mailing Lists\01 January 2025\122089_LT_NA_CL_SALTCASH","\\nas\Mail Files\Mailing Lists\01 January 2025\122089_LT_NA_CL_SALTCASH\122089_LT_NA_CL_SALTCASH.csv","234","","0027120615943604790078681191602","2025-01-29T12:48:27.397324","2025-01-29T12:48:27.397324","\\nas\Mail Files\Mailing Lists\01 January 2025\122089_LT_NA_CL_SALTCASH\122089_LT_NA_CL_SALTCASH.csv","494","2025-01-29T12:48:27.397324","0","TX","0","\\nas\Mail Files\Mailing Lists\01 January 2025\122089_LT_NA_CL_SALTCASH\122089_LT_NA_CL_SALTCASH Qual.pdf","122089_LT_NA_CL_SALTCASH Qual.pdf","1738101405.2768292","false","2025-01-28T16:07:31","2025-01-28T16:05:40","122089_LT_NA_CL_SaltCash","122089_LT_NA_CL_SALTCASH","1","3","3","2","400","341","400","341","111","10","JK8CB0C0CFFA32AE4","JK8CB0C0CFFA32AE4-TKE028C224550B58E"
"3925 SANSOME LN","ROUND ROCK","TX","78681-2481","ELIZABETH LOWE","122089","122089_LT_NA_CL_SALTCASH","122089_LT_NA_CL_SALTCASH","\\nas\Mail Files\Mailing Lists\01 January 2025\122089_LT_NA_CL_SALTCASH","\\nas\Mail Files\Mailing Lists\01 January 2025\122089_LT_NA_CL_SALTCASH\122089_LT_NA_CL_SALTCASH.csv","235","","0027120615943604790178681248125","2025-01-29T12:48:27.397324","2025-01-29T12:48:27.397324","\\nas\Mail Files\Mailing Lists\01 January 2025\122089_LT_NA_CL_SALTCASH\122089_LT_NA_CL_SALTCASH.csv","494","2025-01-29T12:48:27.397324","0","TX","0","\\nas\Mail Files\Mailing Lists\01 January 2025\122089_LT_NA_CL_SALTCASH\122089_LT_NA_CL_SALTCASH Qual.pdf","122089_LT_NA_CL_SALTCASH Qual.pdf","1738101405.2768292","false","2025-01-28T16:07:31","2025-01-28T16:05:40","122089_LT_NA_CL_SaltCash","122089_LT_NA_CL_SALTCASH","1","3","3","2","400","341","400","341","111","10","JK8CB0C0CFFA32AE4","JK8CB0C0CFFA32AE4-TKE028C224550B58E"
"4301 ROCK HILL RD","ROUND ROCK","TX","78681-2241","DEE KRESS","122089","122089_LT_NA_CL_SALTCASH","122089_LT_NA_CL_SALTCASH","\\nas\Mail Files\Mailing Lists\01 January 2025\122089_LT_NA_CL_SALTCASH","\\nas\Mail Files\Mailing Lists\01 January 2025\122089_LT_NA_CL_SALTCASH\122089_LT_NA_CL_SALTCASH.csv","236","","0027120615943604790278681224101","2025-01-29T12:48:27.397324","2025-01-29T12:48:27.397324","\\nas\Mail Files\Mailing Lists\01 January 2025\122089_LT_NA_CL_SALTCASH\122089_LT_NA_CL_SALTCASH.csv","494","2025-01-29T12:48:27.397324","0","TX","0","\\nas\Mail Files\Mailing Lists\01 January 2025\122089_LT_NA_CL_SALTCASH\122089_LT_NA_CL_SALTCASH Qual.pdf","122089_LT_NA_CL_SALTCASH Qual.pdf","1738101405.2768292","false","2025-01-28T16:07:31","2025-01-28T16:05:40","122089_LT_NA_CL_SaltCash","122089_LT_NA_CL_SALTCASH","1","3","3","2","400","341","400","341","111","10","JK8CB0C0CFFA32AE4","JK8CB0C0CFFA32AE4-TKE028C224550B58E"
"1102 WALSH LN","ROUND ROCK","TX","78681-5759","MARLTON HALL","122089","122089_LT_NA_CL_SALTCASH","122089_LT_NA_CL_SALTCASH","\\nas\Mail Files\Mailing Lists\01 January 2025\122089_LT_NA_CL_SALTCASH","\\nas\Mail Files\Mailing Lists\01 January 2025\122089_LT_NA_CL_SALTCASH\122089_LT_NA_CL_SALTCASH.csv","237","","0027120615943604790378681575902","2025-01-29T12:48:27.397324","2025-01-29T12:48:27.397324","\\nas\Mail Files\Mailing Lists\01 January 2025\122089_LT_NA_CL_SALTCASH\122089_LT_NA_CL_SALTCASH.csv","494","2025-01-29T12:48:27.397324","0","TX","0","\\nas\Mail Files\Mailing Lists\01 January 2025\122089_LT_NA_CL_SALTCASH\122089_LT_NA_CL_SALTCASH Qual.pdf","122089_LT_NA_CL_SALTCASH Qual.pdf","1738101405.2768292","false","2025-01-28T16:07:31","2025-01-28T16:05:40","122089_LT_NA_CL_SaltCash","122089_LT_NA_CL_SALTCASH","1","3","3","2","400","341","400","341","111","10","JK8CB0C0CFFA32AE4","JK8CB0C0CFFA32AE4-TKE028C224550B58E"
"8400 PRIEST RIVER DR","ROUND ROCK","TX","78681-3526","MICHAEL FOX","122089","122089_LT_NA_CL_SALTCASH","122089_LT_NA_CL_SALTCASH","\\nas\Mail Files\Mailing Lists\01 January 2025\122089_LT_NA_CL_SALTCASH","\\nas\Mail Files\Mailing Lists\01 January 2025\122089_LT_NA_CL_SALTCASH\122089_LT_NA_CL_SALTCASH.csv","238","","0027120615943604790478681352600","2025-01-29T12:48:27.397324","2025-01-29T12:48:27.397324","\\nas\Mail Files\Mailing Lists\01 January 2025\122089_LT_NA_CL_SALTCASH\122089_LT_NA_CL_SALTCASH.csv","494","2025-01-29T12:48:27.397324","0","TX","0","\\nas\Mail Files\Mailing Lists\01 January 2025\122089_LT_NA_CL_SALTCASH\122089_LT_NA_CL_SALTCASH Qual.pdf","122089_LT_NA_CL_SALTCASH Qual.pdf","1738101405.2768292","false","2025-01-28T16:07:31","2025-01-28T16:05:40","122089_LT_NA_CL_SaltCash","122089_LT_NA_CL_SALTCASH","1","3","3","2","400","341","400","341","111","10","JK8CB0C0CFFA32AE4","JK8CB0C0CFFA32AE4-TKE028C224550B58E"
"4144 VAN NESS AVE","ROUND ROCK","TX","78681-2020","HARSHA THKARE","122089","122089_LT_NA_CL_SALTCASH","122089_LT_NA_CL_SALTCASH","\\nas\Mail Files\Mailing Lists\01 January 2025\122089_LT_NA_CL_SALTCASH","\\nas\Mail Files\Mailing Lists\01 January 2025\122089_LT_NA_CL_SALTCASH\122089_LT_NA_CL_SALTCASH.csv","239","","0027120615943604790578681202044","2025-01-29T12:48:27.397324","2025-01-29T12:48:27.397324","\\nas\Mail Files\Mailing Lists\01 January 2025\122089_LT_NA_CL_SALTCASH\122089_LT_NA_CL_SALTCASH.csv","494","2025-01-29T12:48:27.397324","0","TX","0","\\nas\Mail Files\Mailing Lists\01 January 2025\122089_LT_NA_CL_SALTCASH\122089_LT_NA_CL_SALTCASH Qual.pdf","122089_LT_NA_CL_SALTCASH Qual.pdf","1738101405.2768292","false","2025-01-28T16:07:31","2025-01-28T16:05:40","122089_LT_NA_CL_SaltCash","122089_LT_NA_CL_SALTCASH","1","3","3","2","400","341","400","341","111","10","JK8CB0C0CFFA32AE4","JK8CB0C0CFFA32AE4-TKE028C224550B58E"
"3908 GRAYLING LN","ROUND ROCK","TX","78681-1026","TROY ADAM","122089","122089_LT_NA_CL_SALTCASH","122089_LT_NA_CL_SALTCASH","\\nas\Mail Files\Mailing Lists\01 January 2025\122089_LT_NA_CL_SALTCASH","\\nas\Mail Files\Mailing Lists\01 January 2025\122089_LT_NA_CL_SALTCASH\122089_LT_NA_CL_SALTCASH.csv","240","","0027120615943604790678681102608","2025-01-29T12:48:27.397324","2025-01-29T12:48:27.397324","\\nas\Mail Files\Mailing Lists\01 January 2025\122089_LT_NA_CL_SALTCASH\122089_LT_NA_CL_SALTCASH.csv","494","2025-01-29T12:48:27.397324","0","TX","0","\\nas\Mail Files\Mailing Lists\01 January 2025\122089_LT_NA_CL_SALTCASH\122089_LT_NA_CL_SALTCASH Qual.pdf","122089_LT_NA_CL_SALTCASH Qual.pdf","1738101405.2768292","false","2025-01-28T16:07:31","2025-01-28T16:05:40","122089_LT_NA_CL_SaltCash","122089_LT_NA_CL_SALTCASH","1","3","3","2","400","341","400","341","111","10","JK8CB0C0CFFA32AE4","JK8CB0C0CFFA32AE4-TKE028C224550B58E"
"1111 BLUFF DR","ROUND ROCK","TX","78681-6480","DAVID TRINITE","122089","122089_LT_NA_CL_SALTCASH","122089_LT_NA_CL_SALTCASH","\\nas\Mail Files\Mailing Lists\01 January 2025\122089_LT_NA_CL_SALTCASH","\\nas\Mail Files\Mailing Lists\01 January 2025\122089_LT_NA_CL_SALTCASH\122089_LT_NA_CL_SALTCASH.csv","241","","0027120615943604790778681648011","2025-01-29T12:48:27.397324","2025-01-29T12:48:27.397324","\\nas\Mail Files\Mailing Lists\01 January 2025\122089_LT_NA_CL_SALTCASH\122089_LT_NA_CL_SALTCASH.csv","494","2025-01-29T12:48:27.397324","0","TX","0","\\nas\Mail Files\Mailing Lists\01 January 2025\122089_LT_NA_CL_SALTCASH\122089_LT_NA_CL_SALTCASH Qual.pdf","122089_LT_NA_CL_SALTCASH Qual.pdf","1738101405.2768292","false","2025-01-28T16:07:31","2025-01-28T16:05:40","122089_LT_NA_CL_SaltCash","122089_LT_NA_CL_SALTCASH","1","3","3","2","400","341","400","341","111","10","JK8CB0C0CFFA32AE4","JK8CB0C0CFFA32AE4-TKE028C224550B58E"
"17517 GUNNISON SPRINGS DR","ROUND ROCK","TX","78681-3532","HATTIE FARNINGTON","122089","122089_LT_NA_CL_SALTCASH","122089_LT_NA_CL_SALTCASH","\\nas\Mail Files\Mailing Lists\01 January 2025\122089_LT_NA_CL_SALTCASH","\\nas\Mail Files\Mailing Lists\01 January 2025\122089_LT_NA_CL_SALTCASH\122089_LT_NA_CL_SALTCASH.csv","242","","0027120615943604790878681353217","2025-01-29T12:48:27.397324","2025-01-29T12:48:27.397324","\\nas\Mail Files\Mailing Lists\01 January 2025\122089_LT_NA_CL_SALTCASH\122089_LT_NA_CL_SALTCASH.csv","494","2025-01-29T12:48:27.397324","0","TX","0","\\nas\Mail Files\Mailing Lists\01 January 2025\122089_LT_NA_CL_SALTCASH\122089_LT_NA_CL_SALTCASH Qual.pdf","122089_LT_NA_CL_SALTCASH Qual.pdf","1738101405.2768292","false","2025-01-28T16:07:31","2025-01-28T16:05:40","122089_LT_NA_CL_SaltCash","122089_LT_NA_CL_SALTCASH","1","3","3","2","400","341","400","341","111","10","JK8CB0C0CFFA32AE4","JK8CB0C0CFFA32AE4-TKE028C224550B58E"
"4120 GEARY ST","ROUND ROCK","TX","78681-2017","ALFREDO ABUYEN","122089","122089_LT_NA_CL_SALTCASH","122089_LT_NA_CL_SALTCASH","\\nas\Mail Files\Mailing Lists\01 January 2025\122089_LT_NA_CL_SALTCASH","\\nas\Mail Files\Mailing Lists\01 January 2025\122089_LT_NA_CL_SALTCASH\122089_LT_NA_CL_SALTCASH.csv","243","","0027120615943604790978681201720","2025-01-29T12:48:27.397324","2025-01-29T12:48:27.397324","\\nas\Mail Files\Mailing Lists\01 January 2025\122089_LT_NA_CL_SALTCASH\122089_LT_NA_CL_SALTCASH.csv","494","2025-01-29T12:48:27.397324","0","TX","0","\\nas\Mail Files\Mailing Lists\01 January 2025\122089_LT_NA_CL_SALTCASH\122089_LT_NA_CL_SALTCASH Qual.pdf","122089_LT_NA_CL_SALTCASH Qual.pdf","1738101405.2768292","false","2025-01-28T16:07:31","2025-01-28T16:05:40","122089_LT_NA_CL_SaltCash","122089_LT_NA_CL_SALTCASH","1","3","3","2","400","341","400","341","111","10","JK8CB0C0CFFA32AE4","JK8CB0C0CFFA32AE4-TKE028C224550B58E"
"607 WAGON WHEEL DR","ROUND ROCK","TX","78681-6551","SID SHAH","122089","122089_LT_NA_CL_SALTCASH","122089_LT_NA_CL_SALTCASH","\\nas\Mail Files\Mailing Lists\01 January 2025\122089_LT_NA_CL_SALTCASH","\\nas\Mail Files\Mailing Lists\01 January 2025\122089_LT_NA_CL_SALTCASH\122089_LT_NA_CL_SALTCASH.csv","244","","0027120615943604791078681655107","2025-01-29T12:48:27.397324","2025-01-29T12:48:27.397324","\\nas\Mail Files\Mailing Lists\01 January 2025\122089_LT_NA_CL_SALTCASH\122089_LT_NA_CL_SALTCASH.csv","494","2025-01-29T12:48:27.397324","0","TX","0","\\nas\Mail Files\Mailing Lists\01 January 2025\122089_LT_NA_CL_SALTCASH\122089_LT_NA_CL_SALTCASH Qual.pdf","122089_LT_NA_CL_SALTCASH Qual.pdf","1738101405.2768292","false","2025-01-28T16:07:31","2025-01-28T16:05:40","122089_LT_NA_CL_SaltCash","122089_LT_NA_CL_SALTCASH","1","3","3","2","400","341","400","341","111","10","JK8CB0C0CFFA32AE4","JK8CB0C0CFFA32AE4-TKE028C224550B58E"
"8103 LERWICK LN","ROUND ROCK","TX","78681-5304","ELENI TILIAKOS","122089","122089_LT_NA_CL_SALTCASH","122089_LT_NA_CL_SALTCASH","\\nas\Mail Files\Mailing Lists\01 January 2025\122089_LT_NA_CL_SALTCASH","\\nas\Mail Files\Mailing Lists\01 January 2025\122089_LT_NA_CL_SALTCASH\122089_LT_NA_CL_SALTCASH.csv","245","","0027120615943604791178681530403","2025-01-29T12:48:27.397324","2025-01-29T12:48:27.397324","\\nas\Mail Files\Mailing Lists\01 January 2025\122089_LT_NA_CL_SALTCASH\122089_LT_NA_CL_SALTCASH.csv","494","2025-01-29T12:48:27.397324","0","TX","0","\\nas\Mail Files\Mailing Lists\01 January 2025\122089_LT_NA_CL_SALTCASH\122089_LT_NA_CL_SALTCASH Qual.pdf","122089_LT_NA_CL_SALTCASH Qual.pdf","1738101405.2768292","false","2025-01-28T16:07:31","2025-01-28T16:05:40","122089_LT_NA_CL_SaltCash","122089_LT_NA_CL_SALTCASH","1","3","3","2","400","341","400","341","111","10","JK8CB0C0CFFA32AE4","JK8CB0C0CFFA32AE4-TKE028C224550B58E"
"19309 WHITE HORSE CV","SPICEWOOD","TX","78669-6861","SALLIE RICHARDS","122089","122089_LT_NA_CL_SALTCASH","122089_LT_NA_CL_SALTCASH","\\nas\Mail Files\Mailing Lists\01 January 2025\122089_LT_NA_CL_SALTCASH","\\nas\Mail Files\Mailing Lists\01 January 2025\122089_LT_NA_CL_SALTCASH\122089_LT_NA_CL_SALTCASH.csv","246","","0027120615943604791278669686109","2025-01-29T12:48:27.397324","2025-01-29T12:48:27.397324","\\nas\Mail Files\Mailing Lists\01 January 2025\122089_LT_NA_CL_SALTCASH\122089_LT_NA_CL_SALTCASH.csv","494","2025-01-29T12:48:27.397324","0","TX","0","\\nas\Mail Files\Mailing Lists\01 January 2025\122089_LT_NA_CL_SALTCASH\122089_LT_NA_CL_SALTCASH Qual.pdf","122089_LT_NA_CL_SALTCASH Qual.pdf","1738101405.2768292","false","2025-01-28T16:07:31","2025-01-28T16:05:40","122089_LT_NA_CL_SaltCash","122089_LT_NA_CL_SALTCASH","1","3","3","2","400","341","400","341","111","10","JK8CB0C0CFFA32AE4","JK8CB0C0CFFA32AE4-TKE028C224550B58E"
"2910 CEDAR CREST CIR","ROUND ROCK","TX","78665-6271","KEITH SHARP","122089","122089_LT_NA_CL_SALTCASH","122089_LT_NA_CL_SALTCASH","\\nas\Mail Files\Mailing Lists\01 January 2025\122089_LT_NA_CL_SALTCASH","\\nas\Mail Files\Mailing Lists\01 January 2025\122089_LT_NA_CL_SALTCASH\122089_LT_NA_CL_SALTCASH.csv","247","","0027120615943604791378665627110","2025-01-29T12:48:27.397324","2025-01-29T12:48:27.397324","\\nas\Mail Files\Mailing Lists\01 January 2025\122089_LT_NA_CL_SALTCASH\122089_LT_NA_CL_SALTCASH.csv","494","2025-01-29T12:48:27.397324","0","TX","0","\\nas\Mail Files\Mailing Lists\01 January 2025\122089_LT_NA_CL_SALTCASH\122089_LT_NA_CL_SALTCASH Qual.pdf","122089_LT_NA_CL_SALTCASH Qual.pdf","1738101405.2768292","false","2025-01-28T16:07:31","2025-01-28T16:05:40","122089_LT_NA_CL_SaltCash","122089_LT_NA_CL_SALTCASH","1","3","3","2","400","341","400","341","111","10","JK8CB0C0CFFA32AE4","JK8CB0C0CFFA32AE4-TKE028C224550B58E"
"1303 OLD MEADOW CT","ROUND ROCK","TX","78665-1213","ADAM ARNESEN","122089","122089_LT_NA_CL_SALTCASH","122089_LT_NA_CL_SALTCASH","\\nas\Mail Files\Mailing Lists\01 January 2025\122089_LT_NA_CL_SALTCASH","\\nas\Mail Files\Mailing Lists\01 January 2025\122089_LT_NA_CL_SALTCASH\122089_LT_NA_CL_SALTCASH.csv","248","","0027120615943604791478665121303","2025-01-29T12:48:27.397324","2025-01-29T12:48:27.397324","\\nas\Mail Files\Mailing Lists\01 January 2025\122089_LT_NA_CL_SALTCASH\122089_LT_NA_CL_SALTCASH.csv","494","2025-01-29T12:48:27.397324","0","TX","0","\\nas\Mail Files\Mailing Lists\01 January 2025\122089_LT_NA_CL_SALTCASH\122089_LT_NA_CL_SALTCASH Qual.pdf","122089_LT_NA_CL_SALTCASH Qual.pdf","1738101405.2768292","false","2025-01-28T16:07:31","2025-01-28T16:05:40","122089_LT_NA_CL_SaltCash","122089_LT_NA_CL_SALTCASH","1","3","3","2","400","341","400","341","111","10","JK8CB0C0CFFA32AE4","JK8CB0C0CFFA32AE4-TKE028C224550B58E"
"2711 EMILIA LN","ROUND ROCK","TX","78665-5685","RENE DENHAM","122089","122089_LT_NA_CL_SALTCASH","122089_LT_NA_CL_SALTCASH","\\nas\Mail Files\Mailing Lists\01 January 2025\122089_LT_NA_CL_SALTCASH","\\nas\Mail Files\Mailing Lists\01 January 2025\122089_LT_NA_CL_SALTCASH\122089_LT_NA_CL_SALTCASH.csv","249","","0027120615943604791578665568511","2025-01-29T12:48:27.397324","2025-01-29T12:48:27.397324","\\nas\Mail Files\Mailing Lists\01 January 2025\122089_LT_NA_CL_SALTCASH\122089_LT_NA_CL_SALTCASH.csv","494","2025-01-29T12:48:27.397324","0","TX","0","\\nas\Mail Files\Mailing Lists\01 January 2025\122089_LT_NA_CL_SALTCASH\122089_LT_NA_CL_SALTCASH Qual.pdf","122089_LT_NA_CL_SALTCASH Qual.pdf","1738101405.2768292","false","2025-01-28T16:07:31","2025-01-28T16:05:40","122089_LT_NA_CL_SaltCash","122089_LT_NA_CL_SALTCASH","1","3","3","2","400","341","400","341","111","10","JK8CB0C0CFFA32AE4","JK8CB0C0CFFA32AE4-TKE028C224550B58E"
"4728 PADULA DR","ROUND ROCK","TX","78665-2925","AHMED KHAWAJA","122089","122089_LT_NA_CL_SALTCASH","122089_LT_NA_CL_SALTCASH","\\nas\Mail Files\Mailing Lists\01 January 2025\122089_LT_NA_CL_SALTCASH","\\nas\Mail Files\Mailing Lists\01 January 2025\122089_LT_NA_CL_SALTCASH\122089_LT_NA_CL_SALTCASH.csv","250","","0027120615943604791678665292528","2025-01-29T12:48:27.397324","2025-01-29T12:48:27.397324","\\nas\Mail Files\Mailing Lists\01 January 2025\122089_LT_NA_CL_SALTCASH\122089_LT_NA_CL_SALTCASH.csv","494","2025-01-29T12:48:27.397324","0","TX","0","\\nas\Mail Files\Mailing Lists\01 January 2025\122089_LT_NA_CL_SALTCASH\122089_LT_NA_CL_SALTCASH Qual.pdf","122089_LT_NA_CL_SALTCASH Qual.pdf","1738101405.2768292","false","2025-01-28T16:07:31","2025-01-28T16:05:40","122089_LT_NA_CL_SaltCash","122089_LT_NA_CL_SALTCASH","1","3","3","2","400","341","400","341","111","10","JK8CB0C0CFFA32AE4","JK8CB0C0CFFA32AE4-TKE028C224550B58E"
"1413 QUICKSILVER CIR","ROUND ROCK","TX","78665-1121","EARL FRANKLIN","122089","122089_LT_NA_CL_SALTCASH","122089_LT_NA_CL_SALTCASH","\\nas\Mail Files\Mailing Lists\01 January 2025\122089_LT_NA_CL_SALTCASH","\\nas\Mail Files\Mailing Lists\01 January 2025\122089_LT_NA_CL_SALTCASH\122089_LT_NA_CL_SALTCASH.csv","251","","0027120615943604791778665112113","2025-01-29T12:48:27.397324","2025-01-29T12:48:27.397324","\\nas\Mail Files\Mailing Lists\01 January 2025\122089_LT_NA_CL_SALTCASH\122089_LT_NA_CL_SALTCASH.csv","494","2025-01-29T12:48:27.397324","0","TX","0","\\nas\Mail Files\Mailing Lists\01 January 2025\122089_LT_NA_CL_SALTCASH\122089_LT_NA_CL_SALTCASH Qual.pdf","122089_LT_NA_CL_SALTCASH Qual.pdf","1738101405.2768292","false","2025-01-28T16:07:31","2025-01-28T16:05:40","122089_LT_NA_CL_SaltCash","122089_LT_NA_CL_SALTCASH","1","3","3","2","400","341","400","341","111","10","JK8CB0C0CFFA32AE4","JK8CB0C0CFFA32AE4-TKE028C224550B58E"
"1306 RIVER FOREST CV","ROUND ROCK","TX","78665-5600","FELISHA NWOKO","122089","122089_LT_NA_CL_SALTCASH","122089_LT_NA_CL_SALTCASH","\\nas\Mail Files\Mailing Lists\01 January 2025\122089_LT_NA_CL_SALTCASH","\\nas\Mail Files\Mailing Lists\01 January 2025\122089_LT_NA_CL_SALTCASH\122089_LT_NA_CL_SALTCASH.csv","252","","0027120615943604791878665560006","2025-01-29T12:48:27.397324","2025-01-29T12:48:27.397324","\\nas\Mail Files\Mailing Lists\01 January 2025\122089_LT_NA_CL_SALTCASH\122089_LT_NA_CL_SALTCASH.csv","494","2025-01-29T12:48:27.397324","0","TX","0","\\nas\Mail Files\Mailing Lists\01 January 2025\122089_LT_NA_CL_SALTCASH\122089_LT_NA_CL_SALTCASH Qual.pdf","122089_LT_NA_CL_SALTCASH Qual.pdf","1738101405.2768292","false","2025-01-28T16:07:31","2025-01-28T16:05:40","122089_LT_NA_CL_SaltCash","122089_LT_NA_CL_SALTCASH","1","3","3","2","400","341","400","341","111","10","JK8CB0C0CFFA32AE4","JK8CB0C0CFFA32AE4-TKE028C224550B58E"
"2002 MARIAH CV","ROUND ROCK","TX","78665-2806","BECCA GREER","122089","122089_LT_NA_CL_SALTCASH","122089_LT_NA_CL_SALTCASH","\\nas\Mail Files\Mailing Lists\01 January 2025\122089_LT_NA_CL_SALTCASH","\\nas\Mail Files\Mailing Lists\01 January 2025\122089_LT_NA_CL_SALTCASH\122089_LT_NA_CL_SALTCASH.csv","253","","0027120615943604791978665280602","2025-01-29T12:48:27.397324","2025-01-29T12:48:27.397324","\\nas\Mail Files\Mailing Lists\01 January 2025\122089_LT_NA_CL_SALTCASH\122089_LT_NA_CL_SALTCASH.csv","494","2025-01-29T12:48:27.397324","0","TX","0","\\nas\Mail Files\Mailing Lists\01 January 2025\122089_LT_NA_CL_SALTCASH\122089_LT_NA_CL_SALTCASH Qual.pdf","122089_LT_NA_CL_SALTCASH Qual.pdf","1738101405.2768292","false","2025-01-28T16:07:31","2025-01-28T16:05:40","122089_LT_NA_CL_SaltCash","122089_LT_NA_CL_SALTCASH","1","3","3","2","400","341","400","341","111","10","JK8CB0C0CFFA32AE4","JK8CB0C0CFFA32AE4-TKE028C224550B58E"
"1359 CHAD DR","ROUND ROCK","TX","78665-2051","STEVEN FAUST","122089","122089_LT_NA_CL_SALTCASH","122089_LT_NA_CL_SALTCASH","\\nas\Mail Files\Mailing Lists\01 January 2025\122089_LT_NA_CL_SALTCASH","\\nas\Mail Files\Mailing Lists\01 January 2025\122089_LT_NA_CL_SALTCASH\122089_LT_NA_CL_SALTCASH.csv","254","","0027120615943604792078665205159","2025-01-29T12:48:27.397324","2025-01-29T12:48:27.397324","\\nas\Mail Files\Mailing Lists\01 January 2025\122089_LT_NA_CL_SALTCASH\122089_LT_NA_CL_SALTCASH.csv","494","2025-01-29T12:48:27.397324","0","TX","0","\\nas\Mail Files\Mailing Lists\01 January 2025\122089_LT_NA_CL_SALTCASH\122089_LT_NA_CL_SALTCASH Qual.pdf","122089_LT_NA_CL_SALTCASH Qual.pdf","1738101405.2768292","false","2025-01-28T16:07:31","2025-01-28T16:05:40","122089_LT_NA_CL_SaltCash","122089_LT_NA_CL_SALTCASH","1","3","3","2","400","341","400","341","111","10","JK8CB0C0CFFA32AE4","JK8CB0C0CFFA32AE4-TKE028C224550B58E"
"6516 LEONARDO CV","ROUND ROCK","TX","78665-3222","ROLANDO LAYDA","122089","122089_LT_NA_CL_SALTCASH","122089_LT_NA_CL_SALTCASH","\\nas\Mail Files\Mailing Lists\01 January 2025\122089_LT_NA_CL_SALTCASH","\\nas\Mail Files\Mailing Lists\01 January 2025\122089_LT_NA_CL_SALTCASH\122089_LT_NA_CL_SALTCASH.csv","255","","0027120615943604792178665322216","2025-01-29T12:48:27.397324","2025-01-29T12:48:27.397324","\\nas\Mail Files\Mailing Lists\01 January 2025\122089_LT_NA_CL_SALTCASH\122089_LT_NA_CL_SALTCASH.csv","494","2025-01-29T12:48:27.397324","0","TX","0","\\nas\Mail Files\Mailing Lists\01 January 2025\122089_LT_NA_CL_SALTCASH\122089_LT_NA_CL_SALTCASH Qual.pdf","122089_LT_NA_CL_SALTCASH Qual.pdf","1738101405.2768292","false","2025-01-28T16:07:31","2025-01-28T16:05:40","122089_LT_NA_CL_SaltCash","122089_LT_NA_CL_SALTCASH","1","3","3","2","400","341","400","341","111","10","JK8CB0C0CFFA32AE4","JK8CB0C0CFFA32AE4-TKE028C224550B58E"
"4218 PEBBLESTONE TRL","ROUND ROCK","TX","78665-5027","HT TRAN","122089","122089_LT_NA_CL_SALTCASH","122089_LT_NA_CL_SALTCASH","\\nas\Mail Files\Mailing Lists\01 January 2025\122089_LT_NA_CL_SALTCASH","\\nas\Mail Files\Mailing Lists\01 January 2025\122089_LT_NA_CL_SALTCASH\122089_LT_NA_CL_SALTCASH.csv","256","","0027120615943604792278665502718","2025-01-29T12:48:27.397324","2025-01-29T12:48:27.397324","\\nas\Mail Files\Mailing Lists\01 January 2025\122089_LT_NA_CL_SALTCASH\122089_LT_NA_CL_SALTCASH.csv","494","2025-01-29T12:48:27.397324","0","TX","0","\\nas\Mail Files\Mailing Lists\01 January 2025\122089_LT_NA_CL_SALTCASH\122089_LT_NA_CL_SALTCASH Qual.pdf","122089_LT_NA_CL_SALTCASH Qual.pdf","1738101405.2768292","false","2025-01-28T16:07:31","2025-01-28T16:05:40","122089_LT_NA_CL_SaltCash","122089_LT_NA_CL_SALTCASH","1","3","3","2","400","341","400","341","111","10","JK8CB0C0CFFA32AE4","JK8CB0C0CFFA32AE4-TKE028C224550B58E"
"2733 MADELENA CT","ROUND ROCK","TX","78665-3499","JESSICA & NEIL SCANLON","122089","122089_LT_NA_CL_SALTCASH","122089_LT_NA_CL_SALTCASH","\\nas\Mail Files\Mailing Lists\01 January 2025\122089_LT_NA_CL_SALTCASH","\\nas\Mail Files\Mailing Lists\01 January 2025\122089_LT_NA_CL_SALTCASH\122089_LT_NA_CL_SALTCASH.csv","257","","0027120615943604792378665349933","2025-01-29T12:48:27.397324","2025-01-29T12:48:27.397324","\\nas\Mail Files\Mailing Lists\01 January 2025\122089_LT_NA_CL_SALTCASH\122089_LT_NA_CL_SALTCASH.csv","494","2025-01-29T12:48:27.397324","0","TX","0","\\nas\Mail Files\Mailing Lists\01 January 2025\122089_LT_NA_CL_SALTCASH\122089_LT_NA_CL_SALTCASH Qual.pdf","122089_LT_NA_CL_SALTCASH Qual.pdf","1738101405.2768292","false","2025-01-28T16:07:31","2025-01-28T16:05:40","122089_LT_NA_CL_SaltCash","122089_LT_NA_CL_SALTCASH","1","3","3","2","400","341","400","341","111","10","JK8CB0C0CFFA32AE4","JK8CB0C0CFFA32AE4-TKE028C224550B58E"
"1232 PINE FOREST CIR","ROUND ROCK","TX","78665-5648","JEN FORGEY","122089","122089_LT_NA_CL_SALTCASH","122089_LT_NA_CL_SALTCASH","\\nas\Mail Files\Mailing Lists\01 January 2025\122089_LT_NA_CL_SALTCASH","\\nas\Mail Files\Mailing Lists\01 January 2025\122089_LT_NA_CL_SALTCASH\122089_LT_NA_CL_SALTCASH.csv","258","","0027120615943604792478665564832","2025-01-29T12:48:27.397324","2025-01-29T12:48:27.397324","\\nas\Mail Files\Mailing Lists\01 January 2025\122089_LT_NA_CL_SALTCASH\122089_LT_NA_CL_SALTCASH.csv","494","2025-01-29T12:48:27.397324","0","TX","0","\\nas\Mail Files\Mailing Lists\01 January 2025\122089_LT_NA_CL_SALTCASH\122089_LT_NA_CL_SALTCASH Qual.pdf","122089_LT_NA_CL_SALTCASH Qual.pdf","1738101405.2768292","false","2025-01-28T16:07:31","2025-01-28T16:05:40","122089_LT_NA_CL_SaltCash","122089_LT_NA_CL_SALTCASH","1","3","3","2","400","341","400","341","111","10","JK8CB0C0CFFA32AE4","JK8CB0C0CFFA32AE4-TKE028C224550B58E"
"3000 FREEMAN PARK DR","ROUND ROCK","TX","78665-2166","JESSE BORJA","122089","122089_LT_NA_CL_SALTCASH","122089_LT_NA_CL_SALTCASH","\\nas\Mail Files\Mailing Lists\01 January 2025\122089_LT_NA_CL_SALTCASH","\\nas\Mail Files\Mailing Lists\01 January 2025\122089_LT_NA_CL_SALTCASH\122089_LT_NA_CL_SALTCASH.csv","259","","0027120615943604792578665216600","2025-01-29T12:48:27.397324","2025-01-29T12:48:27.397324","\\nas\Mail Files\Mailing Lists\01 January 2025\122089_LT_NA_CL_SALTCASH\122089_LT_NA_CL_SALTCASH.csv","494","2025-01-29T12:48:27.397324","0","TX","0","\\nas\Mail Files\Mailing Lists\01 January 2025\122089_LT_NA_CL_SALTCASH\122089_LT_NA_CL_SALTCASH Qual.pdf","122089_LT_NA_CL_SALTCASH Qual.pdf","1738101405.2768292","false","2025-01-28T16:07:31","2025-01-28T16:05:40","122089_LT_NA_CL_SaltCash","122089_LT_NA_CL_SALTCASH","1","3","3","2","400","341","400","341","111","10","JK8CB0C0CFFA32AE4","JK8CB0C0CFFA32AE4-TKE028C224550B58E"
"5913 URBANO BND","ROUND ROCK","TX","78665-5714","HECTOR QUARTINO","122089","122089_LT_NA_CL_SALTCASH","122089_LT_NA_CL_SALTCASH","\\nas\Mail Files\Mailing Lists\01 January 2025\122089_LT_NA_CL_SALTCASH","\\nas\Mail Files\Mailing Lists\01 January 2025\122089_LT_NA_CL_SALTCASH\122089_LT_NA_CL_SALTCASH.csv","260","","0027120615943604792678665571413","2025-01-29T12:48:27.397324","2025-01-29T12:48:27.397324","\\nas\Mail Files\Mailing Lists\01 January 2025\122089_LT_NA_CL_SALTCASH\122089_LT_NA_CL_SALTCASH.csv","494","2025-01-29T12:48:27.397324","0","TX","0","\\nas\Mail Files\Mailing Lists\01 January 2025\122089_LT_NA_CL_SALTCASH\122089_LT_NA_CL_SALTCASH Qual.pdf","122089_LT_NA_CL_SALTCASH Qual.pdf","1738101405.2768292","false","2025-01-28T16:07:31","2025-01-28T16:05:40","122089_LT_NA_CL_SaltCash","122089_LT_NA_CL_SALTCASH","1","3","3","2","400","341","400","341","111","10","JK8CB0C0CFFA32AE4","JK8CB0C0CFFA32AE4-TKE028C224550B58E"
"1101 COOL LAKE CV","ROUND ROCK","TX","78665-5618","MIKE BOECKER","122089","122089_LT_NA_CL_SALTCASH","122089_LT_NA_CL_SALTCASH","\\nas\Mail Files\Mailing Lists\01 January 2025\122089_LT_NA_CL_SALTCASH","\\nas\Mail Files\Mailing Lists\01 January 2025\122089_LT_NA_CL_SALTCASH\122089_LT_NA_CL_SALTCASH.csv","261","","0027120615943604792778665561801","2025-01-29T12:48:27.397324","2025-01-29T12:48:27.397324","\\nas\Mail Files\Mailing Lists\01 January 2025\122089_LT_NA_CL_SALTCASH\122089_LT_NA_CL_SALTCASH.csv","494","2025-01-29T12:48:27.397324","0","TX","0","\\nas\Mail Files\Mailing Lists\01 January 2025\122089_LT_NA_CL_SALTCASH\122089_LT_NA_CL_SALTCASH Qual.pdf","122089_LT_NA_CL_SALTCASH Qual.pdf","1738101405.2768292","false","2025-01-28T16:07:31","2025-01-28T16:05:40","122089_LT_NA_CL_SaltCash","122089_LT_NA_CL_SALTCASH","1","3","3","2","400","341","400","341","111","10","JK8CB0C0CFFA32AE4","JK8CB0C0CFFA32AE4-TKE028C224550B58E"
"2592 SANTA BARBARA LOOP","ROUND ROCK","TX","78665-5678","GRADY SAVOIE","122089","122089_LT_NA_CL_SALTCASH","122089_LT_NA_CL_SALTCASH","\\nas\Mail Files\Mailing Lists\01 January 2025\122089_LT_NA_CL_SALTCASH","\\nas\Mail Files\Mailing Lists\01 January 2025\122089_LT_NA_CL_SALTCASH\122089_LT_NA_CL_SALTCASH.csv","262","","0027120615943604792878665567892","2025-01-29T12:48:27.397324","2025-01-29T12:48:27.397324","\\nas\Mail Files\Mailing Lists\01 January 2025\122089_LT_NA_CL_SALTCASH\122089_LT_NA_CL_SALTCASH.csv","494","2025-01-29T12:48:27.397324","0","TX","0","\\nas\Mail Files\Mailing Lists\01 January 2025\122089_LT_NA_CL_SALTCASH\122089_LT_NA_CL_SALTCASH Qual.pdf","122089_LT_NA_CL_SALTCASH Qual.pdf","1738101405.2768292","false","2025-01-28T16:07:31","2025-01-28T16:05:40","122089_LT_NA_CL_SaltCash","122089_LT_NA_CL_SALTCASH","1","3","3","2","400","341","400","341","111","10","JK8CB0C0CFFA32AE4","JK8CB0C0CFFA32AE4-TKE028C224550B58E"
"4496 MIRAVAL LOOP","ROUND ROCK","TX","78665-3930","QUINTON CARTWRIGHT","122089","122089_LT_NA_CL_SALTCASH","122089_LT_NA_CL_SALTCASH","\\nas\Mail Files\Mailing Lists\01 January 2025\122089_LT_NA_CL_SALTCASH","\\nas\Mail Files\Mailing Lists\01 January 2025\122089_LT_NA_CL_SALTCASH\122089_LT_NA_CL_SALTCASH.csv","263","","0027120615943604792978665393096","2025-01-29T12:48:27.397324","2025-01-29T12:48:27.397324","\\nas\Mail Files\Mailing Lists\01 January 2025\122089_LT_NA_CL_SALTCASH\122089_LT_NA_CL_SALTCASH.csv","494","2025-01-29T12:48:27.397324","0","TX","0","\\nas\Mail Files\Mailing Lists\01 January 2025\122089_LT_NA_CL_SALTCASH\122089_LT_NA_CL_SALTCASH Qual.pdf","122089_LT_NA_CL_SALTCASH Qual.pdf","1738101405.2768292","false","2025-01-28T16:07:31","2025-01-28T16:05:40","122089_LT_NA_CL_SaltCash","122089_LT_NA_CL_SALTCASH","1","3","3","2","400","341","400","341","111","10","JK8CB0C0CFFA32AE4","JK8CB0C0CFFA32AE4-TKE028C224550B58E"
"3109 MILETTO DR","ROUND ROCK","TX","78665-2489","RON REGAN","122089","122089_LT_NA_CL_SALTCASH","122089_LT_NA_CL_SALTCASH","\\nas\Mail Files\Mailing Lists\01 January 2025\122089_LT_NA_CL_SALTCASH","\\nas\Mail Files\Mailing Lists\01 January 2025\122089_LT_NA_CL_SALTCASH\122089_LT_NA_CL_SALTCASH.csv","264","","0027120615943604793078665248909","2025-01-29T12:48:27.397324","2025-01-29T12:48:27.397324","\\nas\Mail Files\Mailing Lists\01 January 2025\122089_LT_NA_CL_SALTCASH\122089_LT_NA_CL_SALTCASH.csv","494","2025-01-29T12:48:27.397324","0","TX","0","\\nas\Mail Files\Mailing Lists\01 January 2025\122089_LT_NA_CL_SALTCASH\122089_LT_NA_CL_SALTCASH Qual.pdf","122089_LT_NA_CL_SALTCASH Qual.pdf","1738101405.2768292","false","2025-01-28T16:07:31","2025-01-28T16:05:40","122089_LT_NA_CL_SaltCash","122089_LT_NA_CL_SALTCASH","1","3","3","2","400","341","400","341","111","10","JK8CB0C0CFFA32AE4","JK8CB0C0CFFA32AE4-TKE028C224550B58E"
"5313 TRIBOLO TRL","ROUND ROCK","TX","78665-2726","TOM BECKER","122089","122089_LT_NA_CL_SALTCASH","122089_LT_NA_CL_SALTCASH","\\nas\Mail Files\Mailing Lists\01 January 2025\122089_LT_NA_CL_SALTCASH","\\nas\Mail Files\Mailing Lists\01 January 2025\122089_LT_NA_CL_SALTCASH\122089_LT_NA_CL_SALTCASH.csv","265","","0027120615943604793178665272613","2025-01-29T12:48:27.397324","2025-01-29T12:48:27.397324","\\nas\Mail Files\Mailing Lists\01 January 2025\122089_LT_NA_CL_SALTCASH\122089_LT_NA_CL_SALTCASH.csv","494","2025-01-29T12:48:27.397324","0","TX","0","\\nas\Mail Files\Mailing Lists\01 January 2025\122089_LT_NA_CL_SALTCASH\122089_LT_NA_CL_SALTCASH Qual.pdf","122089_LT_NA_CL_SALTCASH Qual.pdf","1738101405.2768292","false","2025-01-28T16:07:31","2025-01-28T16:05:40","122089_LT_NA_CL_SaltCash","122089_LT_NA_CL_SALTCASH","1","3","3","2","400","341","400","341","111","10","JK8CB0C0CFFA32AE4","JK8CB0C0CFFA32AE4-TKE028C224550B58E"
"5612 CORSICA LOOP","ROUND ROCK","TX","78665-3209","KAREN TAYLOR","122089","122089_LT_NA_CL_SALTCASH","122089_LT_NA_CL_SALTCASH","\\nas\Mail Files\Mailing Lists\01 January 2025\122089_LT_NA_CL_SALTCASH","\\nas\Mail Files\Mailing Lists\01 January 2025\122089_LT_NA_CL_SALTCASH\122089_LT_NA_CL_SALTCASH.csv","266","","0027120615943604793278665320912","2025-01-29T12:48:27.397324","2025-01-29T12:48:27.397324","\\nas\Mail Files\Mailing Lists\01 January 2025\122089_LT_NA_CL_SALTCASH\122089_LT_NA_CL_SALTCASH.csv","494","2025-01-29T12:48:27.397324","0","TX","0","\\nas\Mail Files\Mailing Lists\01 January 2025\122089_LT_NA_CL_SALTCASH\122089_LT_NA_CL_SALTCASH Qual.pdf","122089_LT_NA_CL_SALTCASH Qual.pdf","1738101405.2768292","false","2025-01-28T16:07:31","2025-01-28T16:05:40","122089_LT_NA_CL_SaltCash","122089_LT_NA_CL_SALTCASH","1","3","3","2","400","341","400","341","111","10","JK8CB0C0CFFA32AE4","JK8CB0C0CFFA32AE4-TKE028C224550B58E"
"2731 COLLINGWOOD DR","ROUND ROCK","TX","78665-5654","DAN O'NEIL","122089","122089_LT_NA_CL_SALTCASH","122089_LT_NA_CL_SALTCASH","\\nas\Mail Files\Mailing Lists\01 January 2025\122089_LT_NA_CL_SALTCASH","\\nas\Mail Files\Mailing Lists\01 January 2025\122089_LT_NA_CL_SALTCASH\122089_LT_NA_CL_SALTCASH.csv","267","","0027120615943604793378665565431","2025-01-29T12:48:27.397324","2025-01-29T12:48:27.397324","\\nas\Mail Files\Mailing Lists\01 January 2025\122089_LT_NA_CL_SALTCASH\122089_LT_NA_CL_SALTCASH.csv","494","2025-01-29T12:48:27.397324","0","TX","0","\\nas\Mail Files\Mailing Lists\01 January 2025\122089_LT_NA_CL_SALTCASH\122089_LT_NA_CL_SALTCASH Qual.pdf","122089_LT_NA_CL_SALTCASH Qual.pdf","1738101405.2768292","false","2025-01-28T16:07:31","2025-01-28T16:05:40","122089_LT_NA_CL_SaltCash","122089_LT_NA_CL_SALTCASH","1","3","3","2","400","341","400","341","111","10","JK8CB0C0CFFA32AE4","JK8CB0C0CFFA32AE4-TKE028C224550B58E"
"2558 LOS ALAMOS PASS","ROUND ROCK","TX","78665-5673","CAROLYN JOHNSON","122089","122089_LT_NA_CL_SALTCASH","122089_LT_NA_CL_SALTCASH","\\nas\Mail Files\Mailing Lists\01 January 2025\122089_LT_NA_CL_SALTCASH","\\nas\Mail Files\Mailing Lists\01 January 2025\122089_LT_NA_CL_SALTCASH\122089_LT_NA_CL_SALTCASH.csv","268","","0027120615943604793478665567358","2025-01-29T12:48:27.397324","2025-01-29T12:48:27.397324","\\nas\Mail Files\Mailing Lists\01 January 2025\122089_LT_NA_CL_SALTCASH\122089_LT_NA_CL_SALTCASH.csv","494","2025-01-29T12:48:27.397324","0","TX","0","\\nas\Mail Files\Mailing Lists\01 January 2025\122089_LT_NA_CL_SALTCASH\122089_LT_NA_CL_SALTCASH Qual.pdf","122089_LT_NA_CL_SALTCASH Qual.pdf","1738101405.2768292","false","2025-01-28T16:07:31","2025-01-28T16:05:40","122089_LT_NA_CL_SaltCash","122089_LT_NA_CL_SALTCASH","1","3","3","2","400","341","400","341","111","10","JK8CB0C0CFFA32AE4","JK8CB0C0CFFA32AE4-TKE028C224550B58E"
"5934 PARMA ST","ROUND ROCK","TX","78665-4510","KEITH AND ASHLEY SCHWARTZ","122089","122089_LT_NA_CL_SALTCASH","122089_LT_NA_CL_SALTCASH","\\nas\Mail Files\Mailing Lists\01 January 2025\122089_LT_NA_CL_SALTCASH","\\nas\Mail Files\Mailing Lists\01 January 2025\122089_LT_NA_CL_SALTCASH\122089_LT_NA_CL_SALTCASH.csv","269","","0027120615943604793578665451034","2025-01-29T12:48:27.397324","2025-01-29T12:48:27.397324","\\nas\Mail Files\Mailing Lists\01 January 2025\122089_LT_NA_CL_SALTCASH\122089_LT_NA_CL_SALTCASH.csv","494","2025-01-29T12:48:27.397324","0","TX","0","\\nas\Mail Files\Mailing Lists\01 January 2025\122089_LT_NA_CL_SALTCASH\122089_LT_NA_CL_SALTCASH Qual.pdf","122089_LT_NA_CL_SALTCASH Qual.pdf","1738101405.2768292","false","2025-01-28T16:07:31","2025-01-28T16:05:40","122089_LT_NA_CL_SaltCash","122089_LT_NA_CL_SALTCASH","1","3","3","2","400","341","400","341","111","10","JK8CB0C0CFFA32AE4","JK8CB0C0CFFA32AE4-TKE028C224550B58E"
"12 RED BUD TRL","ROUND ROCK","TX","78665-9725","DAVID MARTIN","122089","122089_LT_NA_CL_SALTCASH","122089_LT_NA_CL_SALTCASH","\\nas\Mail Files\Mailing Lists\01 January 2025\122089_LT_NA_CL_SALTCASH","\\nas\Mail Files\Mailing Lists\01 January 2025\122089_LT_NA_CL_SALTCASH\122089_LT_NA_CL_SALTCASH.csv","270","","0027120615943604793678665972512","2025-01-29T12:48:27.397324","2025-01-29T12:48:27.397324","\\nas\Mail Files\Mailing Lists\01 January 2025\122089_LT_NA_CL_SALTCASH\122089_LT_NA_CL_SALTCASH.csv","494","2025-01-29T12:48:27.397324","0","TX","0","\\nas\Mail Files\Mailing Lists\01 January 2025\122089_LT_NA_CL_SALTCASH\122089_LT_NA_CL_SALTCASH Qual.pdf","122089_LT_NA_CL_SALTCASH Qual.pdf","1738101405.2768292","false","2025-01-28T16:07:31","2025-01-28T16:05:40","122089_LT_NA_CL_SaltCash","122089_LT_NA_CL_SALTCASH","1","3","3","2","400","341","400","341","111","10","JK8CB0C0CFFA32AE4","JK8CB0C0CFFA32AE4-TKE028C224550B58E"
"2948 SAINT FEDERICO WAY","ROUND ROCK","TX","78665-5687","TOM PEACOCK","122089","122089_LT_NA_CL_SALTCASH","122089_LT_NA_CL_SALTCASH","\\nas\Mail Files\Mailing Lists\01 January 2025\122089_LT_NA_CL_SALTCASH","\\nas\Mail Files\Mailing Lists\01 January 2025\122089_LT_NA_CL_SALTCASH\122089_LT_NA_CL_SALTCASH.csv","271","","0027120615943604793778665568748","2025-01-29T12:48:27.397324","2025-01-29T12:48:27.397324","\\nas\Mail Files\Mailing Lists\01 January 2025\122089_LT_NA_CL_SALTCASH\122089_LT_NA_CL_SALTCASH.csv","494","2025-01-29T12:48:27.397324","0","TX","0","\\nas\Mail Files\Mailing Lists\01 January 2025\122089_LT_NA_CL_SALTCASH\122089_LT_NA_CL_SALTCASH Qual.pdf","122089_LT_NA_CL_SALTCASH Qual.pdf","1738101405.2768292","false","2025-01-28T16:07:31","2025-01-28T16:05:40","122089_LT_NA_CL_SaltCash","122089_LT_NA_CL_SALTCASH","1","3","3","2","400","341","400","341","111","10","JK8CB0C0CFFA32AE4","JK8CB0C0CFFA32AE4-TKE028C224550B58E"
"2129 CLEAR LAKE PL","ROUND ROCK","TX","78665-5615","DEREK NEWTON","122089","122089_LT_NA_CL_SALTCASH","122089_LT_NA_CL_SALTCASH","\\nas\Mail Files\Mailing Lists\01 January 2025\122089_LT_NA_CL_SALTCASH","\\nas\Mail Files\Mailing Lists\01 January 2025\122089_LT_NA_CL_SALTCASH\122089_LT_NA_CL_SALTCASH.csv","272","","0027120615943604793878665561529","2025-01-29T12:48:27.397324","2025-01-29T12:48:27.397324","\\nas\Mail Files\Mailing Lists\01 January 2025\122089_LT_NA_CL_SALTCASH\122089_LT_NA_CL_SALTCASH.csv","494","2025-01-29T12:48:27.397324","0","TX","0","\\nas\Mail Files\Mailing Lists\01 January 2025\122089_LT_NA_CL_SALTCASH\122089_LT_NA_CL_SALTCASH Qual.pdf","122089_LT_NA_CL_SALTCASH Qual.pdf","1738101405.2768292","false","2025-01-28T16:07:31","2025-01-28T16:05:40","122089_LT_NA_CL_SaltCash","122089_LT_NA_CL_SALTCASH","1","3","3","2","400","341","400","341","111","10","JK8CB0C0CFFA32AE4","JK8CB0C0CFFA32AE4-TKE028C224550B58E"
"3652 NOLAN RYAN","ROUND ROCK","TX","78665-2373","SCOTT BARRS","122089","122089_LT_NA_CL_SALTCASH","122089_LT_NA_CL_SALTCASH","\\nas\Mail Files\Mailing Lists\01 January 2025\122089_LT_NA_CL_SALTCASH","\\nas\Mail Files\Mailing Lists\01 January 2025\122089_LT_NA_CL_SALTCASH\122089_LT_NA_CL_SALTCASH.csv","273","","0027120615943604793978665237352","2025-01-29T12:48:27.397324","2025-01-29T12:48:27.397324","\\nas\Mail Files\Mailing Lists\01 January 2025\122089_LT_NA_CL_SALTCASH\122089_LT_NA_CL_SALTCASH.csv","494","2025-01-29T12:48:27.397324","0","TX","0","\\nas\Mail Files\Mailing Lists\01 January 2025\122089_LT_NA_CL_SALTCASH\122089_LT_NA_CL_SALTCASH Qual.pdf","122089_LT_NA_CL_SALTCASH Qual.pdf","1738101405.2768292","false","2025-01-28T16:07:31","2025-01-28T16:05:40","122089_LT_NA_CL_SaltCash","122089_LT_NA_CL_SALTCASH","1","3","3","2","400","341","400","341","111","10","JK8CB0C0CFFA32AE4","JK8CB0C0CFFA32AE4-TKE028C224550B58E"
"4101 LORD BYRON CV","ROUND ROCK","TX","78664-3921","NICKY WORLEY","122089","122089_LT_NA_CL_SALTCASH","122089_LT_NA_CL_SALTCASH","\\nas\Mail Files\Mailing Lists\01 January 2025\122089_LT_NA_CL_SALTCASH","\\nas\Mail Files\Mailing Lists\01 January 2025\122089_LT_NA_CL_SALTCASH\122089_LT_NA_CL_SALTCASH.csv","274","","0027120615943604794078664392101","2025-01-29T12:48:27.397324","2025-01-29T12:48:27.397324","\\nas\Mail Files\Mailing Lists\01 January 2025\122089_LT_NA_CL_SALTCASH\122089_LT_NA_CL_SALTCASH.csv","494","2025-01-29T12:48:27.397324","0","TX","0","\\nas\Mail Files\Mailing Lists\01 January 2025\122089_LT_NA_CL_SALTCASH\122089_LT_NA_CL_SALTCASH Qual.pdf","122089_LT_NA_CL_SALTCASH Qual.pdf","1738101405.2768292","false","2025-01-28T16:07:31","2025-01-28T16:05:40","122089_LT_NA_CL_SaltCash","122089_LT_NA_CL_SALTCASH","1","3","3","2","400","341","400","341","111","10","JK8CB0C0CFFA32AE4","JK8CB0C0CFFA32AE4-TKE028C224550B58E"
"615 ELDER WAY","ROUND ROCK","TX","78664-7133","KRISTEN PEACOCK","122089","122089_LT_NA_CL_SALTCASH","122089_LT_NA_CL_SALTCASH","\\nas\Mail Files\Mailing Lists\01 January 2025\122089_LT_NA_CL_SALTCASH","\\nas\Mail Files\Mailing Lists\01 January 2025\122089_LT_NA_CL_SALTCASH\122089_LT_NA_CL_SALTCASH.csv","275","","0027120615943604794178664713315","2025-01-29T12:48:27.397324","2025-01-29T12:48:27.397324","\\nas\Mail Files\Mailing Lists\01 January 2025\122089_LT_NA_CL_SALTCASH\122089_LT_NA_CL_SALTCASH.csv","494","2025-01-29T12:48:27.397324","0","TX","0","\\nas\Mail Files\Mailing Lists\01 January 2025\122089_LT_NA_CL_SALTCASH\122089_LT_NA_CL_SALTCASH Qual.pdf","122089_LT_NA_CL_SALTCASH Qual.pdf","1738101405.2768292","false","2025-01-28T16:07:31","2025-01-28T16:05:40","122089_LT_NA_CL_SaltCash","122089_LT_NA_CL_SALTCASH","1","3","3","2","400","341","400","341","111","10","JK8CB0C0CFFA32AE4","JK8CB0C0CFFA32AE4-TKE028C224550B58E"
"1601 HONEYSUCKLE LN","ROUND ROCK","TX","78664-2620","JAIME PEREZ","122089","122089_LT_NA_CL_SALTCASH","122089_LT_NA_CL_SALTCASH","\\nas\Mail Files\Mailing Lists\01 January 2025\122089_LT_NA_CL_SALTCASH","\\nas\Mail Files\Mailing Lists\01 January 2025\122089_LT_NA_CL_SALTCASH\122089_LT_NA_CL_SALTCASH.csv","276","","0027120615943604794278664262001","2025-01-29T12:48:27.397324","2025-01-29T12:48:27.397324","\\nas\Mail Files\Mailing Lists\01 January 2025\122089_LT_NA_CL_SALTCASH\122089_LT_NA_CL_SALTCASH.csv","494","2025-01-29T12:48:27.397324","0","TX","0","\\nas\Mail Files\Mailing Lists\01 January 2025\122089_LT_NA_CL_SALTCASH\122089_LT_NA_CL_SALTCASH Qual.pdf","122089_LT_NA_CL_SALTCASH Qual.pdf","1738101405.2768292","false","2025-01-28T16:07:31","2025-01-28T16:05:40","122089_LT_NA_CL_SaltCash","122089_LT_NA_CL_SALTCASH","1","3","3","2","400","341","400","341","111","10","JK8CB0C0CFFA32AE4","JK8CB0C0CFFA32AE4-TKE028C224550B58E"
"1810 LAUREL PATH","ROUND ROCK","TX","78664-2615","KAERI BALDERAS","122089","122089_LT_NA_CL_SALTCASH","122089_LT_NA_CL_SALTCASH","\\nas\Mail Files\Mailing Lists\01 January 2025\122089_LT_NA_CL_SALTCASH","\\nas\Mail Files\Mailing Lists\01 January 2025\122089_LT_NA_CL_SALTCASH\122089_LT_NA_CL_SALTCASH.csv","277","","0027120615943604794378664261510","2025-01-29T12:48:27.397324","2025-01-29T12:48:27.397324","\\nas\Mail Files\Mailing Lists\01 January 2025\122089_LT_NA_CL_SALTCASH\122089_LT_NA_CL_SALTCASH.csv","494","2025-01-29T12:48:27.397324","0","TX","0","\\nas\Mail Files\Mailing Lists\01 January 2025\122089_LT_NA_CL_SALTCASH\122089_LT_NA_CL_SALTCASH Qual.pdf","122089_LT_NA_CL_SALTCASH Qual.pdf","1738101405.2768292","false","2025-01-28T16:07:31","2025-01-28T16:05:40","122089_LT_NA_CL_SaltCash","122089_LT_NA_CL_SALTCASH","1","3","3","2","400","341","400","341","111","10","JK8CB0C0CFFA32AE4","JK8CB0C0CFFA32AE4-TKE028C224550B58E"
"1008 MARK OMEARA CV","ROUND ROCK","TX","78664-5837","FELICIA MIYAKAWA","122089","122089_LT_NA_CL_SALTCASH","122089_LT_NA_CL_SALTCASH","\\nas\Mail Files\Mailing Lists\01 January 2025\122089_LT_NA_CL_SALTCASH","\\nas\Mail Files\Mailing Lists\01 January 2025\122089_LT_NA_CL_SALTCASH\122089_LT_NA_CL_SALTCASH.csv","278","","0027120615943604794478664583708","2025-01-29T12:48:27.397324","2025-01-29T12:48:27.397324","\\nas\Mail Files\Mailing Lists\01 January 2025\122089_LT_NA_CL_SALTCASH\122089_LT_NA_CL_SALTCASH.csv","494","2025-01-29T12:48:27.397324","0","TX","0","\\nas\Mail Files\Mailing Lists\01 January 2025\122089_LT_NA_CL_SALTCASH\122089_LT_NA_CL_SALTCASH Qual.pdf","122089_LT_NA_CL_SALTCASH Qual.pdf","1738101405.2768292","false","2025-01-28T16:07:31","2025-01-28T16:05:40","122089_LT_NA_CL_SaltCash","122089_LT_NA_CL_SALTCASH","1","3","3","2","400","341","400","341","111","10","JK8CB0C0CFFA32AE4","JK8CB0C0CFFA32AE4-TKE028C224550B58E"
"2014 WINDSONG TRL","ROUND ROCK","TX","78664-7026","ACHOUR AMARA","122089","122089_LT_NA_CL_SALTCASH","122089_LT_NA_CL_SALTCASH","\\nas\Mail Files\Mailing Lists\01 January 2025\122089_LT_NA_CL_SALTCASH","\\nas\Mail Files\Mailing Lists\01 January 2025\122089_LT_NA_CL_SALTCASH\122089_LT_NA_CL_SALTCASH.csv","279","","0027120615943604794578664702614","2025-01-29T12:48:27.397324","2025-01-29T12:48:27.397324","\\nas\Mail Files\Mailing Lists\01 January 2025\122089_LT_NA_CL_SALTCASH\122089_LT_NA_CL_SALTCASH.csv","494","2025-01-29T12:48:27.397324","0","TX","0","\\nas\Mail Files\Mailing Lists\01 January 2025\122089_LT_NA_CL_SALTCASH\122089_LT_NA_CL_SALTCASH Qual.pdf","122089_LT_NA_CL_SALTCASH Qual.pdf","1738101405.2768292","false","2025-01-28T16:07:31","2025-01-28T16:05:40","122089_LT_NA_CL_SaltCash","122089_LT_NA_CL_SALTCASH","1","3","3","2","400","341","400","341","111","10","JK8CB0C0CFFA32AE4","JK8CB0C0CFFA32AE4-TKE028C224550B58E"
"1104 E LIBERTY AVE","ROUND ROCK","TX","78664-4437","JEANNINE SCHAFER","122089","122089_LT_NA_CL_SALTCASH","122089_LT_NA_CL_SALTCASH","\\nas\Mail Files\Mailing Lists\01 January 2025\122089_LT_NA_CL_SALTCASH","\\nas\Mail Files\Mailing Lists\01 January 2025\122089_LT_NA_CL_SALTCASH\122089_LT_NA_CL_SALTCASH.csv","280","","0027120615943604794678664443704","2025-01-29T12:48:27.397324","2025-01-29T12:48:27.397324","\\nas\Mail Files\Mailing Lists\01 January 2025\122089_LT_NA_CL_SALTCASH\122089_LT_NA_CL_SALTCASH.csv","494","2025-01-29T12:48:27.397324","0","TX","0","\\nas\Mail Files\Mailing Lists\01 January 2025\122089_LT_NA_CL_SALTCASH\122089_LT_NA_CL_SALTCASH Qual.pdf","122089_LT_NA_CL_SALTCASH Qual.pdf","1738101405.2768292","false","2025-01-28T16:07:31","2025-01-28T16:05:40","122089_LT_NA_CL_SaltCash","122089_LT_NA_CL_SALTCASH","1","3","3","2","400","341","400","341","111","10","JK8CB0C0CFFA32AE4","JK8CB0C0CFFA32AE4-TKE028C224550B58E"
"3710 HARVEY PENICK CV","ROUND ROCK","TX","78664-3946","MILA UHER","122089","122089_LT_NA_CL_SALTCASH","122089_LT_NA_CL_SALTCASH","\\nas\Mail Files\Mailing Lists\01 January 2025\122089_LT_NA_CL_SALTCASH","\\nas\Mail Files\Mailing Lists\01 January 2025\122089_LT_NA_CL_SALTCASH\122089_LT_NA_CL_SALTCASH.csv","281","","0027120615943604794778664394610","2025-01-29T12:48:27.397324","2025-01-29T12:48:27.397324","\\nas\Mail Files\Mailing Lists\01 January 2025\122089_LT_NA_CL_SALTCASH\122089_LT_NA_CL_SALTCASH.csv","494","2025-01-29T12:48:27.397324","0","TX","0","\\nas\Mail Files\Mailing Lists\01 January 2025\122089_LT_NA_CL_SALTCASH\122089_LT_NA_CL_SALTCASH Qual.pdf","122089_LT_NA_CL_SALTCASH Qual.pdf","1738101405.2768292","false","2025-01-28T16:07:31","2025-01-28T16:05:40","122089_LT_NA_CL_SaltCash","122089_LT_NA_CL_SALTCASH","1","3","3","2","400","341","400","341","111","10","JK8CB0C0CFFA32AE4","JK8CB0C0CFFA32AE4-TKE028C224550B58E"
"1303 PARKSIDE CIR","ROUND ROCK","TX","78664-6960","ROBERT FRAGA","122089","122089_LT_NA_CL_SALTCASH","122089_LT_NA_CL_SALTCASH","\\nas\Mail Files\Mailing Lists\01 January 2025\122089_LT_NA_CL_SALTCASH","\\nas\Mail Files\Mailing Lists\01 January 2025\122089_LT_NA_CL_SALTCASH\122089_LT_NA_CL_SALTCASH.csv","282","","0027120615943604794878664696003","2025-01-29T12:48:27.397324","2025-01-29T12:48:27.397324","\\nas\Mail Files\Mailing Lists\01 January 2025\122089_LT_NA_CL_SALTCASH\122089_LT_NA_CL_SALTCASH.csv","494","2025-01-29T12:48:27.397324","0","TX","0","\\nas\Mail Files\Mailing Lists\01 January 2025\122089_LT_NA_CL_SALTCASH\122089_LT_NA_CL_SALTCASH Qual.pdf","122089_LT_NA_CL_SALTCASH Qual.pdf","1738101405.2768292","false","2025-01-28T16:07:31","2025-01-28T16:05:40","122089_LT_NA_CL_SaltCash","122089_LT_NA_CL_SALTCASH","1","3","3","2","400","341","400","341","111","10","JK8CB0C0CFFA32AE4","JK8CB0C0CFFA32AE4-TKE028C224550B58E"
"2471 SUNRISE RD","ROUND ROCK","TX","78664-2052","JEREMY - FIRST RESPONDER RESTORA","122089","122089_LT_NA_CL_SALTCASH","122089_LT_NA_CL_SALTCASH","\\nas\Mail Files\Mailing Lists\01 January 2025\122089_LT_NA_CL_SALTCASH","\\nas\Mail Files\Mailing Lists\01 January 2025\122089_LT_NA_CL_SALTCASH\122089_LT_NA_CL_SALTCASH.csv","283","","0027120615943604794978664205299","2025-01-29T12:48:27.397324","2025-01-29T12:48:27.397324","\\nas\Mail Files\Mailing Lists\01 January 2025\122089_LT_NA_CL_SALTCASH\122089_LT_NA_CL_SALTCASH.csv","494","2025-01-29T12:48:27.397324","0","TX","0","\\nas\Mail Files\Mailing Lists\01 January 2025\122089_LT_NA_CL_SALTCASH\122089_LT_NA_CL_SALTCASH Qual.pdf","122089_LT_NA_CL_SALTCASH Qual.pdf","1738101405.2768292","false","2025-01-28T16:07:31","2025-01-28T16:05:40","122089_LT_NA_CL_SaltCash","122089_LT_NA_CL_SALTCASH","1","3","3","2","400","341","400","341","111","10","JK8CB0C0CFFA32AE4","JK8CB0C0CFFA32AE4-TKE028C224550B58E"
"1620 BRYANT DR","ROUND ROCK","TX","78664-3601","DAVID HOUCK","122089","122089_LT_NA_CL_SALTCASH","122089_LT_NA_CL_SALTCASH","\\nas\Mail Files\Mailing Lists\01 January 2025\122089_LT_NA_CL_SALTCASH","\\nas\Mail Files\Mailing Lists\01 January 2025\122089_LT_NA_CL_SALTCASH\122089_LT_NA_CL_SALTCASH.csv","284","","0027120615943604795078664360199","2025-01-29T12:48:27.397324","2025-01-29T12:48:27.397324","\\nas\Mail Files\Mailing Lists\01 January 2025\122089_LT_NA_CL_SALTCASH\122089_LT_NA_CL_SALTCASH.csv","494","2025-01-29T12:48:27.397324","0","TX","0","\\nas\Mail Files\Mailing Lists\01 January 2025\122089_LT_NA_CL_SALTCASH\122089_LT_NA_CL_SALTCASH Qual.pdf","122089_LT_NA_CL_SALTCASH Qual.pdf","1738101405.2768292","false","2025-01-28T16:07:31","2025-01-28T16:05:40","122089_LT_NA_CL_SaltCash","122089_LT_NA_CL_SALTCASH","1","3","3","2","400","341","400","341","111","10","JK8CB0C0CFFA32AE4","JK8CB0C0CFFA32AE4-TKE028C224550B58E"
"2900 HARVESTER LN","ROUND ROCK","TX","78664-2082","PAUL GARRETT","122089","122089_LT_NA_CL_SALTCASH","122089_LT_NA_CL_SALTCASH","\\nas\Mail Files\Mailing Lists\01 January 2025\122089_LT_NA_CL_SALTCASH","\\nas\Mail Files\Mailing Lists\01 January 2025\122089_LT_NA_CL_SALTCASH\122089_LT_NA_CL_SALTCASH.csv","285","","0027120615943604795178664208200","2025-01-29T12:48:27.397324","2025-01-29T12:48:27.397324","\\nas\Mail Files\Mailing Lists\01 January 2025\122089_LT_NA_CL_SALTCASH\122089_LT_NA_CL_SALTCASH.csv","494","2025-01-29T12:48:27.397324","0","TX","0","\\nas\Mail Files\Mailing Lists\01 January 2025\122089_LT_NA_CL_SALTCASH\122089_LT_NA_CL_SALTCASH Qual.pdf","122089_LT_NA_CL_SALTCASH Qual.pdf","1738101405.2768292","false","2025-01-28T16:07:31","2025-01-28T16:05:40","122089_LT_NA_CL_SaltCash","122089_LT_NA_CL_SALTCASH","1","3","3","2","400","341","400","341","111","10","JK8CB0C0CFFA32AE4","JK8CB0C0CFFA32AE4-TKE028C224550B58E"
"621 BOONE VALLEY DR","ROUND ROCK","TX","78664-4027","JUAN VELASQUEZ","122089","122089_LT_NA_CL_SALTCASH","122089_LT_NA_CL_SALTCASH","\\nas\Mail Files\Mailing Lists\01 January 2025\122089_LT_NA_CL_SALTCASH","\\nas\Mail Files\Mailing Lists\01 January 2025\122089_LT_NA_CL_SALTCASH\122089_LT_NA_CL_SALTCASH.csv","286","","0027120615943604795278664402721","2025-01-29T12:48:27.397324","2025-01-29T12:48:27.397324","\\nas\Mail Files\Mailing Lists\01 January 2025\122089_LT_NA_CL_SALTCASH\122089_LT_NA_CL_SALTCASH.csv","494","2025-01-29T12:48:27.397324","0","TX","0","\\nas\Mail Files\Mailing Lists\01 January 2025\122089_LT_NA_CL_SALTCASH\122089_LT_NA_CL_SALTCASH Qual.pdf","122089_LT_NA_CL_SALTCASH Qual.pdf","1738101405.2768292","false","2025-01-28T16:07:31","2025-01-28T16:05:40","122089_LT_NA_CL_SaltCash","122089_LT_NA_CL_SALTCASH","1","3","3","2","400","341","400","341","111","10","JK8CB0C0CFFA32AE4","JK8CB0C0CFFA32AE4-TKE028C224550B58E"
"3754 ROYAL PORT RUSH DR","ROUND ROCK","TX","78664-6248","TOM ALEXANDER","122089","122089_LT_NA_CL_SALTCASH","122089_LT_NA_CL_SALTCASH","\\nas\Mail Files\Mailing Lists\01 January 2025\122089_LT_NA_CL_SALTCASH","\\nas\Mail Files\Mailing Lists\01 January 2025\122089_LT_NA_CL_SALTCASH\122089_LT_NA_CL_SALTCASH.csv","287","","0027120615943604795378664624854","2025-01-29T12:48:27.397324","2025-01-29T12:48:27.397324","\\nas\Mail Files\Mailing Lists\01 January 2025\122089_LT_NA_CL_SALTCASH\122089_LT_NA_CL_SALTCASH.csv","494","2025-01-29T12:48:27.397324","0","TX","0","\\nas\Mail Files\Mailing Lists\01 January 2025\122089_LT_NA_CL_SALTCASH\122089_LT_NA_CL_SALTCASH Qual.pdf","122089_LT_NA_CL_SALTCASH Qual.pdf","1738101405.2768292","false","2025-01-28T16:07:31","2025-01-28T16:05:40","122089_LT_NA_CL_SaltCash","122089_LT_NA_CL_SALTCASH","1","3","3","2","400","341","400","341","111","10","JK8CB0C0CFFA32AE4","JK8CB0C0CFFA32AE4-TKE028C224550B58E"
"47 STILLMEADOW","ROUND ROCK","TX","78664-9607","TY HARRIS","122089","122089_LT_NA_CL_SALTCASH","122089_LT_NA_CL_SALTCASH","\\nas\Mail Files\Mailing Lists\01 January 2025\122089_LT_NA_CL_SALTCASH","\\nas\Mail Files\Mailing Lists\01 January 2025\122089_LT_NA_CL_SALTCASH\122089_LT_NA_CL_SALTCASH.csv","288","","0027120615943604795478664960747","2025-01-29T12:48:27.397324","2025-01-29T12:48:27.397324","\\nas\Mail Files\Mailing Lists\01 January 2025\122089_LT_NA_CL_SALTCASH\122089_LT_NA_CL_SALTCASH.csv","494","2025-01-29T12:48:27.397324","0","TX","0","\\nas\Mail Files\Mailing Lists\01 January 2025\122089_LT_NA_CL_SALTCASH\122089_LT_NA_CL_SALTCASH Qual.pdf","122089_LT_NA_CL_SALTCASH Qual.pdf","1738101405.2768292","false","2025-01-28T16:07:31","2025-01-28T16:05:40","122089_LT_NA_CL_SaltCash","122089_LT_NA_CL_SALTCASH","1","3","3","2","400","341","400","341","111","10","JK8CB0C0CFFA32AE4","JK8CB0C0CFFA32AE4-TKE028C224550B58E"
"5 OAKMOORE","ROUND ROCK","TX","78664-9612","PEGGY TREADWELL","122089","122089_LT_NA_CL_SALTCASH","122089_LT_NA_CL_SALTCASH","\\nas\Mail Files\Mailing Lists\01 January 2025\122089_LT_NA_CL_SALTCASH","\\nas\Mail Files\Mailing Lists\01 January 2025\122089_LT_NA_CL_SALTCASH\122089_LT_NA_CL_SALTCASH.csv","289","","0027120615943604795578664961205","2025-01-29T12:48:27.397324","2025-01-29T12:48:27.397324","\\nas\Mail Files\Mailing Lists\01 January 2025\122089_LT_NA_CL_SALTCASH\122089_LT_NA_CL_SALTCASH.csv","494","2025-01-29T12:48:27.397324","0","TX","0","\\nas\Mail Files\Mailing Lists\01 January 2025\122089_LT_NA_CL_SALTCASH\122089_LT_NA_CL_SALTCASH Qual.pdf","122089_LT_NA_CL_SALTCASH Qual.pdf","1738101405.2768292","false","2025-01-28T16:07:31","2025-01-28T16:05:40","122089_LT_NA_CL_SaltCash","122089_LT_NA_CL_SALTCASH","1","3","3","2","400","341","400","341","111","10","JK8CB0C0CFFA32AE4","JK8CB0C0CFFA32AE4-TKE028C224550B58E"
"3000 FLOWER HILL DR","ROUND ROCK","TX","78664-6301","MIKE DONOHUE","122089","122089_LT_NA_CL_SALTCASH","122089_LT_NA_CL_SALTCASH","\\nas\Mail Files\Mailing Lists\01 January 2025\122089_LT_NA_CL_SALTCASH","\\nas\Mail Files\Mailing Lists\01 January 2025\122089_LT_NA_CL_SALTCASH\122089_LT_NA_CL_SALTCASH.csv","290","","0027120615943604795678664630100","2025-01-29T12:48:27.397324","2025-01-29T12:48:27.397324","\\nas\Mail Files\Mailing Lists\01 January 2025\122089_LT_NA_CL_SALTCASH\122089_LT_NA_CL_SALTCASH.csv","494","2025-01-29T12:48:27.397324","0","TX","0","\\nas\Mail Files\Mailing Lists\01 January 2025\122089_LT_NA_CL_SALTCASH\122089_LT_NA_CL_SALTCASH Qual.pdf","122089_LT_NA_CL_SALTCASH Qual.pdf","1738101405.2768292","false","2025-01-28T16:07:31","2025-01-28T16:05:40","122089_LT_NA_CL_SaltCash","122089_LT_NA_CL_SALTCASH","1","3","3","2","400","341","400","341","111","10","JK8CB0C0CFFA32AE4","JK8CB0C0CFFA32AE4-TKE028C224550B58E"
"928 HERITAGE SPRINGS TRL","ROUND ROCK","TX","78664-7909","TOM FREDRICK","122089","122089_LT_NA_CL_SALTCASH","122089_LT_NA_CL_SALTCASH","\\nas\Mail Files\Mailing Lists\01 January 2025\122089_LT_NA_CL_SALTCASH","\\nas\Mail Files\Mailing Lists\01 January 2025\122089_LT_NA_CL_SALTCASH\122089_LT_NA_CL_SALTCASH.csv","291","","0027120615943604795778664790928","2025-01-29T12:48:27.397324","2025-01-29T12:48:27.397324","\\nas\Mail Files\Mailing Lists\01 January 2025\122089_LT_NA_CL_SALTCASH\122089_LT_NA_CL_SALTCASH.csv","494","2025-01-29T12:48:27.397324","0","TX","0","\\nas\Mail Files\Mailing Lists\01 January 2025\122089_LT_NA_CL_SALTCASH\122089_LT_NA_CL_SALTCASH Qual.pdf","122089_LT_NA_CL_SALTCASH Qual.pdf","1738101405.2768292","false","2025-01-28T16:07:31","2025-01-28T16:05:40","122089_LT_NA_CL_SaltCash","122089_LT_NA_CL_SALTCASH","1","3","3","2","400","341","400","341","111","10","JK8CB0C0CFFA32AE4","JK8CB0C0CFFA32AE4-TKE028C224550B58E"
"2911 HILL VIEW CV","ROUND ROCK","TX","78664-5788","KATHY & DAVID KINSER","122089","122089_LT_NA_CL_SALTCASH","122089_LT_NA_CL_SALTCASH","\\nas\Mail Files\Mailing Lists\01 January 2025\122089_LT_NA_CL_SALTCASH","\\nas\Mail Files\Mailing Lists\01 January 2025\122089_LT_NA_CL_SALTCASH\122089_LT_NA_CL_SALTCASH.csv","292","","0027120615943604795878664578811","2025-01-29T12:48:27.397324","2025-01-29T12:48:27.397324","\\nas\Mail Files\Mailing Lists\01 January 2025\122089_LT_NA_CL_SALTCASH\122089_LT_NA_CL_SALTCASH.csv","494","2025-01-29T12:48:27.397324","0","TX","0","\\nas\Mail Files\Mailing Lists\01 January 2025\122089_LT_NA_CL_SALTCASH\122089_LT_NA_CL_SALTCASH Qual.pdf","122089_LT_NA_CL_SALTCASH Qual.pdf","1738101405.2768292","false","2025-01-28T16:07:31","2025-01-28T16:05:40","122089_LT_NA_CL_SaltCash","122089_LT_NA_CL_SALTCASH","1","3","3","2","400","341","400","341","111","10","JK8CB0C0CFFA32AE4","JK8CB0C0CFFA32AE4-TKE028C224550B58E"
"1704 SOUTHEASTERN TRL","ROUND ROCK","TX","78664-7056","HEATHER AND DENNIS HARDESTY","122089","122089_LT_NA_CL_SALTCASH","122089_LT_NA_CL_SALTCASH","\\nas\Mail Files\Mailing Lists\01 January 2025\122089_LT_NA_CL_SALTCASH","\\nas\Mail Files\Mailing Lists\01 January 2025\122089_LT_NA_CL_SALTCASH\122089_LT_NA_CL_SALTCASH.csv","293","","0027120615943604795978664705604","2025-01-29T12:48:27.397324","2025-01-29T12:48:27.397324","\\nas\Mail Files\Mailing Lists\01 January 2025\122089_LT_NA_CL_SALTCASH\122089_LT_NA_CL_SALTCASH.csv","494","2025-01-29T12:48:27.397324","0","TX","0","\\nas\Mail Files\Mailing Lists\01 January 2025\122089_LT_NA_CL_SALTCASH\122089_LT_NA_CL_SALTCASH Qual.pdf","122089_LT_NA_CL_SALTCASH Qual.pdf","1738101405.2768292","false","2025-01-28T16:07:31","2025-01-28T16:05:40","122089_LT_NA_CL_SaltCash","122089_LT_NA_CL_SALTCASH","1","3","3","2","400","341","400","341","111","10","JK8CB0C0CFFA32AE4","JK8CB0C0CFFA32AE4-TKE028C224550B58E"
"2017 WINDSONG TRL","ROUND ROCK","TX","78664-7029","KATIE POWELL & KOLTEN POWELL","122089","122089_LT_NA_CL_SALTCASH","122089_LT_NA_CL_SALTCASH","\\nas\Mail Files\Mailing Lists\01 January 2025\122089_LT_NA_CL_SALTCASH","\\nas\Mail Files\Mailing Lists\01 January 2025\122089_LT_NA_CL_SALTCASH\122089_LT_NA_CL_SALTCASH.csv","294","","0027120615943604796078664702917","2025-01-29T12:48:27.397324","2025-01-29T12:48:27.397324","\\nas\Mail Files\Mailing Lists\01 January 2025\122089_LT_NA_CL_SALTCASH\122089_LT_NA_CL_SALTCASH.csv","494","2025-01-29T12:48:27.397324","0","TX","0","\\nas\Mail Files\Mailing Lists\01 January 2025\122089_LT_NA_CL_SALTCASH\122089_LT_NA_CL_SALTCASH Qual.pdf","122089_LT_NA_CL_SALTCASH Qual.pdf","1738101405.2768292","false","2025-01-28T16:07:31","2025-01-28T16:05:40","122089_LT_NA_CL_SaltCash","122089_LT_NA_CL_SALTCASH","1","3","3","2","400","341","400","341","111","10","JK8CB0C0CFFA32AE4","JK8CB0C0CFFA32AE4-TKE028C224550B58E"
"2053 BUCKLEY LN","ROUND ROCK","TX","78664-4606","KELLIE GRAVES-CARREON","122089","122089_LT_NA_CL_SALTCASH","122089_LT_NA_CL_SALTCASH","\\nas\Mail Files\Mailing Lists\01 January 2025\122089_LT_NA_CL_SALTCASH","\\nas\Mail Files\Mailing Lists\01 January 2025\122089_LT_NA_CL_SALTCASH\122089_LT_NA_CL_SALTCASH.csv","295","","0027120615943604796178664460653","2025-01-29T12:48:27.397324","2025-01-29T12:48:27.397324","\\nas\Mail Files\Mailing Lists\01 January 2025\122089_LT_NA_CL_SALTCASH\122089_LT_NA_CL_SALTCASH.csv","494","2025-01-29T12:48:27.397324","0","TX","0","\\nas\Mail Files\Mailing Lists\01 January 2025\122089_LT_NA_CL_SALTCASH\122089_LT_NA_CL_SALTCASH Qual.pdf","122089_LT_NA_CL_SALTCASH Qual.pdf","1738101405.2768292","false","2025-01-28T16:07:31","2025-01-28T16:05:40","122089_LT_NA_CL_SaltCash","122089_LT_NA_CL_SALTCASH","1","3","3","2","400","341","400","341","111","10","JK8CB0C0CFFA32AE4","JK8CB0C0CFFA32AE4-TKE028C224550B58E"
"4104 HIDDEN LAKE XING","PFLUGERVILLE","TX","78660-5548","NATASHA MCDOUGAL","122089","122089_LT_NA_CL_SALTCASH","122089_LT_NA_CL_SALTCASH","\\nas\Mail Files\Mailing Lists\01 January 2025\122089_LT_NA_CL_SALTCASH","\\nas\Mail Files\Mailing Lists\01 January 2025\122089_LT_NA_CL_SALTCASH\122089_LT_NA_CL_SALTCASH.csv","296","","0027120615943604796278660554804","2025-01-29T12:48:27.397324","2025-01-29T12:48:27.397324","\\nas\Mail Files\Mailing Lists\01 January 2025\122089_LT_NA_CL_SALTCASH\122089_LT_NA_CL_SALTCASH.csv","494","2025-01-29T12:48:27.397324","0","TX","0","\\nas\Mail Files\Mailing Lists\01 January 2025\122089_LT_NA_CL_SALTCASH\122089_LT_NA_CL_SALTCASH Qual.pdf","122089_LT_NA_CL_SALTCASH Qual.pdf","1738101405.2768292","false","2025-01-28T16:07:31","2025-01-28T16:05:40","122089_LT_NA_CL_SaltCash","122089_LT_NA_CL_SALTCASH","1","3","3","2","400","341","400","341","111","10","JK8CB0C0CFFA32AE4","JK8CB0C0CFFA32AE4-TKE028C224550B58E"
"20520 ROLLING CREEK RD","PFLUGERVILLE","TX","78660-6023","JAMES BARTELS","122089","122089_LT_NA_CL_SALTCASH","122089_LT_NA_CL_SALTCASH","\\nas\Mail Files\Mailing Lists\01 January 2025\122089_LT_NA_CL_SALTCASH","\\nas\Mail Files\Mailing Lists\01 January 2025\122089_LT_NA_CL_SALTCASH\122089_LT_NA_CL_SALTCASH.csv","297","","0027120615943604796378660602320","2025-01-29T12:48:27.397324","2025-01-29T12:48:27.397324","\\nas\Mail Files\Mailing Lists\01 January 2025\122089_LT_NA_CL_SALTCASH\122089_LT_NA_CL_SALTCASH.csv","494","2025-01-29T12:48:27.397324","0","TX","0","\\nas\Mail Files\Mailing Lists\01 January 2025\122089_LT_NA_CL_SALTCASH\122089_LT_NA_CL_SALTCASH Qual.pdf","122089_LT_NA_CL_SALTCASH Qual.pdf","1738101405.2768292","false","2025-01-28T16:07:31","2025-01-28T16:05:40","122089_LT_NA_CL_SaltCash","122089_LT_NA_CL_SALTCASH","1","3","3","2","400","341","400","341","111","10","JK8CB0C0CFFA32AE4","JK8CB0C0CFFA32AE4-TKE028C224550B58E"
"3516 SOFT SHORE LN","PFLUGERVILLE","TX","78660-4893","JAMIE LAIRD","122089","122089_LT_NA_CL_SALTCASH","122089_LT_NA_CL_SALTCASH","\\nas\Mail Files\Mailing Lists\01 January 2025\122089_LT_NA_CL_SALTCASH","\\nas\Mail Files\Mailing Lists\01 January 2025\122089_LT_NA_CL_SALTCASH\122089_LT_NA_CL_SALTCASH.csv","298","","0027120615943604796478660489316","2025-01-29T12:48:27.397324","2025-01-29T12:48:27.397324","\\nas\Mail Files\Mailing Lists\01 January 2025\122089_LT_NA_CL_SALTCASH\122089_LT_NA_CL_SALTCASH.csv","494","2025-01-29T12:48:27.397324","0","TX","0","\\nas\Mail Files\Mailing Lists\01 January 2025\122089_LT_NA_CL_SALTCASH\122089_LT_NA_CL_SALTCASH Qual.pdf","122089_LT_NA_CL_SALTCASH Qual.pdf","1738101405.2768292","false","2025-01-28T16:07:31","2025-01-28T16:05:40","122089_LT_NA_CL_SaltCash","122089_LT_NA_CL_SALTCASH","1","3","3","2","400","341","400","341","111","10","JK8CB0C0CFFA32AE4","JK8CB0C0CFFA32AE4-TKE028C224550B58E"
"1007 NIMBUS DR","PFLUGERVILLE","TX","78660-2414","KAREN CLOWDUS","122089","122089_LT_NA_CL_SALTCASH","122089_LT_NA_CL_SALTCASH","\\nas\Mail Files\Mailing Lists\01 January 2025\122089_LT_NA_CL_SALTCASH","\\nas\Mail Files\Mailing Lists\01 January 2025\122089_LT_NA_CL_SALTCASH\122089_LT_NA_CL_SALTCASH.csv","299","","0027120615943604796578660241407","2025-01-29T12:48:27.397324","2025-01-29T12:48:27.397324","\\nas\Mail Files\Mailing Lists\01 January 2025\122089_LT_NA_CL_SALTCASH\122089_LT_NA_CL_SALTCASH.csv","494","2025-01-29T12:48:27.397324","0","TX","0","\\nas\Mail Files\Mailing Lists\01 January 2025\122089_LT_NA_CL_SALTCASH\122089_LT_NA_CL_SALTCASH Qual.pdf","122089_LT_NA_CL_SALTCASH Qual.pdf","1738101405.2768292","false","2025-01-28T16:07:31","2025-01-28T16:05:40","122089_LT_NA_CL_SaltCash","122089_LT_NA_CL_SALTCASH","1","3","3","2","400","341","400","341","111","10","JK8CB0C0CFFA32AE4","JK8CB0C0CFFA32AE4-TKE028C224550B58E"
"18004 SANTA CROCE DR","PFLUGERVILLE","TX","78660-7003","NIGEL EASON","122089","122089_LT_NA_CL_SALTCASH","122089_LT_NA_CL_SALTCASH","\\nas\Mail Files\Mailing Lists\01 January 2025\122089_LT_NA_CL_SALTCASH","\\nas\Mail Files\Mailing Lists\01 January 2025\122089_LT_NA_CL_SALTCASH\122089_LT_NA_CL_SALTCASH.csv","300","","0027120615943604796678660700304","2025-01-29T12:48:27.397324","2025-01-29T12:48:27.397324","\\nas\Mail Files\Mailing Lists\01 January 2025\122089_LT_NA_CL_SALTCASH\122089_LT_NA_CL_SALTCASH.csv","494","2025-01-29T12:48:27.397324","0","TX","0","\\nas\Mail Files\Mailing Lists\01 January 2025\122089_LT_NA_CL_SALTCASH\122089_LT_NA_CL_SALTCASH Qual.pdf","122089_LT_NA_CL_SALTCASH Qual.pdf","1738101405.2768292","false","2025-01-28T16:07:31","2025-01-28T16:05:40","122089_LT_NA_CL_SaltCash","122089_LT_NA_CL_SALTCASH","1","3","3","2","400","341","400","341","111","10","JK8CB0C0CFFA32AE4","JK8CB0C0CFFA32AE4-TKE028C224550B58E"
"2713 KICKAPOO CAVERN DR","PFLUGERVILLE","TX","78660-7742","SCOTTIE METCALF","122089","122089_LT_NA_CL_SALTCASH","122089_LT_NA_CL_SALTCASH","\\nas\Mail Files\Mailing Lists\01 January 2025\122089_LT_NA_CL_SALTCASH","\\nas\Mail Files\Mailing Lists\01 January 2025\122089_LT_NA_CL_SALTCASH\122089_LT_NA_CL_SALTCASH.csv","301","","0027120615943604796778660774213","2025-01-29T12:48:27.397324","2025-01-29T12:48:27.397324","\\nas\Mail Files\Mailing Lists\01 January 2025\122089_LT_NA_CL_SALTCASH\122089_LT_NA_CL_SALTCASH.csv","494","2025-01-29T12:48:27.397324","0","TX","0","\\nas\Mail Files\Mailing Lists\01 January 2025\122089_LT_NA_CL_SALTCASH\122089_LT_NA_CL_SALTCASH Qual.pdf","122089_LT_NA_CL_SALTCASH Qual.pdf","1738101405.2768292","false","2025-01-28T16:07:31","2025-01-28T16:05:40","122089_LT_NA_CL_SaltCash","122089_LT_NA_CL_SALTCASH","1","3","3","2","400","341","400","341","111","10","JK8CB0C0CFFA32AE4","JK8CB0C0CFFA32AE4-TKE028C224550B58E"
"4204 BREAN DOWN","PFLUGERVILLE","TX","78660-4663","TZULI TIEN","122089","122089_LT_NA_CL_SALTCASH","122089_LT_NA_CL_SALTCASH","\\nas\Mail Files\Mailing Lists\01 January 2025\122089_LT_NA_CL_SALTCASH","\\nas\Mail Files\Mailing Lists\01 January 2025\122089_LT_NA_CL_SALTCASH\122089_LT_NA_CL_SALTCASH.csv","302","","0027120615943604796878660466304","2025-01-29T12:48:27.397324","2025-01-29T12:48:27.397324","\\nas\Mail Files\Mailing Lists\01 January 2025\122089_LT_NA_CL_SALTCASH\122089_LT_NA_CL_SALTCASH.csv","494","2025-01-29T12:48:27.397324","0","TX","0","\\nas\Mail Files\Mailing Lists\01 January 2025\122089_LT_NA_CL_SALTCASH\122089_LT_NA_CL_SALTCASH Qual.pdf","122089_LT_NA_CL_SALTCASH Qual.pdf","1738101405.2768292","false","2025-01-28T16:07:31","2025-01-28T16:05:40","122089_LT_NA_CL_SaltCash","122089_LT_NA_CL_SALTCASH","1","3","3","2","400","341","400","341","111","10","JK8CB0C0CFFA32AE4","JK8CB0C0CFFA32AE4-TKE028C224550B58E"
"1209 PITCAIRN DR","PFLUGERVILLE","TX","78660-2139","ANDREW AND MEREDITH EARP","122089","122089_LT_NA_CL_SALTCASH","122089_LT_NA_CL_SALTCASH","\\nas\Mail Files\Mailing Lists\01 January 2025\122089_LT_NA_CL_SALTCASH","\\nas\Mail Files\Mailing Lists\01 January 2025\122089_LT_NA_CL_SALTCASH\122089_LT_NA_CL_SALTCASH.csv","303","","0027120615943604796978660213909","2025-01-29T12:48:27.397324","2025-01-29T12:48:27.397324","\\nas\Mail Files\Mailing Lists\01 January 2025\122089_LT_NA_CL_SALTCASH\122089_LT_NA_CL_SALTCASH.csv","494","2025-01-29T12:48:27.397324","0","TX","0","\\nas\Mail Files\Mailing Lists\01 January 2025\122089_LT_NA_CL_SALTCASH\122089_LT_NA_CL_SALTCASH Qual.pdf","122089_LT_NA_CL_SALTCASH Qual.pdf","1738101405.2768292","false","2025-01-28T16:07:31","2025-01-28T16:05:40","122089_LT_NA_CL_SaltCash","122089_LT_NA_CL_SALTCASH","1","3","3","2","400","341","400","341","111","10","JK8CB0C0CFFA32AE4","JK8CB0C0CFFA32AE4-TKE028C224550B58E"
"19021 LEIGH LN","PFLUGERVILLE","TX","78660-3496","DAVID PROTHRO","122089","122089_LT_NA_CL_SALTCASH","122089_LT_NA_CL_SALTCASH","\\nas\Mail Files\Mailing Lists\01 January 2025\122089_LT_NA_CL_SALTCASH","\\nas\Mail Files\Mailing Lists\01 January 2025\122089_LT_NA_CL_SALTCASH\122089_LT_NA_CL_SALTCASH.csv","304","","0027120615943604797078660349621","2025-01-29T12:48:27.397324","2025-01-29T12:48:27.397324","\\nas\Mail Files\Mailing Lists\01 January 2025\122089_LT_NA_CL_SALTCASH\122089_LT_NA_CL_SALTCASH.csv","494","2025-01-29T12:48:27.397324","0","TX","0","\\nas\Mail Files\Mailing Lists\01 January 2025\122089_LT_NA_CL_SALTCASH\122089_LT_NA_CL_SALTCASH Qual.pdf","122089_LT_NA_CL_SALTCASH Qual.pdf","1738101405.2768292","false","2025-01-28T16:07:31","2025-01-28T16:05:40","122089_LT_NA_CL_SaltCash","122089_LT_NA_CL_SALTCASH","1","3","3","2","400","341","400","341","111","10","JK8CB0C0CFFA32AE4","JK8CB0C0CFFA32AE4-TKE028C224550B58E"
"18001 MISTY HARBOR DR","PFLUGERVILLE","TX","78660-2339","ALLISON NEIMAN","122089","122089_LT_NA_CL_SALTCASH","122089_LT_NA_CL_SALTCASH","\\nas\Mail Files\Mailing Lists\01 January 2025\122089_LT_NA_CL_SALTCASH","\\nas\Mail Files\Mailing Lists\01 January 2025\122089_LT_NA_CL_SALTCASH\122089_LT_NA_CL_SALTCASH.csv","305","","0027120615943604797178660233901","2025-01-29T12:48:27.397324","2025-01-29T12:48:27.397324","\\nas\Mail Files\Mailing Lists\01 January 2025\122089_LT_NA_CL_SALTCASH\122089_LT_NA_CL_SALTCASH.csv","494","2025-01-29T12:48:27.397324","0","TX","0","\\nas\Mail Files\Mailing Lists\01 January 2025\122089_LT_NA_CL_SALTCASH\122089_LT_NA_CL_SALTCASH Qual.pdf","122089_LT_NA_CL_SALTCASH Qual.pdf","1738101405.2768292","false","2025-01-28T16:07:31","2025-01-28T16:05:40","122089_LT_NA_CL_SaltCash","122089_LT_NA_CL_SALTCASH","1","3","3","2","400","341","400","341","111","10","JK8CB0C0CFFA32AE4","JK8CB0C0CFFA32AE4-TKE028C224550B58E"
"20513 HORNED OWL TRL","PFLUGERVILLE","TX","78660-7801","DEBBY AND DAN UTLEY","122089","122089_LT_NA_CL_SALTCASH","122089_LT_NA_CL_SALTCASH","\\nas\Mail Files\Mailing Lists\01 January 2025\122089_LT_NA_CL_SALTCASH","\\nas\Mail Files\Mailing Lists\01 January 2025\122089_LT_NA_CL_SALTCASH\122089_LT_NA_CL_SALTCASH.csv","306","","0027120615943604797278660780113","2025-01-29T12:48:27.397324","2025-01-29T12:48:27.397324","\\nas\Mail Files\Mailing Lists\01 January 2025\122089_LT_NA_CL_SALTCASH\122089_LT_NA_CL_SALTCASH.csv","494","2025-01-29T12:48:27.397324","0","TX","0","\\nas\Mail Files\Mailing Lists\01 January 2025\122089_LT_NA_CL_SALTCASH\122089_LT_NA_CL_SALTCASH Qual.pdf","122089_LT_NA_CL_SALTCASH Qual.pdf","1738101405.2768292","false","2025-01-28T16:07:31","2025-01-28T16:05:40","122089_LT_NA_CL_SaltCash","122089_LT_NA_CL_SALTCASH","1","3","3","2","400","341","400","341","111","10","JK8CB0C0CFFA32AE4","JK8CB0C0CFFA32AE4-TKE028C224550B58E"
"17124 CASANOVA AVE","PFLUGERVILLE","TX","78660-4874","JENNIFER FOX","122089","122089_LT_NA_CL_SALTCASH","122089_LT_NA_CL_SALTCASH","\\nas\Mail Files\Mailing Lists\01 January 2025\122089_LT_NA_CL_SALTCASH","\\nas\Mail Files\Mailing Lists\01 January 2025\122089_LT_NA_CL_SALTCASH\122089_LT_NA_CL_SALTCASH.csv","307","","0027120615943604797378660487424","2025-01-29T12:48:27.397324","2025-01-29T12:48:27.397324","\\nas\Mail Files\Mailing Lists\01 January 2025\122089_LT_NA_CL_SALTCASH\122089_LT_NA_CL_SALTCASH.csv","494","2025-01-29T12:48:27.397324","0","TX","0","\\nas\Mail Files\Mailing Lists\01 January 2025\122089_LT_NA_CL_SALTCASH\122089_LT_NA_CL_SALTCASH Qual.pdf","122089_LT_NA_CL_SALTCASH Qual.pdf","1738101405.2768292","false","2025-01-28T16:07:31","2025-01-28T16:05:40","122089_LT_NA_CL_SaltCash","122089_LT_NA_CL_SALTCASH","1","3","3","2","400","341","400","341","111","10","JK8CB0C0CFFA32AE4","JK8CB0C0CFFA32AE4-TKE028C224550B58E"
"16810 GRAVESEND RD","PFLUGERVILLE","TX","78660-1830","JOSHUA SMITH","122089","122089_LT_NA_CL_SALTCASH","122089_LT_NA_CL_SALTCASH","\\nas\Mail Files\Mailing Lists\01 January 2025\122089_LT_NA_CL_SALTCASH","\\nas\Mail Files\Mailing Lists\01 January 2025\122089_LT_NA_CL_SALTCASH\122089_LT_NA_CL_SALTCASH.csv","308","","0027120615943604797478660183010","2025-01-29T12:48:27.397324","2025-01-29T12:48:27.397324","\\nas\Mail Files\Mailing Lists\01 January 2025\122089_LT_NA_CL_SALTCASH\122089_LT_NA_CL_SALTCASH.csv","494","2025-01-29T12:48:27.397324","0","TX","0","\\nas\Mail Files\Mailing Lists\01 January 2025\122089_LT_NA_CL_SALTCASH\122089_LT_NA_CL_SALTCASH Qual.pdf","122089_LT_NA_CL_SALTCASH Qual.pdf","1738101405.2768292","false","2025-01-28T16:07:31","2025-01-28T16:05:40","122089_LT_NA_CL_SaltCash","122089_LT_NA_CL_SALTCASH","1","3","3","2","400","341","400","341","111","10","JK8CB0C0CFFA32AE4","JK8CB0C0CFFA32AE4-TKE028C224550B58E"
"2201 TERRADYNE DR","PFLUGERVILLE","TX","78660-5041","SALLY WARREN","122089","122089_LT_NA_CL_SALTCASH","122089_LT_NA_CL_SALTCASH","\\nas\Mail Files\Mailing Lists\01 January 2025\122089_LT_NA_CL_SALTCASH","\\nas\Mail Files\Mailing Lists\01 January 2025\122089_LT_NA_CL_SALTCASH\122089_LT_NA_CL_SALTCASH.csv","309","","0027120615943604797578660504101","2025-01-29T12:48:27.397324","2025-01-29T12:48:27.397324","\\nas\Mail Files\Mailing Lists\01 January 2025\122089_LT_NA_CL_SALTCASH\122089_LT_NA_CL_SALTCASH.csv","494","2025-01-29T12:48:27.397324","0","TX","0","\\nas\Mail Files\Mailing Lists\01 January 2025\122089_LT_NA_CL_SALTCASH\122089_LT_NA_CL_SALTCASH Qual.pdf","122089_LT_NA_CL_SALTCASH Qual.pdf","1738101405.2768292","false","2025-01-28T16:07:31","2025-01-28T16:05:40","122089_LT_NA_CL_SaltCash","122089_LT_NA_CL_SALTCASH","1","3","3","2","400","341","400","341","111","10","JK8CB0C0CFFA32AE4","JK8CB0C0CFFA32AE4-TKE028C224550B58E"
"20108 CLOUGHMORE CT","PFLUGERVILLE","TX","78660-2688","DILEEP MANDALI","122089","122089_LT_NA_CL_SALTCASH","122089_LT_NA_CL_SALTCASH","\\nas\Mail Files\Mailing Lists\01 January 2025\122089_LT_NA_CL_SALTCASH","\\nas\Mail Files\Mailing Lists\01 January 2025\122089_LT_NA_CL_SALTCASH\122089_LT_NA_CL_SALTCASH.csv","310","","0027120615943604797678660268808","2025-01-29T12:48:27.397324","2025-01-29T12:48:27.397324","\\nas\Mail Files\Mailing Lists\01 January 2025\122089_LT_NA_CL_SALTCASH\122089_LT_NA_CL_SALTCASH.csv","494","2025-01-29T12:48:27.397324","0","TX","0","\\nas\Mail Files\Mailing Lists\01 January 2025\122089_LT_NA_CL_SALTCASH\122089_LT_NA_CL_SALTCASH Qual.pdf","122089_LT_NA_CL_SALTCASH Qual.pdf","1738101405.2768292","false","2025-01-28T16:07:31","2025-01-28T16:05:40","122089_LT_NA_CL_SaltCash","122089_LT_NA_CL_SALTCASH","1","3","3","2","400","341","400","341","111","10","JK8CB0C0CFFA32AE4","JK8CB0C0CFFA32AE4-TKE028C224550B58E"
"4541 TIDDLE LN","PFLUGERVILLE","TX","78660-3649","MATHEW AND MARLENE BALDWIN","122089","122089_LT_NA_CL_SALTCASH","122089_LT_NA_CL_SALTCASH","\\nas\Mail Files\Mailing Lists\01 January 2025\122089_LT_NA_CL_SALTCASH","\\nas\Mail Files\Mailing Lists\01 January 2025\122089_LT_NA_CL_SALTCASH\122089_LT_NA_CL_SALTCASH.csv","311","","0027120615943604797778660364941","2025-01-29T12:48:27.397324","2025-01-29T12:48:27.397324","\\nas\Mail Files\Mailing Lists\01 January 2025\122089_LT_NA_CL_SALTCASH\122089_LT_NA_CL_SALTCASH.csv","494","2025-01-29T12:48:27.397324","0","TX","0","\\nas\Mail Files\Mailing Lists\01 January 2025\122089_LT_NA_CL_SALTCASH\122089_LT_NA_CL_SALTCASH Qual.pdf","122089_LT_NA_CL_SALTCASH Qual.pdf","1738101405.2768292","false","2025-01-28T16:07:31","2025-01-28T16:05:40","122089_LT_NA_CL_SaltCash","122089_LT_NA_CL_SALTCASH","1","3","3","2","400","341","400","341","111","10","JK8CB0C0CFFA32AE4","JK8CB0C0CFFA32AE4-TKE028C224550B58E"
"20304 MERLIN FALCON TRL","PFLUGERVILLE","TX","78660-3618","NICHOLAS TATMAN","122089","122089_LT_NA_CL_SALTCASH","122089_LT_NA_CL_SALTCASH","\\nas\Mail Files\Mailing Lists\01 January 2025\122089_LT_NA_CL_SALTCASH","\\nas\Mail Files\Mailing Lists\01 January 2025\122089_LT_NA_CL_SALTCASH\122089_LT_NA_CL_SALTCASH.csv","312","","0027120615943604797878660361804","2025-01-29T12:48:27.397324","2025-01-29T12:48:27.397324","\\nas\Mail Files\Mailing Lists\01 January 2025\122089_LT_NA_CL_SALTCASH\122089_LT_NA_CL_SALTCASH.csv","494","2025-01-29T12:48:27.397324","0","TX","0","\\nas\Mail Files\Mailing Lists\01 January 2025\122089_LT_NA_CL_SALTCASH\122089_LT_NA_CL_SALTCASH Qual.pdf","122089_LT_NA_CL_SALTCASH Qual.pdf","1738101405.2768292","false","2025-01-28T16:07:31","2025-01-28T16:05:40","122089_LT_NA_CL_SaltCash","122089_LT_NA_CL_SALTCASH","1","3","3","2","400","341","400","341","111","10","JK8CB0C0CFFA32AE4","JK8CB0C0CFFA32AE4-TKE028C224550B58E"
"18608 ROYAL POINTE DR","PFLUGERVILLE","TX","78660-7492","STEPHANIE HAMILTON","122089","122089_LT_NA_CL_SALTCASH","122089_LT_NA_CL_SALTCASH","\\nas\Mail Files\Mailing Lists\01 January 2025\122089_LT_NA_CL_SALTCASH","\\nas\Mail Files\Mailing Lists\01 January 2025\122089_LT_NA_CL_SALTCASH\122089_LT_NA_CL_SALTCASH.csv","313","","0027120615943604797978660749208","2025-01-29T12:48:27.397324","2025-01-29T12:48:27.397324","\\nas\Mail Files\Mailing Lists\01 January 2025\122089_LT_NA_CL_SALTCASH\122089_LT_NA_CL_SALTCASH.csv","494","2025-01-29T12:48:27.397324","0","TX","0","\\nas\Mail Files\Mailing Lists\01 January 2025\122089_LT_NA_CL_SALTCASH\122089_LT_NA_CL_SALTCASH Qual.pdf","122089_LT_NA_CL_SALTCASH Qual.pdf","1738101405.2768292","false","2025-01-28T16:07:31","2025-01-28T16:05:40","122089_LT_NA_CL_SaltCash","122089_LT_NA_CL_SALTCASH","1","3","3","2","400","341","400","341","111","10","JK8CB0C0CFFA32AE4","JK8CB0C0CFFA32AE4-TKE028C224550B58E"
"19313 COLGIN DR","PFLUGERVILLE","TX","78660-6485","NOAH VOLZ","122089","122089_LT_NA_CL_SALTCASH","122089_LT_NA_CL_SALTCASH","\\nas\Mail Files\Mailing Lists\01 January 2025\122089_LT_NA_CL_SALTCASH","\\nas\Mail Files\Mailing Lists\01 January 2025\122089_LT_NA_CL_SALTCASH\122089_LT_NA_CL_SALTCASH.csv","314","","0027120615943604798078660648513","2025-01-29T12:48:27.397324","2025-01-29T12:48:27.397324","\\nas\Mail Files\Mailing Lists\01 January 2025\122089_LT_NA_CL_SALTCASH\122089_LT_NA_CL_SALTCASH.csv","494","2025-01-29T12:48:27.397324","0","TX","0","\\nas\Mail Files\Mailing Lists\01 January 2025\122089_LT_NA_CL_SALTCASH\122089_LT_NA_CL_SALTCASH Qual.pdf","122089_LT_NA_CL_SALTCASH Qual.pdf","1738101405.2768292","false","2025-01-28T16:07:31","2025-01-28T16:05:40","122089_LT_NA_CL_SaltCash","122089_LT_NA_CL_SALTCASH","1","3","3","2","400","341","400","341","111","10","JK8CB0C0CFFA32AE4","JK8CB0C0CFFA32AE4-TKE028C224550B58E"
"325 E WILD SENNA DR","PFLUGERVILLE","TX","78660-7821","CHRISTY MARTINEZ","122089","122089_LT_NA_CL_SALTCASH","122089_LT_NA_CL_SALTCASH","\\nas\Mail Files\Mailing Lists\01 January 2025\122089_LT_NA_CL_SALTCASH","\\nas\Mail Files\Mailing Lists\01 January 2025\122089_LT_NA_CL_SALTCASH\122089_LT_NA_CL_SALTCASH.csv","315","","0027120615943604798178660782125","2025-01-29T12:48:27.397324","2025-01-29T12:48:27.397324","\\nas\Mail Files\Mailing Lists\01 January 2025\122089_LT_NA_CL_SALTCASH\122089_LT_NA_CL_SALTCASH.csv","494","2025-01-29T12:48:27.397324","0","TX","0","\\nas\Mail Files\Mailing Lists\01 January 2025\122089_LT_NA_CL_SALTCASH\122089_LT_NA_CL_SALTCASH Qual.pdf","122089_LT_NA_CL_SALTCASH Qual.pdf","1738101405.2768292","false","2025-01-28T16:07:31","2025-01-28T16:05:40","122089_LT_NA_CL_SaltCash","122089_LT_NA_CL_SALTCASH","1","3","3","2","400","341","400","341","111","10","JK8CB0C0CFFA32AE4","JK8CB0C0CFFA32AE4-TKE028C224550B58E"
"20000 RONAN PL","PFLUGERVILLE","TX","78660-6236","PHILLIP GRAVES","122089","122089_LT_NA_CL_SALTCASH","122089_LT_NA_CL_SALTCASH","\\nas\Mail Files\Mailing Lists\01 January 2025\122089_LT_NA_CL_SALTCASH","\\nas\Mail Files\Mailing Lists\01 January 2025\122089_LT_NA_CL_SALTCASH\122089_LT_NA_CL_SALTCASH.csv","316","","0027120615943604798278660623600","2025-01-29T12:48:27.397324","2025-01-29T12:48:27.397324","\\nas\Mail Files\Mailing Lists\01 January 2025\122089_LT_NA_CL_SALTCASH\122089_LT_NA_CL_SALTCASH.csv","494","2025-01-29T12:48:27.397324","0","TX","0","\\nas\Mail Files\Mailing Lists\01 January 2025\122089_LT_NA_CL_SALTCASH\122089_LT_NA_CL_SALTCASH Qual.pdf","122089_LT_NA_CL_SALTCASH Qual.pdf","1738101405.2768292","false","2025-01-28T16:07:31","2025-01-28T16:05:40","122089_LT_NA_CL_SaltCash","122089_LT_NA_CL_SALTCASH","1","3","3","2","400","341","400","341","111","10","JK8CB0C0CFFA32AE4","JK8CB0C0CFFA32AE4-TKE028C224550B58E"
"644 LANDON SAMUEL LOOP","PFLUGERVILLE","TX","78660-4292","RYAN WILSON","122089","122089_LT_NA_CL_SALTCASH","122089_LT_NA_CL_SALTCASH","\\nas\Mail Files\Mailing Lists\01 January 2025\122089_LT_NA_CL_SALTCASH","\\nas\Mail Files\Mailing Lists\01 January 2025\122089_LT_NA_CL_SALTCASH\122089_LT_NA_CL_SALTCASH.csv","317","","0027120615943604798378660429244","2025-01-29T12:48:27.397324","2025-01-29T12:48:27.397324","\\nas\Mail Files\Mailing Lists\01 January 2025\122089_LT_NA_CL_SALTCASH\122089_LT_NA_CL_SALTCASH.csv","494","2025-01-29T12:48:27.397324","0","TX","0","\\nas\Mail Files\Mailing Lists\01 January 2025\122089_LT_NA_CL_SALTCASH\122089_LT_NA_CL_SALTCASH Qual.pdf","122089_LT_NA_CL_SALTCASH Qual.pdf","1738101405.2768292","false","2025-01-28T16:07:31","2025-01-28T16:05:40","122089_LT_NA_CL_SaltCash","122089_LT_NA_CL_SALTCASH","1","3","3","2","400","341","400","341","111","10","JK8CB0C0CFFA32AE4","JK8CB0C0CFFA32AE4-TKE028C224550B58E"
"19112 LEIGH LN","PFLUGERVILLE","TX","78660-3497","KATHLEEN OVERLY","122089","122089_LT_NA_CL_SALTCASH","122089_LT_NA_CL_SALTCASH","\\nas\Mail Files\Mailing Lists\01 January 2025\122089_LT_NA_CL_SALTCASH","\\nas\Mail Files\Mailing Lists\01 January 2025\122089_LT_NA_CL_SALTCASH\122089_LT_NA_CL_SALTCASH.csv","318","","0027120615943604798478660349712","2025-01-29T12:48:27.397324","2025-01-29T12:48:27.397324","\\nas\Mail Files\Mailing Lists\01 January 2025\122089_LT_NA_CL_SALTCASH\122089_LT_NA_CL_SALTCASH.csv","494","2025-01-29T12:48:27.397324","0","TX","0","\\nas\Mail Files\Mailing Lists\01 January 2025\122089_LT_NA_CL_SALTCASH\122089_LT_NA_CL_SALTCASH Qual.pdf","122089_LT_NA_CL_SALTCASH Qual.pdf","1738101405.2768292","false","2025-01-28T16:07:31","2025-01-28T16:05:40","122089_LT_NA_CL_SaltCash","122089_LT_NA_CL_SALTCASH","1","3","3","2","400","341","400","341","111","10","JK8CB0C0CFFA32AE4","JK8CB0C0CFFA32AE4-TKE028C224550B58E"
"17840 MADDEN DR","PFLUGERVILLE","TX","78660-5180","ADELE LOPEZ","122089","122089_LT_NA_CL_SALTCASH","122089_LT_NA_CL_SALTCASH","\\nas\Mail Files\Mailing Lists\01 January 2025\122089_LT_NA_CL_SALTCASH","\\nas\Mail Files\Mailing Lists\01 January 2025\122089_LT_NA_CL_SALTCASH\122089_LT_NA_CL_SALTCASH.csv","319","","0027120615943604798578660518040","2025-01-29T12:48:27.397324","2025-01-29T12:48:27.397324","\\nas\Mail Files\Mailing Lists\01 January 2025\122089_LT_NA_CL_SALTCASH\122089_LT_NA_CL_SALTCASH.csv","494","2025-01-29T12:48:27.397324","0","TX","0","\\nas\Mail Files\Mailing Lists\01 January 2025\122089_LT_NA_CL_SALTCASH\122089_LT_NA_CL_SALTCASH Qual.pdf","122089_LT_NA_CL_SALTCASH Qual.pdf","1738101405.2768292","false","2025-01-28T16:07:31","2025-01-28T16:05:40","122089_LT_NA_CL_SaltCash","122089_LT_NA_CL_SALTCASH","1","3","3","2","400","341","400","341","111","10","JK8CB0C0CFFA32AE4","JK8CB0C0CFFA32AE4-TKE028C224550B58E"
"15109 FORUM AVE","PFLUGERVILLE","TX","78660-6252","ANDREW JEFFCOAT","122089","122089_LT_NA_CL_SALTCASH","122089_LT_NA_CL_SALTCASH","\\nas\Mail Files\Mailing Lists\01 January 2025\122089_LT_NA_CL_SALTCASH","\\nas\Mail Files\Mailing Lists\01 January 2025\122089_LT_NA_CL_SALTCASH\122089_LT_NA_CL_SALTCASH.csv","320","","0027120615943604798678660625209","2025-01-29T12:48:27.397324","2025-01-29T12:48:27.397324","\\nas\Mail Files\Mailing Lists\01 January 2025\122089_LT_NA_CL_SALTCASH\122089_LT_NA_CL_SALTCASH.csv","494","2025-01-29T12:48:27.397324","0","TX","0","\\nas\Mail Files\Mailing Lists\01 January 2025\122089_LT_NA_CL_SALTCASH\122089_LT_NA_CL_SALTCASH Qual.pdf","122089_LT_NA_CL_SALTCASH Qual.pdf","1738101405.2768292","false","2025-01-28T16:07:31","2025-01-28T16:05:40","122089_LT_NA_CL_SaltCash","122089_LT_NA_CL_SALTCASH","1","3","3","2","400","341","400","341","111","10","JK8CB0C0CFFA32AE4","JK8CB0C0CFFA32AE4-TKE028C224550B58E"
"20628 CHRISTIE MARIE LN","PFLUGERVILLE","TX","78660-7090","RAMDEV LALL","122089","122089_LT_NA_CL_SALTCASH","122089_LT_NA_CL_SALTCASH","\\nas\Mail Files\Mailing Lists\01 January 2025\122089_LT_NA_CL_SALTCASH","\\nas\Mail Files\Mailing Lists\01 January 2025\122089_LT_NA_CL_SALTCASH\122089_LT_NA_CL_SALTCASH.csv","321","","0027120615943604798778660709028","2025-01-29T12:48:27.397324","2025-01-29T12:48:27.397324","\\nas\Mail Files\Mailing Lists\01 January 2025\122089_LT_NA_CL_SALTCASH\122089_LT_NA_CL_SALTCASH.csv","494","2025-01-29T12:48:27.397324","0","TX","0","\\nas\Mail Files\Mailing Lists\01 January 2025\122089_LT_NA_CL_SALTCASH\122089_LT_NA_CL_SALTCASH Qual.pdf","122089_LT_NA_CL_SALTCASH Qual.pdf","1738101405.2768292","false","2025-01-28T16:07:31","2025-01-28T16:05:40","122089_LT_NA_CL_SaltCash","122089_LT_NA_CL_SALTCASH","1","3","3","2","400","341","400","341","111","10","JK8CB0C0CFFA32AE4","JK8CB0C0CFFA32AE4-TKE028C224550B58E"
"3729 BREAN DOWN","PFLUGERVILLE","TX","78660-4091","BRANDY AND LUKE BANKHEAD","122089","122089_LT_NA_CL_SALTCASH","122089_LT_NA_CL_SALTCASH","\\nas\Mail Files\Mailing Lists\01 January 2025\122089_LT_NA_CL_SALTCASH","\\nas\Mail Files\Mailing Lists\01 January 2025\122089_LT_NA_CL_SALTCASH\122089_LT_NA_CL_SALTCASH.csv","322","","0027120615943604798878660409129","2025-01-29T12:48:27.397324","2025-01-29T12:48:27.397324","\\nas\Mail Files\Mailing Lists\01 January 2025\122089_LT_NA_CL_SALTCASH\122089_LT_NA_CL_SALTCASH.csv","494","2025-01-29T12:48:27.397324","0","TX","0","\\nas\Mail Files\Mailing Lists\01 January 2025\122089_LT_NA_CL_SALTCASH\122089_LT_NA_CL_SALTCASH Qual.pdf","122089_LT_NA_CL_SALTCASH Qual.pdf","1738101405.2768292","false","2025-01-28T16:07:31","2025-01-28T16:05:40","122089_LT_NA_CL_SaltCash","122089_LT_NA_CL_SALTCASH","1","3","3","2","400","341","400","341","111","10","JK8CB0C0CFFA32AE4","JK8CB0C0CFFA32AE4-TKE028C224550B58E"
"1001 CANYON MAPLE RD","PFLUGERVILLE","TX","78660-5807","ALEX BAUER","122089","122089_LT_NA_CL_SALTCASH","122089_LT_NA_CL_SALTCASH","\\nas\Mail Files\Mailing Lists\01 January 2025\122089_LT_NA_CL_SALTCASH","\\nas\Mail Files\Mailing Lists\01 January 2025\122089_LT_NA_CL_SALTCASH\122089_LT_NA_CL_SALTCASH.csv","323","","0027120615943604798978660580701","2025-01-29T12:48:27.397324","2025-01-29T12:48:27.397324","\\nas\Mail Files\Mailing Lists\01 January 2025\122089_LT_NA_CL_SALTCASH\122089_LT_NA_CL_SALTCASH.csv","494","2025-01-29T12:48:27.397324","0","TX","0","\\nas\Mail Files\Mailing Lists\01 January 2025\122089_LT_NA_CL_SALTCASH\122089_LT_NA_CL_SALTCASH Qual.pdf","122089_LT_NA_CL_SALTCASH Qual.pdf","1738101405.2768292","false","2025-01-28T16:07:31","2025-01-28T16:05:40","122089_LT_NA_CL_SaltCash","122089_LT_NA_CL_SALTCASH","1","3","3","2","400","341","400","341","111","10","JK8CB0C0CFFA32AE4","JK8CB0C0CFFA32AE4-TKE028C224550B58E"
"3717 BREAN DOWN","PFLUGERVILLE","TX","78660-4091","SHARRON LEE","122089","122089_LT_NA_CL_SALTCASH","122089_LT_NA_CL_SALTCASH","\\nas\Mail Files\Mailing Lists\01 January 2025\122089_LT_NA_CL_SALTCASH","\\nas\Mail Files\Mailing Lists\01 January 2025\122089_LT_NA_CL_SALTCASH\122089_LT_NA_CL_SALTCASH.csv","324","","0027120615943604799078660409117","2025-01-29T12:48:27.397324","2025-01-29T12:48:27.397324","\\nas\Mail Files\Mailing Lists\01 January 2025\122089_LT_NA_CL_SALTCASH\122089_LT_NA_CL_SALTCASH.csv","494","2025-01-29T12:48:27.397324","0","TX","0","\\nas\Mail Files\Mailing Lists\01 January 2025\122089_LT_NA_CL_SALTCASH\122089_LT_NA_CL_SALTCASH Qual.pdf","122089_LT_NA_CL_SALTCASH Qual.pdf","1738101405.2768292","false","2025-01-28T16:07:31","2025-01-28T16:05:40","122089_LT_NA_CL_SaltCash","122089_LT_NA_CL_SALTCASH","1","3","3","2","400","341","400","341","111","10","JK8CB0C0CFFA32AE4","JK8CB0C0CFFA32AE4-TKE028C224550B58E"
"2413 AMBLING TRL","PFLUGERVILLE","TX","78660-6519","DREW GORRINGE","122089","122089_LT_NA_CL_SALTCASH","122089_LT_NA_CL_SALTCASH","\\nas\Mail Files\Mailing Lists\01 January 2025\122089_LT_NA_CL_SALTCASH","\\nas\Mail Files\Mailing Lists\01 January 2025\122089_LT_NA_CL_SALTCASH\122089_LT_NA_CL_SALTCASH.csv","325","","0027120615943604799178660651913","2025-01-29T12:48:27.397324","2025-01-29T12:48:27.397324","\\nas\Mail Files\Mailing Lists\01 January 2025\122089_LT_NA_CL_SALTCASH\122089_LT_NA_CL_SALTCASH.csv","494","2025-01-29T12:48:27.397324","0","TX","0","\\nas\Mail Files\Mailing Lists\01 January 2025\122089_LT_NA_CL_SALTCASH\122089_LT_NA_CL_SALTCASH Qual.pdf","122089_LT_NA_CL_SALTCASH Qual.pdf","1738101405.2768292","false","2025-01-28T16:07:31","2025-01-28T16:05:40","122089_LT_NA_CL_SaltCash","122089_LT_NA_CL_SALTCASH","1","3","3","2","400","341","400","341","111","10","JK8CB0C0CFFA32AE4","JK8CB0C0CFFA32AE4-TKE028C224550B58E"
"12310 AMBER LYNN PATH","MANOR","TX","78653-2235","JANE JAMES","122089","122089_LT_NA_CL_SALTCASH","122089_LT_NA_CL_SALTCASH","\\nas\Mail Files\Mailing Lists\01 January 2025\122089_LT_NA_CL_SALTCASH","\\nas\Mail Files\Mailing Lists\01 January 2025\122089_LT_NA_CL_SALTCASH\122089_LT_NA_CL_SALTCASH.csv","326","","0027120615943604799278653223510","2025-01-29T12:48:27.397324","2025-01-29T12:48:27.397324","\\nas\Mail Files\Mailing Lists\01 January 2025\122089_LT_NA_CL_SALTCASH\122089_LT_NA_CL_SALTCASH.csv","494","2025-01-29T12:48:27.397324","0","TX","0","\\nas\Mail Files\Mailing Lists\01 January 2025\122089_LT_NA_CL_SALTCASH\122089_LT_NA_CL_SALTCASH Qual.pdf","122089_LT_NA_CL_SALTCASH Qual.pdf","1738101405.2768292","false","2025-01-28T16:07:31","2025-01-28T16:05:40","122089_LT_NA_CL_SaltCash","122089_LT_NA_CL_SALTCASH","1","3","3","2","400","341","400","341","111","10","JK8CB0C0CFFA32AE4","JK8CB0C0CFFA32AE4-TKE028C224550B58E"
"19100 EYERLEY RD","MANOR","TX","78653-4862","JACKIE BAYLOR","122089","122089_LT_NA_CL_SALTCASH","122089_LT_NA_CL_SALTCASH","\\nas\Mail Files\Mailing Lists\01 January 2025\122089_LT_NA_CL_SALTCASH","\\nas\Mail Files\Mailing Lists\01 January 2025\122089_LT_NA_CL_SALTCASH\122089_LT_NA_CL_SALTCASH.csv","327","","0027120615943604799378653486200","2025-01-29T12:48:27.397324","2025-01-29T12:48:27.397324","\\nas\Mail Files\Mailing Lists\01 January 2025\122089_LT_NA_CL_SALTCASH\122089_LT_NA_CL_SALTCASH.csv","494","2025-01-29T12:48:27.397324","0","TX","0","\\nas\Mail Files\Mailing Lists\01 January 2025\122089_LT_NA_CL_SALTCASH\122089_LT_NA_CL_SALTCASH Qual.pdf","122089_LT_NA_CL_SALTCASH Qual.pdf","1738101405.2768292","false","2025-01-28T16:07:31","2025-01-28T16:05:40","122089_LT_NA_CL_SaltCash","122089_LT_NA_CL_SALTCASH","1","3","3","2","400","341","400","341","111","10","JK8CB0C0CFFA32AE4","JK8CB0C0CFFA32AE4-TKE028C224550B58E"
"14113 ARBOR HILL CV","MANOR","TX","78653-4112","LAYLA RENDON","122089","122089_LT_NA_CL_SALTCASH","122089_LT_NA_CL_SALTCASH","\\nas\Mail Files\Mailing Lists\01 January 2025\122089_LT_NA_CL_SALTCASH","\\nas\Mail Files\Mailing Lists\01 January 2025\122089_LT_NA_CL_SALTCASH\122089_LT_NA_CL_SALTCASH.csv","328","","0027120615943604799478653411213","2025-01-29T12:48:27.397324","2025-01-29T12:48:27.397324","\\nas\Mail Files\Mailing Lists\01 January 2025\122089_LT_NA_CL_SALTCASH\122089_LT_NA_CL_SALTCASH.csv","494","2025-01-29T12:48:27.397324","0","TX","0","\\nas\Mail Files\Mailing Lists\01 January 2025\122089_LT_NA_CL_SALTCASH\122089_LT_NA_CL_SALTCASH Qual.pdf","122089_LT_NA_CL_SALTCASH Qual.pdf","1738101405.2768292","false","2025-01-28T16:07:31","2025-01-28T16:05:40","122089_LT_NA_CL_SaltCash","122089_LT_NA_CL_SALTCASH","1","3","3","2","400","341","400","341","111","10","JK8CB0C0CFFA32AE4","JK8CB0C0CFFA32AE4-TKE028C224550B58E"
"21339 BLAKE MANOR RD","MANOR","TX","78653-4821","ANNA ABBEY","122089","122089_LT_NA_CL_SALTCASH","122089_LT_NA_CL_SALTCASH","\\nas\Mail Files\Mailing Lists\01 January 2025\122089_LT_NA_CL_SALTCASH","\\nas\Mail Files\Mailing Lists\01 January 2025\122089_LT_NA_CL_SALTCASH\122089_LT_NA_CL_SALTCASH.csv","329","","0027120615943604799578653482139","2025-01-29T12:48:27.397324","2025-01-29T12:48:27.397324","\\nas\Mail Files\Mailing Lists\01 January 2025\122089_LT_NA_CL_SALTCASH\122089_LT_NA_CL_SALTCASH.csv","494","2025-01-29T12:48:27.397324","0","TX","0","\\nas\Mail Files\Mailing Lists\01 January 2025\122089_LT_NA_CL_SALTCASH\122089_LT_NA_CL_SALTCASH Qual.pdf","122089_LT_NA_CL_SALTCASH Qual.pdf","1738101405.2768292","false","2025-01-28T16:07:31","2025-01-28T16:05:40","122089_LT_NA_CL_SaltCash","122089_LT_NA_CL_SALTCASH","1","3","3","2","400","341","400","341","111","10","JK8CB0C0CFFA32AE4","JK8CB0C0CFFA32AE4-TKE028C224550B58E"
"11529 MELSTONE DR","MANOR","TX","78653-4649","SHAKITHA L. STINSON","122089","122089_LT_NA_CL_SALTCASH","122089_LT_NA_CL_SALTCASH","\\nas\Mail Files\Mailing Lists\01 January 2025\122089_LT_NA_CL_SALTCASH","\\nas\Mail Files\Mailing Lists\01 January 2025\122089_LT_NA_CL_SALTCASH\122089_LT_NA_CL_SALTCASH.csv","330","","0027120615943604799678653464929","2025-01-29T12:48:27.397324","2025-01-29T12:48:27.397324","\\nas\Mail Files\Mailing Lists\01 January 2025\122089_LT_NA_CL_SALTCASH\122089_LT_NA_CL_SALTCASH.csv","494","2025-01-29T12:48:27.397324","0","TX","0","\\nas\Mail Files\Mailing Lists\01 January 2025\122089_LT_NA_CL_SALTCASH\122089_LT_NA_CL_SALTCASH Qual.pdf","122089_LT_NA_CL_SALTCASH Qual.pdf","1738101405.2768292","false","2025-01-28T16:07:31","2025-01-28T16:05:40","122089_LT_NA_CL_SaltCash","122089_LT_NA_CL_SALTCASH","1","3","3","2","400","341","400","341","111","10","JK8CB0C0CFFA32AE4","JK8CB0C0CFFA32AE4-TKE028C224550B58E"
"9713 MORNING IRIS DR","MANOR","TX","78653-2386","FRANCIS MCKEE","122089","122089_LT_NA_CL_SALTCASH","122089_LT_NA_CL_SALTCASH","\\nas\Mail Files\Mailing Lists\01 January 2025\122089_LT_NA_CL_SALTCASH","\\nas\Mail Files\Mailing Lists\01 January 2025\122089_LT_NA_CL_SALTCASH\122089_LT_NA_CL_SALTCASH.csv","331","","0027120615943604799778653238613","2025-01-29T12:48:27.397324","2025-01-29T12:48:27.397324","\\nas\Mail Files\Mailing Lists\01 January 2025\122089_LT_NA_CL_SALTCASH\122089_LT_NA_CL_SALTCASH.csv","494","2025-01-29T12:48:27.397324","0","TX","0","\\nas\Mail Files\Mailing Lists\01 January 2025\122089_LT_NA_CL_SALTCASH\122089_LT_NA_CL_SALTCASH Qual.pdf","122089_LT_NA_CL_SALTCASH Qual.pdf","1738101405.2768292","false","2025-01-28T16:07:31","2025-01-28T16:05:40","122089_LT_NA_CL_SaltCash","122089_LT_NA_CL_SALTCASH","1","3","3","2","400","341","400","341","111","10","JK8CB0C0CFFA32AE4","JK8CB0C0CFFA32AE4-TKE028C224550B58E"
"14224 BENJAMIN HARRISON ST","MANOR","TX","78653-2630","EZEKIEL RODRIGUEZ","122089","122089_LT_NA_CL_SALTCASH","122089_LT_NA_CL_SALTCASH","\\nas\Mail Files\Mailing Lists\01 January 2025\122089_LT_NA_CL_SALTCASH","\\nas\Mail Files\Mailing Lists\01 January 2025\122089_LT_NA_CL_SALTCASH\122089_LT_NA_CL_SALTCASH.csv","332","","0027120615943604799878653263024","2025-01-29T12:48:27.397324","2025-01-29T12:48:27.397324","\\nas\Mail Files\Mailing Lists\01 January 2025\122089_LT_NA_CL_SALTCASH\122089_LT_NA_CL_SALTCASH.csv","494","2025-01-29T12:48:27.397324","0","TX","0","\\nas\Mail Files\Mailing Lists\01 January 2025\122089_LT_NA_CL_SALTCASH\122089_LT_NA_CL_SALTCASH Qual.pdf","122089_LT_NA_CL_SALTCASH Qual.pdf","1738101405.2768292","false","2025-01-28T16:07:31","2025-01-28T16:05:40","122089_LT_NA_CL_SaltCash","122089_LT_NA_CL_SALTCASH","1","3","3","2","400","341","400","341","111","10","JK8CB0C0CFFA32AE4","JK8CB0C0CFFA32AE4-TKE028C224550B58E"
"13405 INDIAN OAK BND","MANOR","TX","78653-5138","DESMOND DOWNER","122089","122089_LT_NA_CL_SALTCASH","122089_LT_NA_CL_SALTCASH","\\nas\Mail Files\Mailing Lists\01 January 2025\122089_LT_NA_CL_SALTCASH","\\nas\Mail Files\Mailing Lists\01 January 2025\122089_LT_NA_CL_SALTCASH\122089_LT_NA_CL_SALTCASH.csv","333","","0027120615943604799978653513805","2025-01-29T12:48:27.397324","2025-01-29T12:48:27.397324","\\nas\Mail Files\Mailing Lists\01 January 2025\122089_LT_NA_CL_SALTCASH\122089_LT_NA_CL_SALTCASH.csv","494","2025-01-29T12:48:27.397324","0","TX","0","\\nas\Mail Files\Mailing Lists\01 January 2025\122089_LT_NA_CL_SALTCASH\122089_LT_NA_CL_SALTCASH Qual.pdf","122089_LT_NA_CL_SALTCASH Qual.pdf","1738101405.2768292","false","2025-01-28T16:07:31","2025-01-28T16:05:40","122089_LT_NA_CL_SaltCash","122089_LT_NA_CL_SALTCASH","1","3","3","2","400","341","400","341","111","10","JK8CB0C0CFFA32AE4","JK8CB0C0CFFA32AE4-TKE028C224550B58E"
"17716 CLAIRESS LN","MANOR","TX","78653-2727","JESSE RODRIGUEZ","122089","122089_LT_NA_CL_SALTCASH","122089_LT_NA_CL_SALTCASH","\\nas\Mail Files\Mailing Lists\01 January 2025\122089_LT_NA_CL_SALTCASH","\\nas\Mail Files\Mailing Lists\01 January 2025\122089_LT_NA_CL_SALTCASH\122089_LT_NA_CL_SALTCASH.csv","334","","0027120615943604800078653272716","2025-01-29T12:48:27.397324","2025-01-29T12:48:27.397324","\\nas\Mail Files\Mailing Lists\01 January 2025\122089_LT_NA_CL_SALTCASH\122089_LT_NA_CL_SALTCASH.csv","494","2025-01-29T12:48:27.397324","0","TX","0","\\nas\Mail Files\Mailing Lists\01 January 2025\122089_LT_NA_CL_SALTCASH\122089_LT_NA_CL_SALTCASH Qual.pdf","122089_LT_NA_CL_SALTCASH Qual.pdf","1738101405.2768292","false","2025-01-28T16:07:31","2025-01-28T16:05:40","122089_LT_NA_CL_SaltCash","122089_LT_NA_CL_SALTCASH","1","3","3","2","400","341","400","341","111","10","JK8CB0C0CFFA32AE4","JK8CB0C0CFFA32AE4-TKE028C224550B58E"
"240 TANGLED BRUSH DR","MANCHACA","TX","78652-5639","BONNIE FERGUSON","122089","122089_LT_NA_CL_SALTCASH","122089_LT_NA_CL_SALTCASH","\\nas\Mail Files\Mailing Lists\01 January 2025\122089_LT_NA_CL_SALTCASH","\\nas\Mail Files\Mailing Lists\01 January 2025\122089_LT_NA_CL_SALTCASH\122089_LT_NA_CL_SALTCASH.csv","335","","0027120615943604800178652563940","2025-01-29T12:48:27.397324","2025-01-29T12:48:27.397324","\\nas\Mail Files\Mailing Lists\01 January 2025\122089_LT_NA_CL_SALTCASH\122089_LT_NA_CL_SALTCASH.csv","494","2025-01-29T12:48:27.397324","0","TX","0","\\nas\Mail Files\Mailing Lists\01 January 2025\122089_LT_NA_CL_SALTCASH\122089_LT_NA_CL_SALTCASH Qual.pdf","122089_LT_NA_CL_SALTCASH Qual.pdf","1738101405.2768292","false","2025-01-28T16:07:31","2025-01-28T16:05:40","122089_LT_NA_CL_SaltCash","122089_LT_NA_CL_SALTCASH","1","3","3","2","400","341","400","341","111","10","JK8CB0C0CFFA32AE4","JK8CB0C0CFFA32AE4-TKE028C224550B58E"
"2804 WREN RD","MANCHACA","TX","78652-4136","EDWARD HENSLEY","122089","122089_LT_NA_CL_SALTCASH","122089_LT_NA_CL_SALTCASH","\\nas\Mail Files\Mailing Lists\01 January 2025\122089_LT_NA_CL_SALTCASH","\\nas\Mail Files\Mailing Lists\01 January 2025\122089_LT_NA_CL_SALTCASH\122089_LT_NA_CL_SALTCASH.csv","336","","0027120615943604800278652413604","2025-01-29T12:48:27.397324","2025-01-29T12:48:27.397324","\\nas\Mail Files\Mailing Lists\01 January 2025\122089_LT_NA_CL_SALTCASH\122089_LT_NA_CL_SALTCASH.csv","494","2025-01-29T12:48:27.397324","0","TX","0","\\nas\Mail Files\Mailing Lists\01 January 2025\122089_LT_NA_CL_SALTCASH\122089_LT_NA_CL_SALTCASH Qual.pdf","122089_LT_NA_CL_SALTCASH Qual.pdf","1738101405.2768292","false","2025-01-28T16:07:31","2025-01-28T16:05:40","122089_LT_NA_CL_SaltCash","122089_LT_NA_CL_SALTCASH","1","3","3","2","400","341","400","341","111","10","JK8CB0C0CFFA32AE4","JK8CB0C0CFFA32AE4-TKE028C224550B58E"
"17600 REGATTA VIEW DR","JONESTOWN","TX","78645-4689","LAUREN HEYN","122089","122089_LT_NA_CL_SALTCASH","122089_LT_NA_CL_SALTCASH","\\nas\Mail Files\Mailing Lists\01 January 2025\122089_LT_NA_CL_SALTCASH","\\nas\Mail Files\Mailing Lists\01 January 2025\122089_LT_NA_CL_SALTCASH\122089_LT_NA_CL_SALTCASH.csv","337","","0027120615943604800378645468900","2025-01-29T12:48:27.397324","2025-01-29T12:48:27.397324","\\nas\Mail Files\Mailing Lists\01 January 2025\122089_LT_NA_CL_SALTCASH\122089_LT_NA_CL_SALTCASH.csv","494","2025-01-29T12:48:27.397324","0","TX","0","\\nas\Mail Files\Mailing Lists\01 January 2025\122089_LT_NA_CL_SALTCASH\122089_LT_NA_CL_SALTCASH Qual.pdf","122089_LT_NA_CL_SALTCASH Qual.pdf","1738101405.2768292","false","2025-01-28T16:07:31","2025-01-28T16:05:40","122089_LT_NA_CL_SaltCash","122089_LT_NA_CL_SALTCASH","1","3","3","2","400","341","400","341","111","10","JK8CB0C0CFFA32AE4","JK8CB0C0CFFA32AE4-TKE028C224550B58E"
"20104 VICTORIA CHASE RD","LAGO VISTA","TX","78645-6311","JE MENDEZ","122089","122089_LT_NA_CL_SALTCASH","122089_LT_NA_CL_SALTCASH","\\nas\Mail Files\Mailing Lists\01 January 2025\122089_LT_NA_CL_SALTCASH","\\nas\Mail Files\Mailing Lists\01 January 2025\122089_LT_NA_CL_SALTCASH\122089_LT_NA_CL_SALTCASH.csv","338","","0027120615943604800478645631104","2025-01-29T12:48:27.397324","2025-01-29T12:48:27.397324","\\nas\Mail Files\Mailing Lists\01 January 2025\122089_LT_NA_CL_SALTCASH\122089_LT_NA_CL_SALTCASH.csv","494","2025-01-29T12:48:27.397324","0","TX","0","\\nas\Mail Files\Mailing Lists\01 January 2025\122089_LT_NA_CL_SALTCASH\122089_LT_NA_CL_SALTCASH Qual.pdf","122089_LT_NA_CL_SALTCASH Qual.pdf","1738101405.2768292","false","2025-01-28T16:07:31","2025-01-28T16:05:40","122089_LT_NA_CL_SaltCash","122089_LT_NA_CL_SALTCASH","1","3","3","2","400","341","400","341","111","10","JK8CB0C0CFFA32AE4","JK8CB0C0CFFA32AE4-TKE028C224550B58E"
"6008 LANTERN VIEW DR","JONESTOWN","TX","78645-4667","KARSIN HODGE","122089","122089_LT_NA_CL_SALTCASH","122089_LT_NA_CL_SALTCASH","\\nas\Mail Files\Mailing Lists\01 January 2025\122089_LT_NA_CL_SALTCASH","\\nas\Mail Files\Mailing Lists\01 January 2025\122089_LT_NA_CL_SALTCASH\122089_LT_NA_CL_SALTCASH.csv","339","","0027120615943604800578645466708","2025-01-29T12:48:27.397324","2025-01-29T12:48:27.397324","\\nas\Mail Files\Mailing Lists\01 January 2025\122089_LT_NA_CL_SALTCASH\122089_LT_NA_CL_SALTCASH.csv","494","2025-01-29T12:48:27.397324","0","TX","0","\\nas\Mail Files\Mailing Lists\01 January 2025\122089_LT_NA_CL_SALTCASH\122089_LT_NA_CL_SALTCASH Qual.pdf","122089_LT_NA_CL_SALTCASH Qual.pdf","1738101405.2768292","false","2025-01-28T16:07:31","2025-01-28T16:05:40","122089_LT_NA_CL_SaltCash","122089_LT_NA_CL_SALTCASH","1","3","3","2","400","341","400","341","111","10","JK8CB0C0CFFA32AE4","JK8CB0C0CFFA32AE4-TKE028C224550B58E"
"20704 NATIONAL DR","LAGO VISTA","TX","78645-6202","JOYCE COLEMAN","122089","122089_LT_NA_CL_SALTCASH","122089_LT_NA_CL_SALTCASH","\\nas\Mail Files\Mailing Lists\01 January 2025\122089_LT_NA_CL_SALTCASH","\\nas\Mail Files\Mailing Lists\01 January 2025\122089_LT_NA_CL_SALTCASH\122089_LT_NA_CL_SALTCASH.csv","340","","0027120615943604800678645620204","2025-01-29T12:48:27.397324","2025-01-29T12:48:27.397324","\\nas\Mail Files\Mailing Lists\01 January 2025\122089_LT_NA_CL_SALTCASH\122089_LT_NA_CL_SALTCASH.csv","494","2025-01-29T12:48:27.397324","0","TX","0","\\nas\Mail Files\Mailing Lists\01 January 2025\122089_LT_NA_CL_SALTCASH\122089_LT_NA_CL_SALTCASH Qual.pdf","122089_LT_NA_CL_SALTCASH Qual.pdf","1738101405.2768292","false","2025-01-28T16:07:31","2025-01-28T16:05:40","122089_LT_NA_CL_SaltCash","122089_LT_NA_CL_SALTCASH","1","3","3","2","400","341","400","341","111","10","JK8CB0C0CFFA32AE4","JK8CB0C0CFFA32AE4-TKE028C224550B58E"
"21702 BLUEJAY BLVD","LAGO VISTA","TX","78645-7711","NIKI SIMPSON","122089","122089_LT_NA_CL_SALTCASH","122089_LT_NA_CL_SALTCASH","\\nas\Mail Files\Mailing Lists\01 January 2025\122089_LT_NA_CL_SALTCASH","\\nas\Mail Files\Mailing Lists\01 January 2025\122089_LT_NA_CL_SALTCASH\122089_LT_NA_CL_SALTCASH.csv","341","","0027120615943604800778645771102","2025-01-29T12:48:27.397324","2025-01-29T12:48:27.397324","\\nas\Mail Files\Mailing Lists\01 January 2025\122089_LT_NA_CL_SALTCASH\122089_LT_NA_CL_SALTCASH.csv","494","2025-01-29T12:48:27.397324","0","TX","0","\\nas\Mail Files\Mailing Lists\01 January 2025\122089_LT_NA_CL_SALTCASH\122089_LT_NA_CL_SALTCASH Qual.pdf","122089_LT_NA_CL_SALTCASH Qual.pdf","1738101405.2768292","false","2025-01-28T16:07:31","2025-01-28T16:05:40","122089_LT_NA_CL_SaltCash","122089_LT_NA_CL_SALTCASH","1","3","3","2","400","341","400","341","111","10","JK8CB0C0CFFA32AE4","JK8CB0C0CFFA32AE4-TKE028C224550B58E"
"201 MINDY WAY","LIBERTY HILL","TX","78642-4533","BELINDA HYDE","122089","122089_LT_NA_CL_SALTCASH","122089_LT_NA_CL_SALTCASH","\\nas\Mail Files\Mailing Lists\01 January 2025\122089_LT_NA_CL_SALTCASH","\\nas\Mail Files\Mailing Lists\01 January 2025\122089_LT_NA_CL_SALTCASH\122089_LT_NA_CL_SALTCASH.csv","342","","0027120615943604800878642453301","2025-01-29T12:48:27.397324","2025-01-29T12:48:27.397324","\\nas\Mail Files\Mailing Lists\01 January 2025\122089_LT_NA_CL_SALTCASH\122089_LT_NA_CL_SALTCASH.csv","494","2025-01-29T12:48:27.397324","0","TX","0","\\nas\Mail Files\Mailing Lists\01 January 2025\122089_LT_NA_CL_SALTCASH\122089_LT_NA_CL_SALTCASH Qual.pdf","122089_LT_NA_CL_SALTCASH Qual.pdf","1738101405.2768292","false","2025-01-28T16:07:31","2025-01-28T16:05:40","122089_LT_NA_CL_SaltCash","122089_LT_NA_CL_SALTCASH","1","3","3","2","400","341","400","341","111","10","JK8CB0C0CFFA32AE4","JK8CB0C0CFFA32AE4-TKE028C224550B58E"
"220 BOLD SUNDOWN","LIBERTY HILL","TX","78642-4638","PATRICIA KURTZ","122089","122089_LT_NA_CL_SALTCASH","122089_LT_NA_CL_SALTCASH","\\nas\Mail Files\Mailing Lists\01 January 2025\122089_LT_NA_CL_SALTCASH","\\nas\Mail Files\Mailing Lists\01 January 2025\122089_LT_NA_CL_SALTCASH\122089_LT_NA_CL_SALTCASH.csv","343","","0027120615943604800978642463820","2025-01-29T12:48:27.397324","2025-01-29T12:48:27.397324","\\nas\Mail Files\Mailing Lists\01 January 2025\122089_LT_NA_CL_SALTCASH\122089_LT_NA_CL_SALTCASH.csv","494","2025-01-29T12:48:27.397324","0","TX","0","\\nas\Mail Files\Mailing Lists\01 January 2025\122089_LT_NA_CL_SALTCASH\122089_LT_NA_CL_SALTCASH Qual.pdf","122089_LT_NA_CL_SALTCASH Qual.pdf","1738101405.2768292","false","2025-01-28T16:07:31","2025-01-28T16:05:40","122089_LT_NA_CL_SaltCash","122089_LT_NA_CL_SALTCASH","1","3","3","2","400","341","400","341","111","10","JK8CB0C0CFFA32AE4","JK8CB0C0CFFA32AE4-TKE028C224550B58E"
"97 HIGH PLAINS PASS","LIBERTY HILL","TX","78642-4916","PATRICK BLEWETT","122089","122089_LT_NA_CL_SALTCASH","122089_LT_NA_CL_SALTCASH","\\nas\Mail Files\Mailing Lists\01 January 2025\122089_LT_NA_CL_SALTCASH","\\nas\Mail Files\Mailing Lists\01 January 2025\122089_LT_NA_CL_SALTCASH\122089_LT_NA_CL_SALTCASH.csv","344","","0027120615943604801078642491697","2025-01-29T12:48:27.397324","2025-01-29T12:48:27.397324","\\nas\Mail Files\Mailing Lists\01 January 2025\122089_LT_NA_CL_SALTCASH\122089_LT_NA_CL_SALTCASH.csv","494","2025-01-29T12:48:27.397324","0","TX","0","\\nas\Mail Files\Mailing Lists\01 January 2025\122089_LT_NA_CL_SALTCASH\122089_LT_NA_CL_SALTCASH Qual.pdf","122089_LT_NA_CL_SALTCASH Qual.pdf","1738101405.2768292","false","2025-01-28T16:07:31","2025-01-28T16:05:40","122089_LT_NA_CL_SaltCash","122089_LT_NA_CL_SALTCASH","1","3","3","2","400","341","400","341","111","10","JK8CB0C0CFFA32AE4","JK8CB0C0CFFA32AE4-TKE028C224550B58E"
"15753 BOOTH CIR","VOLENTE","TX","78641-9684","CASS HOOK","122089","122089_LT_NA_CL_SALTCASH","122089_LT_NA_CL_SALTCASH","\\nas\Mail Files\Mailing Lists\01 January 2025\122089_LT_NA_CL_SALTCASH","\\nas\Mail Files\Mailing Lists\01 January 2025\122089_LT_NA_CL_SALTCASH\122089_LT_NA_CL_SALTCASH.csv","345","","0027120615943604801178641968453","2025-01-29T12:48:27.397324","2025-01-29T12:48:27.397324","\\nas\Mail Files\Mailing Lists\01 January 2025\122089_LT_NA_CL_SALTCASH\122089_LT_NA_CL_SALTCASH.csv","494","2025-01-29T12:48:27.397324","0","TX","0","\\nas\Mail Files\Mailing Lists\01 January 2025\122089_LT_NA_CL_SALTCASH\122089_LT_NA_CL_SALTCASH Qual.pdf","122089_LT_NA_CL_SALTCASH Qual.pdf","1738101405.2768292","false","2025-01-28T16:07:31","2025-01-28T16:05:40","122089_LT_NA_CL_SaltCash","122089_LT_NA_CL_SALTCASH","1","3","3","2","400","341","400","341","111","10","JK8CB0C0CFFA32AE4","JK8CB0C0CFFA32AE4-TKE028C224550B58E"
"3303 CRYSTAL FALLS PKWY","LEANDER","TX","78641-2864","CHANNY SOEUR","122089","122089_LT_NA_CL_SALTCASH","122089_LT_NA_CL_SALTCASH","\\nas\Mail Files\Mailing Lists\01 January 2025\122089_LT_NA_CL_SALTCASH","\\nas\Mail Files\Mailing Lists\01 January 2025\122089_LT_NA_CL_SALTCASH\122089_LT_NA_CL_SALTCASH.csv","346","","0027120615943604801278641286403","2025-01-29T12:48:27.397324","2025-01-29T12:48:27.397324","\\nas\Mail Files\Mailing Lists\01 January 2025\122089_LT_NA_CL_SALTCASH\122089_LT_NA_CL_SALTCASH.csv","494","2025-01-29T12:48:27.397324","0","TX","0","\\nas\Mail Files\Mailing Lists\01 January 2025\122089_LT_NA_CL_SALTCASH\122089_LT_NA_CL_SALTCASH Qual.pdf","122089_LT_NA_CL_SALTCASH Qual.pdf","1738101405.2768292","false","2025-01-28T16:07:31","2025-01-28T16:05:40","122089_LT_NA_CL_SaltCash","122089_LT_NA_CL_SALTCASH","1","3","3","2","400","341","400","341","111","10","JK8CB0C0CFFA32AE4","JK8CB0C0CFFA32AE4-TKE028C224550B58E"
"641 LITTLE DRAW LN","LEANDER","TX","78641-5213","OLIVIA TRISTAN","122089","122089_LT_NA_CL_SALTCASH","122089_LT_NA_CL_SALTCASH","\\nas\Mail Files\Mailing Lists\01 January 2025\122089_LT_NA_CL_SALTCASH","\\nas\Mail Files\Mailing Lists\01 January 2025\122089_LT_NA_CL_SALTCASH\122089_LT_NA_CL_SALTCASH.csv","347","","0027120615943604801378641521341","2025-01-29T12:48:27.397324","2025-01-29T12:48:27.397324","\\nas\Mail Files\Mailing Lists\01 January 2025\122089_LT_NA_CL_SALTCASH\122089_LT_NA_CL_SALTCASH.csv","494","2025-01-29T12:48:27.397324","0","TX","0","\\nas\Mail Files\Mailing Lists\01 January 2025\122089_LT_NA_CL_SALTCASH\122089_LT_NA_CL_SALTCASH Qual.pdf","122089_LT_NA_CL_SALTCASH Qual.pdf","1738101405.2768292","false","2025-01-28T16:07:31","2025-01-28T16:05:40","122089_LT_NA_CL_SaltCash","122089_LT_NA_CL_SALTCASH","1","3","3","2","400","341","400","341","111","10","JK8CB0C0CFFA32AE4","JK8CB0C0CFFA32AE4-TKE028C224550B58E"
"1228 GOLDEN CELEBRATION BND","LEANDER","TX","78641-5741","KEITH HOLLIDAY","122089","122089_LT_NA_CL_SALTCASH","122089_LT_NA_CL_SALTCASH","\\nas\Mail Files\Mailing Lists\01 January 2025\122089_LT_NA_CL_SALTCASH","\\nas\Mail Files\Mailing Lists\01 January 2025\122089_LT_NA_CL_SALTCASH\122089_LT_NA_CL_SALTCASH.csv","348","","0027120615943604801478641574128","2025-01-29T12:48:27.397324","2025-01-29T12:48:27.397324","\\nas\Mail Files\Mailing Lists\01 January 2025\122089_LT_NA_CL_SALTCASH\122089_LT_NA_CL_SALTCASH.csv","494","2025-01-29T12:48:27.397324","0","TX","0","\\nas\Mail Files\Mailing Lists\01 January 2025\122089_LT_NA_CL_SALTCASH\122089_LT_NA_CL_SALTCASH Qual.pdf","122089_LT_NA_CL_SALTCASH Qual.pdf","1738101405.2768292","false","2025-01-28T16:07:31","2025-01-28T16:05:40","122089_LT_NA_CL_SaltCash","122089_LT_NA_CL_SALTCASH","1","3","3","2","400","341","400","341","111","10","JK8CB0C0CFFA32AE4","JK8CB0C0CFFA32AE4-TKE028C224550B58E"
"17511 BOTTLE SPRINGS LN","LEANDER","TX","78641-3090","BLAKE COLBURN","122089","122089_LT_NA_CL_SALTCASH","122089_LT_NA_CL_SALTCASH","\\nas\Mail Files\Mailing Lists\01 January 2025\122089_LT_NA_CL_SALTCASH","\\nas\Mail Files\Mailing Lists\01 January 2025\122089_LT_NA_CL_SALTCASH\122089_LT_NA_CL_SALTCASH.csv","349","","0027120615943604801578641309011","2025-01-29T12:48:27.397324","2025-01-29T12:48:27.397324","\\nas\Mail Files\Mailing Lists\01 January 2025\122089_LT_NA_CL_SALTCASH\122089_LT_NA_CL_SALTCASH.csv","494","2025-01-29T12:48:27.397324","0","TX","0","\\nas\Mail Files\Mailing Lists\01 January 2025\122089_LT_NA_CL_SALTCASH\122089_LT_NA_CL_SALTCASH Qual.pdf","122089_LT_NA_CL_SALTCASH Qual.pdf","1738101405.2768292","false","2025-01-28T16:07:31","2025-01-28T16:05:40","122089_LT_NA_CL_SaltCash","122089_LT_NA_CL_SALTCASH","1","3","3","2","400","341","400","341","111","10","JK8CB0C0CFFA32AE4","JK8CB0C0CFFA32AE4-TKE028C224550B58E"
"2225 CHAMPIONS CORNER DR","LEANDER","TX","78641-4966","DAN MORGAN","122089","122089_LT_NA_CL_SALTCASH","122089_LT_NA_CL_SALTCASH","\\nas\Mail Files\Mailing Lists\01 January 2025\122089_LT_NA_CL_SALTCASH","\\nas\Mail Files\Mailing Lists\01 January 2025\122089_LT_NA_CL_SALTCASH\122089_LT_NA_CL_SALTCASH.csv","350","","0027120615943604801678641496625","2025-01-29T12:48:27.397324","2025-01-29T12:48:27.397324","\\nas\Mail Files\Mailing Lists\01 January 2025\122089_LT_NA_CL_SALTCASH\122089_LT_NA_CL_SALTCASH.csv","494","2025-01-29T12:48:27.397324","0","TX","0","\\nas\Mail Files\Mailing Lists\01 January 2025\122089_LT_NA_CL_SALTCASH\122089_LT_NA_CL_SALTCASH Qual.pdf","122089_LT_NA_CL_SALTCASH Qual.pdf","1738101405.2768292","false","2025-01-28T16:07:31","2025-01-28T16:05:40","122089_LT_NA_CL_SaltCash","122089_LT_NA_CL_SALTCASH","1","3","3","2","400","341","400","341","111","10","JK8CB0C0CFFA32AE4","JK8CB0C0CFFA32AE4-TKE028C224550B58E"
"508 RED HAWK DR","LEANDER","TX","78641-8097","CHRISTOPHER MCNALLY DURKIN","122089","122089_LT_NA_CL_SALTCASH","122089_LT_NA_CL_SALTCASH","\\nas\Mail Files\Mailing Lists\01 January 2025\122089_LT_NA_CL_SALTCASH","\\nas\Mail Files\Mailing Lists\01 January 2025\122089_LT_NA_CL_SALTCASH\122089_LT_NA_CL_SALTCASH.csv","351","","0027120615943604801778641809708","2025-01-29T12:48:27.397324","2025-01-29T12:48:27.397324","\\nas\Mail Files\Mailing Lists\01 January 2025\122089_LT_NA_CL_SALTCASH\122089_LT_NA_CL_SALTCASH.csv","494","2025-01-29T12:48:27.397324","0","TX","0","\\nas\Mail Files\Mailing Lists\01 January 2025\122089_LT_NA_CL_SALTCASH\122089_LT_NA_CL_SALTCASH Qual.pdf","122089_LT_NA_CL_SALTCASH Qual.pdf","1738101405.2768292","false","2025-01-28T16:07:31","2025-01-28T16:05:40","122089_LT_NA_CL_SaltCash","122089_LT_NA_CL_SALTCASH","1","3","3","2","400","341","400","341","111","10","JK8CB0C0CFFA32AE4","JK8CB0C0CFFA32AE4-TKE028C224550B58E"
"216 HIDDEN MESA","LEANDER","TX","78641-8992","JIM JACOBSON","122089","122089_LT_NA_CL_SALTCASH","122089_LT_NA_CL_SALTCASH","\\nas\Mail Files\Mailing Lists\01 January 2025\122089_LT_NA_CL_SALTCASH","\\nas\Mail Files\Mailing Lists\01 January 2025\122089_LT_NA_CL_SALTCASH\122089_LT_NA_CL_SALTCASH.csv","352","","0027120615943604801878641899216","2025-01-29T12:48:27.397324","2025-01-29T12:48:27.397324","\\nas\Mail Files\Mailing Lists\01 January 2025\122089_LT_NA_CL_SALTCASH\122089_LT_NA_CL_SALTCASH.csv","494","2025-01-29T12:48:27.397324","0","TX","0","\\nas\Mail Files\Mailing Lists\01 January 2025\122089_LT_NA_CL_SALTCASH\122089_LT_NA_CL_SALTCASH Qual.pdf","122089_LT_NA_CL_SALTCASH Qual.pdf","1738101405.2768292","false","2025-01-28T16:07:31","2025-01-28T16:05:40","122089_LT_NA_CL_SaltCash","122089_LT_NA_CL_SALTCASH","1","3","3","2","400","341","400","341","111","10","JK8CB0C0CFFA32AE4","JK8CB0C0CFFA32AE4-TKE028C224550B58E"
"1203 DRAKE CV","LEANDER","TX","78641-1870","TAWNI MICHELE ANGEL","122089","122089_LT_NA_CL_SALTCASH","122089_LT_NA_CL_SALTCASH","\\nas\Mail Files\Mailing Lists\01 January 2025\122089_LT_NA_CL_SALTCASH","\\nas\Mail Files\Mailing Lists\01 January 2025\122089_LT_NA_CL_SALTCASH\122089_LT_NA_CL_SALTCASH.csv","353","","0027120615943604801978641187003","2025-01-29T12:48:27.397324","2025-01-29T12:48:27.397324","\\nas\Mail Files\Mailing Lists\01 January 2025\122089_LT_NA_CL_SALTCASH\122089_LT_NA_CL_SALTCASH.csv","494","2025-01-29T12:48:27.397324","0","TX","0","\\nas\Mail Files\Mailing Lists\01 January 2025\122089_LT_NA_CL_SALTCASH\122089_LT_NA_CL_SALTCASH Qual.pdf","122089_LT_NA_CL_SALTCASH Qual.pdf","1738101405.2768292","false","2025-01-28T16:07:31","2025-01-28T16:05:40","122089_LT_NA_CL_SaltCash","122089_LT_NA_CL_SALTCASH","1","3","3","2","400","341","400","341","111","10","JK8CB0C0CFFA32AE4","JK8CB0C0CFFA32AE4-TKE028C224550B58E"
"1524 BARDELLA DR","LEANDER","TX","78641-3952","PHILLIP STRONG","122089","122089_LT_NA_CL_SALTCASH","122089_LT_NA_CL_SALTCASH","\\nas\Mail Files\Mailing Lists\01 January 2025\122089_LT_NA_CL_SALTCASH","\\nas\Mail Files\Mailing Lists\01 January 2025\122089_LT_NA_CL_SALTCASH\122089_LT_NA_CL_SALTCASH.csv","354","","0027120615943604802078641395224","2025-01-29T12:48:27.397324","2025-01-29T12:48:27.397324","\\nas\Mail Files\Mailing Lists\01 January 2025\122089_LT_NA_CL_SALTCASH\122089_LT_NA_CL_SALTCASH.csv","494","2025-01-29T12:48:27.397324","0","TX","0","\\nas\Mail Files\Mailing Lists\01 January 2025\122089_LT_NA_CL_SALTCASH\122089_LT_NA_CL_SALTCASH Qual.pdf","122089_LT_NA_CL_SALTCASH Qual.pdf","1738101405.2768292","false","2025-01-28T16:07:31","2025-01-28T16:05:40","122089_LT_NA_CL_SaltCash","122089_LT_NA_CL_SALTCASH","1","3","3","2","400","341","400","341","111","10","JK8CB0C0CFFA32AE4","JK8CB0C0CFFA32AE4-TKE028C224550B58E"
"103 COUNTY ROAD 180","CEDAR PARK","TX","78641-3233","TERRI DOBSON","122089","122089_LT_NA_CL_SALTCASH","122089_LT_NA_CL_SALTCASH","\\nas\Mail Files\Mailing Lists\01 January 2025\122089_LT_NA_CL_SALTCASH","\\nas\Mail Files\Mailing Lists\01 January 2025\122089_LT_NA_CL_SALTCASH\122089_LT_NA_CL_SALTCASH.csv","355","","0027120615943604802178641323399","2025-01-29T12:48:27.397324","2025-01-29T12:48:27.397324","\\nas\Mail Files\Mailing Lists\01 January 2025\122089_LT_NA_CL_SALTCASH\122089_LT_NA_CL_SALTCASH.csv","494","2025-01-29T12:48:27.397324","0","TX","0","\\nas\Mail Files\Mailing Lists\01 January 2025\122089_LT_NA_CL_SALTCASH\122089_LT_NA_CL_SALTCASH Qual.pdf","122089_LT_NA_CL_SALTCASH Qual.pdf","1738101405.2768292","false","2025-01-28T16:07:31","2025-01-28T16:05:40","122089_LT_NA_CL_SaltCash","122089_LT_NA_CL_SALTCASH","1","3","3","2","400","341","400","341","111","10","JK8CB0C0CFFA32AE4","JK8CB0C0CFFA32AE4-TKE028C224550B58E"
"506 FRIENDSHIP CV","LEANDER","TX","78641-8056","LYNN LEMKY","122089","122089_LT_NA_CL_SALTCASH","122089_LT_NA_CL_SALTCASH","\\nas\Mail Files\Mailing Lists\01 January 2025\122089_LT_NA_CL_SALTCASH","\\nas\Mail Files\Mailing Lists\01 January 2025\122089_LT_NA_CL_SALTCASH\122089_LT_NA_CL_SALTCASH.csv","356","","0027120615943604802278641805606","2025-01-29T12:48:27.397324","2025-01-29T12:48:27.397324","\\nas\Mail Files\Mailing Lists\01 January 2025\122089_LT_NA_CL_SALTCASH\122089_LT_NA_CL_SALTCASH.csv","494","2025-01-29T12:48:27.397324","0","TX","0","\\nas\Mail Files\Mailing Lists\01 January 2025\122089_LT_NA_CL_SALTCASH\122089_LT_NA_CL_SALTCASH Qual.pdf","122089_LT_NA_CL_SALTCASH Qual.pdf","1738101405.2768292","false","2025-01-28T16:07:31","2025-01-28T16:05:40","122089_LT_NA_CL_SaltCash","122089_LT_NA_CL_SALTCASH","1","3","3","2","400","341","400","341","111","10","JK8CB0C0CFFA32AE4","JK8CB0C0CFFA32AE4-TKE028C224550B58E"
"464 STARLIGHT VILLAGE LOOP","LEANDER","TX","78641-3361","JUAN TORRES","122089","122089_LT_NA_CL_SALTCASH","122089_LT_NA_CL_SALTCASH","\\nas\Mail Files\Mailing Lists\01 January 2025\122089_LT_NA_CL_SALTCASH","\\nas\Mail Files\Mailing Lists\01 January 2025\122089_LT_NA_CL_SALTCASH\122089_LT_NA_CL_SALTCASH.csv","357","","0027120615943604802378641336164","2025-01-29T12:48:27.397324","2025-01-29T12:48:27.397324","\\nas\Mail Files\Mailing Lists\01 January 2025\122089_LT_NA_CL_SALTCASH\122089_LT_NA_CL_SALTCASH.csv","494","2025-01-29T12:48:27.397324","0","TX","0","\\nas\Mail Files\Mailing Lists\01 January 2025\122089_LT_NA_CL_SALTCASH\122089_LT_NA_CL_SALTCASH Qual.pdf","122089_LT_NA_CL_SALTCASH Qual.pdf","1738101405.2768292","false","2025-01-28T16:07:31","2025-01-28T16:05:40","122089_LT_NA_CL_SaltCash","122089_LT_NA_CL_SALTCASH","1","3","3","2","400","341","400","341","111","10","JK8CB0C0CFFA32AE4","JK8CB0C0CFFA32AE4-TKE028C224550B58E"
"7913B NAVAJO PASS","LEANDER","TX","78641-6131","SCOTT MURRAY","122089","122089_LT_NA_CL_SALTCASH","122089_LT_NA_CL_SALTCASH","\\nas\Mail Files\Mailing Lists\01 January 2025\122089_LT_NA_CL_SALTCASH","\\nas\Mail Files\Mailing Lists\01 January 2025\122089_LT_NA_CL_SALTCASH\122089_LT_NA_CL_SALTCASH.csv","358","","0027120615943604802478641613113","2025-01-29T12:48:27.397324","2025-01-29T12:48:27.397324","\\nas\Mail Files\Mailing Lists\01 January 2025\122089_LT_NA_CL_SALTCASH\122089_LT_NA_CL_SALTCASH.csv","494","2025-01-29T12:48:27.397324","0","TX","0","\\nas\Mail Files\Mailing Lists\01 January 2025\122089_LT_NA_CL_SALTCASH\122089_LT_NA_CL_SALTCASH Qual.pdf","122089_LT_NA_CL_SALTCASH Qual.pdf","1738101405.2768292","false","2025-01-28T16:07:31","2025-01-28T16:05:40","122089_LT_NA_CL_SaltCash","122089_LT_NA_CL_SALTCASH","1","3","3","2","400","341","400","341","111","10","JK8CB0C0CFFA32AE4","JK8CB0C0CFFA32AE4-TKE028C224550B58E"
"3505 BEAR CLAW","LEANDER","TX","78641-3693","LORI ATKINS","122089","122089_LT_NA_CL_SALTCASH","122089_LT_NA_CL_SALTCASH","\\nas\Mail Files\Mailing Lists\01 January 2025\122089_LT_NA_CL_SALTCASH","\\nas\Mail Files\Mailing Lists\01 January 2025\122089_LT_NA_CL_SALTCASH\122089_LT_NA_CL_SALTCASH.csv","359","","0027120615943604802578641369305","2025-01-29T12:48:27.397324","2025-01-29T12:48:27.397324","\\nas\Mail Files\Mailing Lists\01 January 2025\122089_LT_NA_CL_SALTCASH\122089_LT_NA_CL_SALTCASH.csv","494","2025-01-29T12:48:27.397324","0","TX","0","\\nas\Mail Files\Mailing Lists\01 January 2025\122089_LT_NA_CL_SALTCASH\122089_LT_NA_CL_SALTCASH Qual.pdf","122089_LT_NA_CL_SALTCASH Qual.pdf","1738101405.2768292","false","2025-01-28T16:07:31","2025-01-28T16:05:40","122089_LT_NA_CL_SaltCash","122089_LT_NA_CL_SALTCASH","1","3","3","2","400","341","400","341","111","10","JK8CB0C0CFFA32AE4","JK8CB0C0CFFA32AE4-TKE028C224550B58E"
"146 WOODLAND TRL","LEANDER","TX","78641-9201","DAVID BAWCOM","122089","122089_LT_NA_CL_SALTCASH","122089_LT_NA_CL_SALTCASH","\\nas\Mail Files\Mailing Lists\01 January 2025\122089_LT_NA_CL_SALTCASH","\\nas\Mail Files\Mailing Lists\01 January 2025\122089_LT_NA_CL_SALTCASH\122089_LT_NA_CL_SALTCASH.csv","360","","0027120615943604802678641920146","2025-01-29T12:48:27.397324","2025-01-29T12:48:27.397324","\\nas\Mail Files\Mailing Lists\01 January 2025\122089_LT_NA_CL_SALTCASH\122089_LT_NA_CL_SALTCASH.csv","494","2025-01-29T12:48:27.397324","0","TX","0","\\nas\Mail Files\Mailing Lists\01 January 2025\122089_LT_NA_CL_SALTCASH\122089_LT_NA_CL_SALTCASH Qual.pdf","122089_LT_NA_CL_SALTCASH Qual.pdf","1738101405.2768292","false","2025-01-28T16:07:31","2025-01-28T16:05:40","122089_LT_NA_CL_SaltCash","122089_LT_NA_CL_SALTCASH","1","3","3","2","400","341","400","341","111","10","JK8CB0C0CFFA32AE4","JK8CB0C0CFFA32AE4-TKE028C224550B58E"
"1201 PINE PORTAGE LOOP","LEANDER","TX","78641-7962","DREUX BARBIER","122089","122089_LT_NA_CL_SALTCASH","122089_LT_NA_CL_SALTCASH","\\nas\Mail Files\Mailing Lists\01 January 2025\122089_LT_NA_CL_SALTCASH","\\nas\Mail Files\Mailing Lists\01 January 2025\122089_LT_NA_CL_SALTCASH\122089_LT_NA_CL_SALTCASH.csv","361","","0027120615943604802778641796201","2025-01-29T12:48:27.397324","2025-01-29T12:48:27.397324","\\nas\Mail Files\Mailing Lists\01 January 2025\122089_LT_NA_CL_SALTCASH\122089_LT_NA_CL_SALTCASH.csv","494","2025-01-29T12:48:27.397324","0","TX","0","\\nas\Mail Files\Mailing Lists\01 January 2025\122089_LT_NA_CL_SALTCASH\122089_LT_NA_CL_SALTCASH Qual.pdf","122089_LT_NA_CL_SALTCASH Qual.pdf","1738101405.2768292","false","2025-01-28T16:07:31","2025-01-28T16:05:40","122089_LT_NA_CL_SaltCash","122089_LT_NA_CL_SALTCASH","1","3","3","2","400","341","400","341","111","10","JK8CB0C0CFFA32AE4","JK8CB0C0CFFA32AE4-TKE028C224550B58E"
"2816 BIRCH PARK PATH","LEANDER","TX","78641-5057","MICHAEL COUNIHAN","122089","122089_LT_NA_CL_SALTCASH","122089_LT_NA_CL_SALTCASH","\\nas\Mail Files\Mailing Lists\01 January 2025\122089_LT_NA_CL_SALTCASH","\\nas\Mail Files\Mailing Lists\01 January 2025\122089_LT_NA_CL_SALTCASH\122089_LT_NA_CL_SALTCASH.csv","362","","0027120615943604802878641505716","2025-01-29T12:48:27.397324","2025-01-29T12:48:27.397324","\\nas\Mail Files\Mailing Lists\01 January 2025\122089_LT_NA_CL_SALTCASH\122089_LT_NA_CL_SALTCASH.csv","494","2025-01-29T12:48:27.397324","0","TX","0","\\nas\Mail Files\Mailing Lists\01 January 2025\122089_LT_NA_CL_SALTCASH\122089_LT_NA_CL_SALTCASH Qual.pdf","122089_LT_NA_CL_SALTCASH Qual.pdf","1738101405.2768292","false","2025-01-28T16:07:31","2025-01-28T16:05:40","122089_LT_NA_CL_SaltCash","122089_LT_NA_CL_SALTCASH","1","3","3","2","400","341","400","341","111","10","JK8CB0C0CFFA32AE4","JK8CB0C0CFFA32AE4-TKE028C224550B58E"
"2229 GOLD DUST TRL","LEANDER","TX","78641-5193","K KALYAN","122089","122089_LT_NA_CL_SALTCASH","122089_LT_NA_CL_SALTCASH","\\nas\Mail Files\Mailing Lists\01 January 2025\122089_LT_NA_CL_SALTCASH","\\nas\Mail Files\Mailing Lists\01 January 2025\122089_LT_NA_CL_SALTCASH\122089_LT_NA_CL_SALTCASH.csv","363","","0027120615943604802978641519329","2025-01-29T12:48:27.397324","2025-01-29T12:48:27.397324","\\nas\Mail Files\Mailing Lists\01 January 2025\122089_LT_NA_CL_SALTCASH\122089_LT_NA_CL_SALTCASH.csv","494","2025-01-29T12:48:27.397324","0","TX","0","\\nas\Mail Files\Mailing Lists\01 January 2025\122089_LT_NA_CL_SALTCASH\122089_LT_NA_CL_SALTCASH Qual.pdf","122089_LT_NA_CL_SALTCASH Qual.pdf","1738101405.2768292","false","2025-01-28T16:07:31","2025-01-28T16:05:40","122089_LT_NA_CL_SaltCash","122089_LT_NA_CL_SALTCASH","1","3","3","2","400","341","400","341","111","10","JK8CB0C0CFFA32AE4","JK8CB0C0CFFA32AE4-TKE028C224550B58E"
"2333 SANDORNA CT","LEANDER","TX","78641-3739","DENISE AND JOHN KELLEY","122089","122089_LT_NA_CL_SALTCASH","122089_LT_NA_CL_SALTCASH","\\nas\Mail Files\Mailing Lists\01 January 2025\122089_LT_NA_CL_SALTCASH","\\nas\Mail Files\Mailing Lists\01 January 2025\122089_LT_NA_CL_SALTCASH\122089_LT_NA_CL_SALTCASH.csv","364","","0027120615943604803078641373933","2025-01-29T12:48:27.397324","2025-01-29T12:48:27.397324","\\nas\Mail Files\Mailing Lists\01 January 2025\122089_LT_NA_CL_SALTCASH\122089_LT_NA_CL_SALTCASH.csv","494","2025-01-29T12:48:27.397324","0","TX","0","\\nas\Mail Files\Mailing Lists\01 January 2025\122089_LT_NA_CL_SALTCASH\122089_LT_NA_CL_SALTCASH Qual.pdf","122089_LT_NA_CL_SALTCASH Qual.pdf","1738101405.2768292","false","2025-01-28T16:07:31","2025-01-28T16:05:40","122089_LT_NA_CL_SaltCash","122089_LT_NA_CL_SALTCASH","1","3","3","2","400","341","400","341","111","10","JK8CB0C0CFFA32AE4","JK8CB0C0CFFA32AE4-TKE028C224550B58E"
"1208 SIDEWINDER","LEANDER","TX","78641-3700","ASHLEY WINTON","122089","122089_LT_NA_CL_SALTCASH","122089_LT_NA_CL_SALTCASH","\\nas\Mail Files\Mailing Lists\01 January 2025\122089_LT_NA_CL_SALTCASH","\\nas\Mail Files\Mailing Lists\01 January 2025\122089_LT_NA_CL_SALTCASH\122089_LT_NA_CL_SALTCASH.csv","365","","0027120615943604803178641370008","2025-01-29T12:48:27.397324","2025-01-29T12:48:27.397324","\\nas\Mail Files\Mailing Lists\01 January 2025\122089_LT_NA_CL_SALTCASH\122089_LT_NA_CL_SALTCASH.csv","494","2025-01-29T12:48:27.397324","0","TX","0","\\nas\Mail Files\Mailing Lists\01 January 2025\122089_LT_NA_CL_SALTCASH\122089_LT_NA_CL_SALTCASH Qual.pdf","122089_LT_NA_CL_SALTCASH Qual.pdf","1738101405.2768292","false","2025-01-28T16:07:31","2025-01-28T16:05:40","122089_LT_NA_CL_SaltCash","122089_LT_NA_CL_SALTCASH","1","3","3","2","400","341","400","341","111","10","JK8CB0C0CFFA32AE4","JK8CB0C0CFFA32AE4-TKE028C224550B58E"
"2028 COTTON FARM TRL","LEANDER","TX","78641-4240","CYNTHIA A ROSENTHAL","122089","122089_LT_NA_CL_SALTCASH","122089_LT_NA_CL_SALTCASH","\\nas\Mail Files\Mailing Lists\01 January 2025\122089_LT_NA_CL_SALTCASH","\\nas\Mail Files\Mailing Lists\01 January 2025\122089_LT_NA_CL_SALTCASH\122089_LT_NA_CL_SALTCASH.csv","366","","0027120615943604803278641424028","2025-01-29T12:48:27.397324","2025-01-29T12:48:27.397324","\\nas\Mail Files\Mailing Lists\01 January 2025\122089_LT_NA_CL_SALTCASH\122089_LT_NA_CL_SALTCASH.csv","494","2025-01-29T12:48:27.397324","0","TX","0","\\nas\Mail Files\Mailing Lists\01 January 2025\122089_LT_NA_CL_SALTCASH\122089_LT_NA_CL_SALTCASH Qual.pdf","122089_LT_NA_CL_SALTCASH Qual.pdf","1738101405.2768292","false","2025-01-28T16:07:31","2025-01-28T16:05:40","122089_LT_NA_CL_SaltCash","122089_LT_NA_CL_SALTCASH","1","3","3","2","400","341","400","341","111","10","JK8CB0C0CFFA32AE4","JK8CB0C0CFFA32AE4-TKE028C224550B58E"
"7304 REED DR","VOLENTE","TX","78641-9160","STACY SMITH","122089","122089_LT_NA_CL_SALTCASH","122089_LT_NA_CL_SALTCASH","\\nas\Mail Files\Mailing Lists\01 January 2025\122089_LT_NA_CL_SALTCASH","\\nas\Mail Files\Mailing Lists\01 January 2025\122089_LT_NA_CL_SALTCASH\122089_LT_NA_CL_SALTCASH.csv","367","","0027120615943604803378641916004","2025-01-29T12:48:27.397324","2025-01-29T12:48:27.397324","\\nas\Mail Files\Mailing Lists\01 January 2025\122089_LT_NA_CL_SALTCASH\122089_LT_NA_CL_SALTCASH.csv","494","2025-01-29T12:48:27.397324","0","TX","0","\\nas\Mail Files\Mailing Lists\01 January 2025\122089_LT_NA_CL_SALTCASH\122089_LT_NA_CL_SALTCASH Qual.pdf","122089_LT_NA_CL_SALTCASH Qual.pdf","1738101405.2768292","false","2025-01-28T16:07:31","2025-01-28T16:05:40","122089_LT_NA_CL_SaltCash","122089_LT_NA_CL_SALTCASH","1","3","3","2","400","341","400","341","111","10","JK8CB0C0CFFA32AE4","JK8CB0C0CFFA32AE4-TKE028C224550B58E"
"2709 RAIN SONG","LEANDER","TX","78641-4998","LAURIE ROUSSEL","122089","122089_LT_NA_CL_SALTCASH","122089_LT_NA_CL_SALTCASH","\\nas\Mail Files\Mailing Lists\01 January 2025\122089_LT_NA_CL_SALTCASH","\\nas\Mail Files\Mailing Lists\01 January 2025\122089_LT_NA_CL_SALTCASH\122089_LT_NA_CL_SALTCASH.csv","368","","0027120615943604803478641499809","2025-01-29T12:48:27.397324","2025-01-29T12:48:27.397324","\\nas\Mail Files\Mailing Lists\01 January 2025\122089_LT_NA_CL_SALTCASH\122089_LT_NA_CL_SALTCASH.csv","494","2025-01-29T12:48:27.397324","0","TX","0","\\nas\Mail Files\Mailing Lists\01 January 2025\122089_LT_NA_CL_SALTCASH\122089_LT_NA_CL_SALTCASH Qual.pdf","122089_LT_NA_CL_SALTCASH Qual.pdf","1738101405.2768292","false","2025-01-28T16:07:31","2025-01-28T16:05:40","122089_LT_NA_CL_SaltCash","122089_LT_NA_CL_SALTCASH","1","3","3","2","400","341","400","341","111","10","JK8CB0C0CFFA32AE4","JK8CB0C0CFFA32AE4-TKE028C224550B58E"
"900 DOWNRIDGE DR","LEANDER","TX","78641-2552","MARILYN HINDERER","122089","122089_LT_NA_CL_SALTCASH","122089_LT_NA_CL_SALTCASH","\\nas\Mail Files\Mailing Lists\01 January 2025\122089_LT_NA_CL_SALTCASH","\\nas\Mail Files\Mailing Lists\01 January 2025\122089_LT_NA_CL_SALTCASH\122089_LT_NA_CL_SALTCASH.csv","369","","0027120615943604803578641255200","2025-01-29T12:48:27.397324","2025-01-29T12:48:27.397324","\\nas\Mail Files\Mailing Lists\01 January 2025\122089_LT_NA_CL_SALTCASH\122089_LT_NA_CL_SALTCASH.csv","494","2025-01-29T12:48:27.397324","0","TX","0","\\nas\Mail Files\Mailing Lists\01 January 2025\122089_LT_NA_CL_SALTCASH\122089_LT_NA_CL_SALTCASH Qual.pdf","122089_LT_NA_CL_SALTCASH Qual.pdf","1738101405.2768292","false","2025-01-28T16:07:31","2025-01-28T16:05:40","122089_LT_NA_CL_SaltCash","122089_LT_NA_CL_SALTCASH","1","3","3","2","400","341","400","341","111","10","JK8CB0C0CFFA32AE4","JK8CB0C0CFFA32AE4-TKE028C224550B58E"
"2030 PALOS VERDES","LEANDER","TX","78641-8822","TAYLOR STUART","122089","122089_LT_NA_CL_SALTCASH","122089_LT_NA_CL_SALTCASH","\\nas\Mail Files\Mailing Lists\01 January 2025\122089_LT_NA_CL_SALTCASH","\\nas\Mail Files\Mailing Lists\01 January 2025\122089_LT_NA_CL_SALTCASH\122089_LT_NA_CL_SALTCASH.csv","370","","0027120615943604803678641882230","2025-01-29T12:48:27.397324","2025-01-29T12:48:27.397324","\\nas\Mail Files\Mailing Lists\01 January 2025\122089_LT_NA_CL_SALTCASH\122089_LT_NA_CL_SALTCASH.csv","494","2025-01-29T12:48:27.397324","0","TX","0","\\nas\Mail Files\Mailing Lists\01 January 2025\122089_LT_NA_CL_SALTCASH\122089_LT_NA_CL_SALTCASH Qual.pdf","122089_LT_NA_CL_SALTCASH Qual.pdf","1738101405.2768292","false","2025-01-28T16:07:31","2025-01-28T16:05:40","122089_LT_NA_CL_SaltCash","122089_LT_NA_CL_SALTCASH","1","3","3","2","400","341","400","341","111","10","JK8CB0C0CFFA32AE4","JK8CB0C0CFFA32AE4-TKE028C224550B58E"
"1636 DUSTY BND","LEANDER","TX","78641-4438","TOM AND AMANDA ROMANO","122089","122089_LT_NA_CL_SALTCASH","122089_LT_NA_CL_SALTCASH","\\nas\Mail Files\Mailing Lists\01 January 2025\122089_LT_NA_CL_SALTCASH","\\nas\Mail Files\Mailing Lists\01 January 2025\122089_LT_NA_CL_SALTCASH\122089_LT_NA_CL_SALTCASH.csv","371","","0027120615943604803778641443836","2025-01-29T12:48:27.397324","2025-01-29T12:48:27.397324","\\nas\Mail Files\Mailing Lists\01 January 2025\122089_LT_NA_CL_SALTCASH\122089_LT_NA_CL_SALTCASH.csv","494","2025-01-29T12:48:27.397324","0","TX","0","\\nas\Mail Files\Mailing Lists\01 January 2025\122089_LT_NA_CL_SALTCASH\122089_LT_NA_CL_SALTCASH Qual.pdf","122089_LT_NA_CL_SALTCASH Qual.pdf","1738101405.2768292","false","2025-01-28T16:07:31","2025-01-28T16:05:40","122089_LT_NA_CL_SaltCash","122089_LT_NA_CL_SALTCASH","1","3","3","2","400","341","400","341","111","10","JK8CB0C0CFFA32AE4","JK8CB0C0CFFA32AE4-TKE028C224550B58E"
"1320 DA VINCI TRL","LEANDER","TX","78641-4245","DAHIR HERZI","122089","122089_LT_NA_CL_SALTCASH","122089_LT_NA_CL_SALTCASH","\\nas\Mail Files\Mailing Lists\01 January 2025\122089_LT_NA_CL_SALTCASH","\\nas\Mail Files\Mailing Lists\01 January 2025\122089_LT_NA_CL_SALTCASH\122089_LT_NA_CL_SALTCASH.csv","372","","0027120615943604803878641424520","2025-01-29T12:48:27.397324","2025-01-29T12:48:27.397324","\\nas\Mail Files\Mailing Lists\01 January 2025\122089_LT_NA_CL_SALTCASH\122089_LT_NA_CL_SALTCASH.csv","494","2025-01-29T12:48:27.397324","0","TX","0","\\nas\Mail Files\Mailing Lists\01 January 2025\122089_LT_NA_CL_SALTCASH\122089_LT_NA_CL_SALTCASH Qual.pdf","122089_LT_NA_CL_SALTCASH Qual.pdf","1738101405.2768292","false","2025-01-28T16:07:31","2025-01-28T16:05:40","122089_LT_NA_CL_SaltCash","122089_LT_NA_CL_SALTCASH","1","3","3","2","400","341","400","341","111","10","JK8CB0C0CFFA32AE4","JK8CB0C0CFFA32AE4-TKE028C224550B58E"
"605 CHITALPA ST","LEANDER","TX","78641-9061","ERSULA YASIN","122089","122089_LT_NA_CL_SALTCASH","122089_LT_NA_CL_SALTCASH","\\nas\Mail Files\Mailing Lists\01 January 2025\122089_LT_NA_CL_SALTCASH","\\nas\Mail Files\Mailing Lists\01 January 2025\122089_LT_NA_CL_SALTCASH\122089_LT_NA_CL_SALTCASH.csv","373","","0027120615943604803978641906105","2025-01-29T12:48:27.397324","2025-01-29T12:48:27.397324","\\nas\Mail Files\Mailing Lists\01 January 2025\122089_LT_NA_CL_SALTCASH\122089_LT_NA_CL_SALTCASH.csv","494","2025-01-29T12:48:27.397324","0","TX","0","\\nas\Mail Files\Mailing Lists\01 January 2025\122089_LT_NA_CL_SALTCASH\122089_LT_NA_CL_SALTCASH Qual.pdf","122089_LT_NA_CL_SALTCASH Qual.pdf","1738101405.2768292","false","2025-01-28T16:07:31","2025-01-28T16:05:40","122089_LT_NA_CL_SaltCash","122089_LT_NA_CL_SALTCASH","1","3","3","2","400","341","400","341","111","10","JK8CB0C0CFFA32AE4","JK8CB0C0CFFA32AE4-TKE028C224550B58E"
"2518 GRAPEVINE CANYON TRL","LEANDER","TX","78641-7882","LUCAS MARTIN","122089","122089_LT_NA_CL_SALTCASH","122089_LT_NA_CL_SALTCASH","\\nas\Mail Files\Mailing Lists\01 January 2025\122089_LT_NA_CL_SALTCASH","\\nas\Mail Files\Mailing Lists\01 January 2025\122089_LT_NA_CL_SALTCASH\122089_LT_NA_CL_SALTCASH.csv","374","","0027120615943604804078641788218","2025-01-29T12:48:27.397324","2025-01-29T12:48:27.397324","\\nas\Mail Files\Mailing Lists\01 January 2025\122089_LT_NA_CL_SALTCASH\122089_LT_NA_CL_SALTCASH.csv","494","2025-01-29T12:48:27.397324","0","TX","0","\\nas\Mail Files\Mailing Lists\01 January 2025\122089_LT_NA_CL_SALTCASH\122089_LT_NA_CL_SALTCASH Qual.pdf","122089_LT_NA_CL_SALTCASH Qual.pdf","1738101405.2768292","false","2025-01-28T16:07:31","2025-01-28T16:05:40","122089_LT_NA_CL_SaltCash","122089_LT_NA_CL_SALTCASH","1","3","3","2","400","341","400","341","111","10","JK8CB0C0CFFA32AE4","JK8CB0C0CFFA32AE4-TKE028C224550B58E"
"408 STARLIGHT VILLAGE LOOP","LEANDER","TX","78641-3361","MARCO GARSED","122089","122089_LT_NA_CL_SALTCASH","122089_LT_NA_CL_SALTCASH","\\nas\Mail Files\Mailing Lists\01 January 2025\122089_LT_NA_CL_SALTCASH","\\nas\Mail Files\Mailing Lists\01 January 2025\122089_LT_NA_CL_SALTCASH\122089_LT_NA_CL_SALTCASH.csv","375","","0027120615943604804178641336108","2025-01-29T12:48:27.397324","2025-01-29T12:48:27.397324","\\nas\Mail Files\Mailing Lists\01 January 2025\122089_LT_NA_CL_SALTCASH\122089_LT_NA_CL_SALTCASH.csv","494","2025-01-29T12:48:27.397324","0","TX","0","\\nas\Mail Files\Mailing Lists\01 January 2025\122089_LT_NA_CL_SALTCASH\122089_LT_NA_CL_SALTCASH Qual.pdf","122089_LT_NA_CL_SALTCASH Qual.pdf","1738101405.2768292","false","2025-01-28T16:07:31","2025-01-28T16:05:40","122089_LT_NA_CL_SaltCash","122089_LT_NA_CL_SALTCASH","1","3","3","2","400","341","400","341","111","10","JK8CB0C0CFFA32AE4","JK8CB0C0CFFA32AE4-TKE028C224550B58E"
"231 SIMON","KYLE","TX","78640-2061","SUZANNE METCALF","122089","122089_LT_NA_CL_SALTCASH","122089_LT_NA_CL_SALTCASH","\\nas\Mail Files\Mailing Lists\01 January 2025\122089_LT_NA_CL_SALTCASH","\\nas\Mail Files\Mailing Lists\01 January 2025\122089_LT_NA_CL_SALTCASH\122089_LT_NA_CL_SALTCASH.csv","376","","0027120615943604804278640206131","2025-01-29T12:48:27.397324","2025-01-29T12:48:27.397324","\\nas\Mail Files\Mailing Lists\01 January 2025\122089_LT_NA_CL_SALTCASH\122089_LT_NA_CL_SALTCASH.csv","494","2025-01-29T12:48:27.397324","0","TX","0","\\nas\Mail Files\Mailing Lists\01 January 2025\122089_LT_NA_CL_SALTCASH\122089_LT_NA_CL_SALTCASH Qual.pdf","122089_LT_NA_CL_SALTCASH Qual.pdf","1738101405.2768292","false","2025-01-28T16:07:31","2025-01-28T16:05:40","122089_LT_NA_CL_SaltCash","122089_LT_NA_CL_SALTCASH","1","3","3","2","400","341","400","341","111","10","JK8CB0C0CFFA32AE4","JK8CB0C0CFFA32AE4-TKE028C224550B58E"
"357 HAUPT","KYLE","TX","78640-8824","FAITH AND DUSTIN SPALDING","122089","122089_LT_NA_CL_SALTCASH","122089_LT_NA_CL_SALTCASH","\\nas\Mail Files\Mailing Lists\01 January 2025\122089_LT_NA_CL_SALTCASH","\\nas\Mail Files\Mailing Lists\01 January 2025\122089_LT_NA_CL_SALTCASH\122089_LT_NA_CL_SALTCASH.csv","377","","0027120615943604804378640882457","2025-01-29T12:48:27.397324","2025-01-29T12:48:27.397324","\\nas\Mail Files\Mailing Lists\01 January 2025\122089_LT_NA_CL_SALTCASH\122089_LT_NA_CL_SALTCASH.csv","494","2025-01-29T12:48:27.397324","0","TX","0","\\nas\Mail Files\Mailing Lists\01 January 2025\122089_LT_NA_CL_SALTCASH\122089_LT_NA_CL_SALTCASH Qual.pdf","122089_LT_NA_CL_SALTCASH Qual.pdf","1738101405.2768292","false","2025-01-28T16:07:31","2025-01-28T16:05:40","122089_LT_NA_CL_SaltCash","122089_LT_NA_CL_SALTCASH","1","3","3","2","400","341","400","341","111","10","JK8CB0C0CFFA32AE4","JK8CB0C0CFFA32AE4-TKE028C224550B58E"
"643 SCHEEL","KYLE","TX","78640-5432","STEVEN DESCANT","122089","122089_LT_NA_CL_SALTCASH","122089_LT_NA_CL_SALTCASH","\\nas\Mail Files\Mailing Lists\01 January 2025\122089_LT_NA_CL_SALTCASH","\\nas\Mail Files\Mailing Lists\01 January 2025\122089_LT_NA_CL_SALTCASH\122089_LT_NA_CL_SALTCASH.csv","378","","0027120615943604804478640543243","2025-01-29T12:48:27.397324","2025-01-29T12:48:27.397324","\\nas\Mail Files\Mailing Lists\01 January 2025\122089_LT_NA_CL_SALTCASH\122089_LT_NA_CL_SALTCASH.csv","494","2025-01-29T12:48:27.397324","0","TX","0","\\nas\Mail Files\Mailing Lists\01 January 2025\122089_LT_NA_CL_SALTCASH\122089_LT_NA_CL_SALTCASH Qual.pdf","122089_LT_NA_CL_SALTCASH Qual.pdf","1738101405.2768292","false","2025-01-28T16:07:31","2025-01-28T16:05:40","122089_LT_NA_CL_SaltCash","122089_LT_NA_CL_SALTCASH","1","3","3","2","400","341","400","341","111","10","JK8CB0C0CFFA32AE4","JK8CB0C0CFFA32AE4-TKE028C224550B58E"
"511 GARRETT CT","HUTTO","TX","78634-4196","STARSHA AND MICHAEL WOOD","122089","122089_LT_NA_CL_SALTCASH","122089_LT_NA_CL_SALTCASH","\\nas\Mail Files\Mailing Lists\01 January 2025\122089_LT_NA_CL_SALTCASH","\\nas\Mail Files\Mailing Lists\01 January 2025\122089_LT_NA_CL_SALTCASH\122089_LT_NA_CL_SALTCASH.csv","379","","0027120615943604804578634419611","2025-01-29T12:48:27.397324","2025-01-29T12:48:27.397324","\\nas\Mail Files\Mailing Lists\01 January 2025\122089_LT_NA_CL_SALTCASH\122089_LT_NA_CL_SALTCASH.csv","494","2025-01-29T12:48:27.397324","0","TX","0","\\nas\Mail Files\Mailing Lists\01 January 2025\122089_LT_NA_CL_SALTCASH\122089_LT_NA_CL_SALTCASH Qual.pdf","122089_LT_NA_CL_SALTCASH Qual.pdf","1738101405.2768292","false","2025-01-28T16:07:31","2025-01-28T16:05:40","122089_LT_NA_CL_SaltCash","122089_LT_NA_CL_SALTCASH","1","3","3","2","400","341","400","341","111","10","JK8CB0C0CFFA32AE4","JK8CB0C0CFFA32AE4-TKE028C224550B58E"
"208 OTTAVIANO WAY","HUTTO","TX","78634-5810","JOHN WOELFFER","122089","122089_LT_NA_CL_SALTCASH","122089_LT_NA_CL_SALTCASH","\\nas\Mail Files\Mailing Lists\01 January 2025\122089_LT_NA_CL_SALTCASH","\\nas\Mail Files\Mailing Lists\01 January 2025\122089_LT_NA_CL_SALTCASH\122089_LT_NA_CL_SALTCASH.csv","380","","0027120615943604804678634581008","2025-01-29T12:48:27.397324","2025-01-29T12:48:27.397324","\\nas\Mail Files\Mailing Lists\01 January 2025\122089_LT_NA_CL_SALTCASH\122089_LT_NA_CL_SALTCASH.csv","494","2025-01-29T12:48:27.397324","0","TX","0","\\nas\Mail Files\Mailing Lists\01 January 2025\122089_LT_NA_CL_SALTCASH\122089_LT_NA_CL_SALTCASH Qual.pdf","122089_LT_NA_CL_SALTCASH Qual.pdf","1738101405.2768292","false","2025-01-28T16:07:31","2025-01-28T16:05:40","122089_LT_NA_CL_SaltCash","122089_LT_NA_CL_SALTCASH","1","3","3","2","400","341","400","341","111","10","JK8CB0C0CFFA32AE4","JK8CB0C0CFFA32AE4-TKE028C224550B58E"
"204 BANKSIDE DR","HUTTO","TX","78634-2271","PATRICK MACMILLAN","122089","122089_LT_NA_CL_SALTCASH","122089_LT_NA_CL_SALTCASH","\\nas\Mail Files\Mailing Lists\01 January 2025\122089_LT_NA_CL_SALTCASH","\\nas\Mail Files\Mailing Lists\01 January 2025\122089_LT_NA_CL_SALTCASH\122089_LT_NA_CL_SALTCASH.csv","381","","0027120615943604804778634227104","2025-01-29T12:48:27.397324","2025-01-29T12:48:27.397324","\\nas\Mail Files\Mailing Lists\01 January 2025\122089_LT_NA_CL_SALTCASH\122089_LT_NA_CL_SALTCASH.csv","494","2025-01-29T12:48:27.397324","0","TX","0","\\nas\Mail Files\Mailing Lists\01 January 2025\122089_LT_NA_CL_SALTCASH\122089_LT_NA_CL_SALTCASH Qual.pdf","122089_LT_NA_CL_SALTCASH Qual.pdf","1738101405.2768292","false","2025-01-28T16:07:31","2025-01-28T16:05:40","122089_LT_NA_CL_SaltCash","122089_LT_NA_CL_SALTCASH","1","3","3","2","400","341","400","341","111","10","JK8CB0C0CFFA32AE4","JK8CB0C0CFFA32AE4-TKE028C224550B58E"
"1007 COCKRILL CT","HUTTO","TX","78634-4504","TODD WARBURTON","122089","122089_LT_NA_CL_SALTCASH","122089_LT_NA_CL_SALTCASH","\\nas\Mail Files\Mailing Lists\01 January 2025\122089_LT_NA_CL_SALTCASH","\\nas\Mail Files\Mailing Lists\01 January 2025\122089_LT_NA_CL_SALTCASH\122089_LT_NA_CL_SALTCASH.csv","382","","0027120615943604804878634450407","2025-01-29T12:48:27.397324","2025-01-29T12:48:27.397324","\\nas\Mail Files\Mailing Lists\01 January 2025\122089_LT_NA_CL_SALTCASH\122089_LT_NA_CL_SALTCASH.csv","494","2025-01-29T12:48:27.397324","0","TX","0","\\nas\Mail Files\Mailing Lists\01 January 2025\122089_LT_NA_CL_SALTCASH\122089_LT_NA_CL_SALTCASH Qual.pdf","122089_LT_NA_CL_SALTCASH Qual.pdf","1738101405.2768292","false","2025-01-28T16:07:31","2025-01-28T16:05:40","122089_LT_NA_CL_SaltCash","122089_LT_NA_CL_SALTCASH","1","3","3","2","400","341","400","341","111","10","JK8CB0C0CFFA32AE4","JK8CB0C0CFFA32AE4-TKE028C224550B58E"
"226 ADRIANA LN","HUTTO","TX","78634-5665","ERIC BRUGNONE","122089","122089_LT_NA_CL_SALTCASH","122089_LT_NA_CL_SALTCASH","\\nas\Mail Files\Mailing Lists\01 January 2025\122089_LT_NA_CL_SALTCASH","\\nas\Mail Files\Mailing Lists\01 January 2025\122089_LT_NA_CL_SALTCASH\122089_LT_NA_CL_SALTCASH.csv","383","","0027120615943604804978634566526","2025-01-29T12:48:27.397324","2025-01-29T12:48:27.397324","\\nas\Mail Files\Mailing Lists\01 January 2025\122089_LT_NA_CL_SALTCASH\122089_LT_NA_CL_SALTCASH.csv","494","2025-01-29T12:48:27.397324","0","TX","0","\\nas\Mail Files\Mailing Lists\01 January 2025\122089_LT_NA_CL_SALTCASH\122089_LT_NA_CL_SALTCASH Qual.pdf","122089_LT_NA_CL_SALTCASH Qual.pdf","1738101405.2768292","false","2025-01-28T16:07:31","2025-01-28T16:05:40","122089_LT_NA_CL_SaltCash","122089_LT_NA_CL_SALTCASH","1","3","3","2","400","341","400","341","111","10","JK8CB0C0CFFA32AE4","JK8CB0C0CFFA32AE4-TKE028C224550B58E"
"1000 COROLLA CT","HUTTO","TX","78634-2176","RYAN LEE","122089","122089_LT_NA_CL_SALTCASH","122089_LT_NA_CL_SALTCASH","\\nas\Mail Files\Mailing Lists\01 January 2025\122089_LT_NA_CL_SALTCASH","\\nas\Mail Files\Mailing Lists\01 January 2025\122089_LT_NA_CL_SALTCASH\122089_LT_NA_CL_SALTCASH.csv","384","","0027120615943604805078634217600","2025-01-29T12:48:27.397324","2025-01-29T12:48:27.397324","\\nas\Mail Files\Mailing Lists\01 January 2025\122089_LT_NA_CL_SALTCASH\122089_LT_NA_CL_SALTCASH.csv","494","2025-01-29T12:48:27.397324","0","TX","0","\\nas\Mail Files\Mailing Lists\01 January 2025\122089_LT_NA_CL_SALTCASH\122089_LT_NA_CL_SALTCASH Qual.pdf","122089_LT_NA_CL_SALTCASH Qual.pdf","1738101405.2768292","false","2025-01-28T16:07:31","2025-01-28T16:05:40","122089_LT_NA_CL_SaltCash","122089_LT_NA_CL_SALTCASH","1","3","3","2","400","341","400","341","111","10","JK8CB0C0CFFA32AE4","JK8CB0C0CFFA32AE4-TKE028C224550B58E"
"161 SILKSTONE ST","HUTTO","TX","78634-5687","TODD JOHNSON","122089","122089_LT_NA_CL_SALTCASH","122089_LT_NA_CL_SALTCASH","\\nas\Mail Files\Mailing Lists\01 January 2025\122089_LT_NA_CL_SALTCASH","\\nas\Mail Files\Mailing Lists\01 January 2025\122089_LT_NA_CL_SALTCASH\122089_LT_NA_CL_SALTCASH.csv","385","","0027120615943604805178634568761","2025-01-29T12:48:27.397324","2025-01-29T12:48:27.397324","\\nas\Mail Files\Mailing Lists\01 January 2025\122089_LT_NA_CL_SALTCASH\122089_LT_NA_CL_SALTCASH.csv","494","2025-01-29T12:48:27.397324","0","TX","0","\\nas\Mail Files\Mailing Lists\01 January 2025\122089_LT_NA_CL_SALTCASH\122089_LT_NA_CL_SALTCASH Qual.pdf","122089_LT_NA_CL_SALTCASH Qual.pdf","1738101405.2768292","false","2025-01-28T16:07:31","2025-01-28T16:05:40","122089_LT_NA_CL_SaltCash","122089_LT_NA_CL_SALTCASH","1","3","3","2","400","341","400","341","111","10","JK8CB0C0CFFA32AE4","JK8CB0C0CFFA32AE4-TKE028C224550B58E"
"308 ASHBY DR","HUTTO","TX","78634-4416","JOHN BEAUCHAMP","122089","122089_LT_NA_CL_SALTCASH","122089_LT_NA_CL_SALTCASH","\\nas\Mail Files\Mailing Lists\01 January 2025\122089_LT_NA_CL_SALTCASH","\\nas\Mail Files\Mailing Lists\01 January 2025\122089_LT_NA_CL_SALTCASH\122089_LT_NA_CL_SALTCASH.csv","386","","0027120615943604805278634441608","2025-01-29T12:48:27.397324","2025-01-29T12:48:27.397324","\\nas\Mail Files\Mailing Lists\01 January 2025\122089_LT_NA_CL_SALTCASH\122089_LT_NA_CL_SALTCASH.csv","494","2025-01-29T12:48:27.397324","0","TX","0","\\nas\Mail Files\Mailing Lists\01 January 2025\122089_LT_NA_CL_SALTCASH\122089_LT_NA_CL_SALTCASH Qual.pdf","122089_LT_NA_CL_SALTCASH Qual.pdf","1738101405.2768292","false","2025-01-28T16:07:31","2025-01-28T16:05:40","122089_LT_NA_CL_SaltCash","122089_LT_NA_CL_SALTCASH","1","3","3","2","400","341","400","341","111","10","JK8CB0C0CFFA32AE4","JK8CB0C0CFFA32AE4-TKE028C224550B58E"
"321 BIG SANDY CREEK DR","HUTTO","TX","78634-2246","JASMINE VIEN'AIME","122089","122089_LT_NA_CL_SALTCASH","122089_LT_NA_CL_SALTCASH","\\nas\Mail Files\Mailing Lists\01 January 2025\122089_LT_NA_CL_SALTCASH","\\nas\Mail Files\Mailing Lists\01 January 2025\122089_LT_NA_CL_SALTCASH\122089_LT_NA_CL_SALTCASH.csv","387","","0027120615943604805378634224621","2025-01-29T12:48:27.397324","2025-01-29T12:48:27.397324","\\nas\Mail Files\Mailing Lists\01 January 2025\122089_LT_NA_CL_SALTCASH\122089_LT_NA_CL_SALTCASH.csv","494","2025-01-29T12:48:27.397324","0","TX","0","\\nas\Mail Files\Mailing Lists\01 January 2025\122089_LT_NA_CL_SALTCASH\122089_LT_NA_CL_SALTCASH Qual.pdf","122089_LT_NA_CL_SALTCASH Qual.pdf","1738101405.2768292","false","2025-01-28T16:07:31","2025-01-28T16:05:40","122089_LT_NA_CL_SaltCash","122089_LT_NA_CL_SALTCASH","1","3","3","2","400","341","400","341","111","10","JK8CB0C0CFFA32AE4","JK8CB0C0CFFA32AE4-TKE028C224550B58E"
"1301 COUNTY ROAD 101","HUTTO","TX","78634-3349","NANCY BACON","122089","122089_LT_NA_CL_SALTCASH","122089_LT_NA_CL_SALTCASH","\\nas\Mail Files\Mailing Lists\01 January 2025\122089_LT_NA_CL_SALTCASH","\\nas\Mail Files\Mailing Lists\01 January 2025\122089_LT_NA_CL_SALTCASH\122089_LT_NA_CL_SALTCASH.csv","388","","0027120615943604805478634334901","2025-01-29T12:48:27.397324","2025-01-29T12:48:27.397324","\\nas\Mail Files\Mailing Lists\01 January 2025\122089_LT_NA_CL_SALTCASH\122089_LT_NA_CL_SALTCASH.csv","494","2025-01-29T12:48:27.397324","0","TX","0","\\nas\Mail Files\Mailing Lists\01 January 2025\122089_LT_NA_CL_SALTCASH\122089_LT_NA_CL_SALTCASH Qual.pdf","122089_LT_NA_CL_SALTCASH Qual.pdf","1738101405.2768292","false","2025-01-28T16:07:31","2025-01-28T16:05:40","122089_LT_NA_CL_SaltCash","122089_LT_NA_CL_SALTCASH","1","3","3","2","400","341","400","341","111","10","JK8CB0C0CFFA32AE4","JK8CB0C0CFFA32AE4-TKE028C224550B58E"
"105 TURVEY CV","HUTTO","TX","78634-5688","GLADYS MCKENNA","122089","122089_LT_NA_CL_SALTCASH","122089_LT_NA_CL_SALTCASH","\\nas\Mail Files\Mailing Lists\01 January 2025\122089_LT_NA_CL_SALTCASH","\\nas\Mail Files\Mailing Lists\01 January 2025\122089_LT_NA_CL_SALTCASH\122089_LT_NA_CL_SALTCASH.csv","389","","0027120615943604805578634568805","2025-01-29T12:48:27.397324","2025-01-29T12:48:27.397324","\\nas\Mail Files\Mailing Lists\01 January 2025\122089_LT_NA_CL_SALTCASH\122089_LT_NA_CL_SALTCASH.csv","494","2025-01-29T12:48:27.397324","0","TX","0","\\nas\Mail Files\Mailing Lists\01 January 2025\122089_LT_NA_CL_SALTCASH\122089_LT_NA_CL_SALTCASH Qual.pdf","122089_LT_NA_CL_SALTCASH Qual.pdf","1738101405.2768292","false","2025-01-28T16:07:31","2025-01-28T16:05:40","122089_LT_NA_CL_SaltCash","122089_LT_NA_CL_SALTCASH","1","3","3","2","400","341","400","341","111","10","JK8CB0C0CFFA32AE4","JK8CB0C0CFFA32AE4-TKE028C224550B58E"
"926 MAIN ST","HUTTO","TX","78634-2384","TAYLOR KEELER","122089","122089_LT_NA_CL_SALTCASH","122089_LT_NA_CL_SALTCASH","\\nas\Mail Files\Mailing Lists\01 January 2025\122089_LT_NA_CL_SALTCASH","\\nas\Mail Files\Mailing Lists\01 January 2025\122089_LT_NA_CL_SALTCASH\122089_LT_NA_CL_SALTCASH.csv","390","","0027120615943604805678634238426","2025-01-29T12:48:27.397324","2025-01-29T12:48:27.397324","\\nas\Mail Files\Mailing Lists\01 January 2025\122089_LT_NA_CL_SALTCASH\122089_LT_NA_CL_SALTCASH.csv","494","2025-01-29T12:48:27.397324","0","TX","0","\\nas\Mail Files\Mailing Lists\01 January 2025\122089_LT_NA_CL_SALTCASH\122089_LT_NA_CL_SALTCASH Qual.pdf","122089_LT_NA_CL_SALTCASH Qual.pdf","1738101405.2768292","false","2025-01-28T16:07:31","2025-01-28T16:05:40","122089_LT_NA_CL_SaltCash","122089_LT_NA_CL_SALTCASH","1","3","3","2","400","341","400","341","111","10","JK8CB0C0CFFA32AE4","JK8CB0C0CFFA32AE4-TKE028C224550B58E"
"206 SAINT MARYS DR","HUTTO","TX","78634-5220","BILLIE DAUGHERTY","122089","122089_LT_NA_CL_SALTCASH","122089_LT_NA_CL_SALTCASH","\\nas\Mail Files\Mailing Lists\01 January 2025\122089_LT_NA_CL_SALTCASH","\\nas\Mail Files\Mailing Lists\01 January 2025\122089_LT_NA_CL_SALTCASH\122089_LT_NA_CL_SALTCASH.csv","391","","0027120615943604805778634522006","2025-01-29T12:48:27.397324","2025-01-29T12:48:27.397324","\\nas\Mail Files\Mailing Lists\01 January 2025\122089_LT_NA_CL_SALTCASH\122089_LT_NA_CL_SALTCASH.csv","494","2025-01-29T12:48:27.397324","0","TX","0","\\nas\Mail Files\Mailing Lists\01 January 2025\122089_LT_NA_CL_SALTCASH\122089_LT_NA_CL_SALTCASH Qual.pdf","122089_LT_NA_CL_SALTCASH Qual.pdf","1738101405.2768292","false","2025-01-28T16:07:31","2025-01-28T16:05:40","122089_LT_NA_CL_SaltCash","122089_LT_NA_CL_SALTCASH","1","3","3","2","400","341","400","341","111","10","JK8CB0C0CFFA32AE4","JK8CB0C0CFFA32AE4-TKE028C224550B58E"
"1101 BLEWETT DR","HUTTO","TX","78634-5495","TIMOTHY HAYES","122089","122089_LT_NA_CL_SALTCASH","122089_LT_NA_CL_SALTCASH","\\nas\Mail Files\Mailing Lists\01 January 2025\122089_LT_NA_CL_SALTCASH","\\nas\Mail Files\Mailing Lists\01 January 2025\122089_LT_NA_CL_SALTCASH\122089_LT_NA_CL_SALTCASH.csv","392","","0027120615943604805878634549501","2025-01-29T12:48:27.397324","2025-01-29T12:48:27.397324","\\nas\Mail Files\Mailing Lists\01 January 2025\122089_LT_NA_CL_SALTCASH\122089_LT_NA_CL_SALTCASH.csv","494","2025-01-29T12:48:27.397324","0","TX","0","\\nas\Mail Files\Mailing Lists\01 January 2025\122089_LT_NA_CL_SALTCASH\122089_LT_NA_CL_SALTCASH Qual.pdf","122089_LT_NA_CL_SALTCASH Qual.pdf","1738101405.2768292","false","2025-01-28T16:07:31","2025-01-28T16:05:40","122089_LT_NA_CL_SaltCash","122089_LT_NA_CL_SALTCASH","1","3","3","2","400","341","400","341","111","10","JK8CB0C0CFFA32AE4","JK8CB0C0CFFA32AE4-TKE028C224550B58E"
"3071 COUNTY ROAD 100","HUTTO","TX","78634-3181","SALT SERVICE CO.","122089","122089_LT_NA_CL_SALTCASH","122089_LT_NA_CL_SALTCASH","\\nas\Mail Files\Mailing Lists\01 January 2025\122089_LT_NA_CL_SALTCASH","\\nas\Mail Files\Mailing Lists\01 January 2025\122089_LT_NA_CL_SALTCASH\122089_LT_NA_CL_SALTCASH.csv","393","","0027120615943604805978634318171","2025-01-29T12:48:27.397324","2025-01-29T12:48:27.397324","\\nas\Mail Files\Mailing Lists\01 January 2025\122089_LT_NA_CL_SALTCASH\122089_LT_NA_CL_SALTCASH.csv","494","2025-01-29T12:48:27.397324","0","TX","0","\\nas\Mail Files\Mailing Lists\01 January 2025\122089_LT_NA_CL_SALTCASH\122089_LT_NA_CL_SALTCASH Qual.pdf","122089_LT_NA_CL_SALTCASH Qual.pdf","1738101405.2768292","false","2025-01-28T16:07:31","2025-01-28T16:05:40","122089_LT_NA_CL_SaltCash","122089_LT_NA_CL_SALTCASH","1","3","3","2","400","341","400","341","111","10","JK8CB0C0CFFA32AE4","JK8CB0C0CFFA32AE4-TKE028C224550B58E"
"332 DURANGO DOWNS DR","HUTTO","TX","78634-2386","SHAWNA WILLS","122089","122089_LT_NA_CL_SALTCASH","122089_LT_NA_CL_SALTCASH","\\nas\Mail Files\Mailing Lists\01 January 2025\122089_LT_NA_CL_SALTCASH","\\nas\Mail Files\Mailing Lists\01 January 2025\122089_LT_NA_CL_SALTCASH\122089_LT_NA_CL_SALTCASH.csv","394","","0027120615943604806078634238632","2025-01-29T12:48:27.397324","2025-01-29T12:48:27.397324","\\nas\Mail Files\Mailing Lists\01 January 2025\122089_LT_NA_CL_SALTCASH\122089_LT_NA_CL_SALTCASH.csv","494","2025-01-29T12:48:27.397324","0","TX","0","\\nas\Mail Files\Mailing Lists\01 January 2025\122089_LT_NA_CL_SALTCASH\122089_LT_NA_CL_SALTCASH Qual.pdf","122089_LT_NA_CL_SALTCASH Qual.pdf","1738101405.2768292","false","2025-01-28T16:07:31","2025-01-28T16:05:40","122089_LT_NA_CL_SaltCash","122089_LT_NA_CL_SALTCASH","1","3","3","2","400","341","400","341","111","10","JK8CB0C0CFFA32AE4","JK8CB0C0CFFA32AE4-TKE028C224550B58E"
"101 LORYN DR","HUTTO","TX","78634-5082","LESLIE AND BROCK CLINE","122089","122089_LT_NA_CL_SALTCASH","122089_LT_NA_CL_SALTCASH","\\nas\Mail Files\Mailing Lists\01 January 2025\122089_LT_NA_CL_SALTCASH","\\nas\Mail Files\Mailing Lists\01 January 2025\122089_LT_NA_CL_SALTCASH\122089_LT_NA_CL_SALTCASH.csv","395","","0027120615943604806178634508201","2025-01-29T12:48:27.397324","2025-01-29T12:48:27.397324","\\nas\Mail Files\Mailing Lists\01 January 2025\122089_LT_NA_CL_SALTCASH\122089_LT_NA_CL_SALTCASH.csv","494","2025-01-29T12:48:27.397324","0","TX","0","\\nas\Mail Files\Mailing Lists\01 January 2025\122089_LT_NA_CL_SALTCASH\122089_LT_NA_CL_SALTCASH Qual.pdf","122089_LT_NA_CL_SALTCASH Qual.pdf","1738101405.2768292","false","2025-01-28T16:07:31","2025-01-28T16:05:40","122089_LT_NA_CL_SaltCash","122089_LT_NA_CL_SALTCASH","1","3","3","2","400","341","400","341","111","10","JK8CB0C0CFFA32AE4","JK8CB0C0CFFA32AE4-TKE028C224550B58E"
"1303 KNIPPA CV","HUTTO","TX","78634-5327","DAVID BOWLING","122089","122089_LT_NA_CL_SALTCASH","122089_LT_NA_CL_SALTCASH","\\nas\Mail Files\Mailing Lists\01 January 2025\122089_LT_NA_CL_SALTCASH","\\nas\Mail Files\Mailing Lists\01 January 2025\122089_LT_NA_CL_SALTCASH\122089_LT_NA_CL_SALTCASH.csv","396","","0027120615943604806278634532703","2025-01-29T12:48:27.397324","2025-01-29T12:48:27.397324","\\nas\Mail Files\Mailing Lists\01 January 2025\122089_LT_NA_CL_SALTCASH\122089_LT_NA_CL_SALTCASH.csv","494","2025-01-29T12:48:27.397324","0","TX","0","\\nas\Mail Files\Mailing Lists\01 January 2025\122089_LT_NA_CL_SALTCASH\122089_LT_NA_CL_SALTCASH Qual.pdf","122089_LT_NA_CL_SALTCASH Qual.pdf","1738101405.2768292","false","2025-01-28T16:07:31","2025-01-28T16:05:40","122089_LT_NA_CL_SaltCash","122089_LT_NA_CL_SALTCASH","1","3","3","2","400","341","400","341","111","10","JK8CB0C0CFFA32AE4","JK8CB0C0CFFA32AE4-TKE028C224550B58E"
"801 W MAJESTIC OAK LN","GEORGETOWN","TX","78633-2079","JEANNE GRIFFIN","122089","122089_LT_NA_CL_SALTCASH","122089_LT_NA_CL_SALTCASH","\\nas\Mail Files\Mailing Lists\01 January 2025\122089_LT_NA_CL_SALTCASH","\\nas\Mail Files\Mailing Lists\01 January 2025\122089_LT_NA_CL_SALTCASH\122089_LT_NA_CL_SALTCASH.csv","397","","0027120615943604806378633207901","2025-01-29T12:48:27.397324","2025-01-29T12:48:27.397324","\\nas\Mail Files\Mailing Lists\01 January 2025\122089_LT_NA_CL_SALTCASH\122089_LT_NA_CL_SALTCASH.csv","494","2025-01-29T12:48:27.397324","0","TX","0","\\nas\Mail Files\Mailing Lists\01 January 2025\122089_LT_NA_CL_SALTCASH\122089_LT_NA_CL_SALTCASH Qual.pdf","122089_LT_NA_CL_SALTCASH Qual.pdf","1738101405.2768292","false","2025-01-28T16:07:31","2025-01-28T16:05:40","122089_LT_NA_CL_SaltCash","122089_LT_NA_CL_SALTCASH","1","3","3","2","400","341","400","341","111","10","JK8CB0C0CFFA32AE4","JK8CB0C0CFFA32AE4-TKE028C224550B58E"
"4009 FOUNTAINWOOD CIR","GEORGETOWN","TX","78633-1946","JASON GROOMS","122089","122089_LT_NA_CL_SALTCASH","122089_LT_NA_CL_SALTCASH","\\nas\Mail Files\Mailing Lists\01 January 2025\122089_LT_NA_CL_SALTCASH","\\nas\Mail Files\Mailing Lists\01 January 2025\122089_LT_NA_CL_SALTCASH\122089_LT_NA_CL_SALTCASH.csv","398","","0027120615943604806478633194609","2025-01-29T12:48:27.397324","2025-01-29T12:48:27.397324","\\nas\Mail Files\Mailing Lists\01 January 2025\122089_LT_NA_CL_SALTCASH\122089_LT_NA_CL_SALTCASH.csv","494","2025-01-29T12:48:27.397324","0","TX","0","\\nas\Mail Files\Mailing Lists\01 January 2025\122089_LT_NA_CL_SALTCASH\122089_LT_NA_CL_SALTCASH Qual.pdf","122089_LT_NA_CL_SALTCASH Qual.pdf","1738101405.2768292","false","2025-01-28T16:07:31","2025-01-28T16:05:40","122089_LT_NA_CL_SaltCash","122089_LT_NA_CL_SALTCASH","1","3","3","2","400","341","400","341","111","10","JK8CB0C0CFFA32AE4","JK8CB0C0CFFA32AE4-TKE028C224550B58E"
"216 DUCK CREEK LN","GEORGETOWN","TX","78633-4114","CINDY GALLIEN","122089","122089_LT_NA_CL_SALTCASH","122089_LT_NA_CL_SALTCASH","\\nas\Mail Files\Mailing Lists\01 January 2025\122089_LT_NA_CL_SALTCASH","\\nas\Mail Files\Mailing Lists\01 January 2025\122089_LT_NA_CL_SALTCASH\122089_LT_NA_CL_SALTCASH.csv","399","","0027120615943604806578633411416","2025-01-29T12:48:27.397324","2025-01-29T12:48:27.397324","\\nas\Mail Files\Mailing Lists\01 January 2025\122089_LT_NA_CL_SALTCASH\122089_LT_NA_CL_SALTCASH.csv","494","2025-01-29T12:48:27.397324","0","TX","0","\\nas\Mail Files\Mailing Lists\01 January 2025\122089_LT_NA_CL_SALTCASH\122089_LT_NA_CL_SALTCASH Qual.pdf","122089_LT_NA_CL_SALTCASH Qual.pdf","1738101405.2768292","false","2025-01-28T16:07:31","2025-01-28T16:05:40","122089_LT_NA_CL_SaltCash","122089_LT_NA_CL_SALTCASH","1","3","3","2","400","341","400","341","111","10","JK8CB0C0CFFA32AE4","JK8CB0C0CFFA32AE4-TKE028C224550B58E"
"223 NAVAJO TRL","GEORGETOWN","TX","78633-9450","BILL SORENSEN","122089","122089_LT_NA_CL_SALTCASH","122089_LT_NA_CL_SALTCASH","\\nas\Mail Files\Mailing Lists\01 January 2025\122089_LT_NA_CL_SALTCASH","\\nas\Mail Files\Mailing Lists\01 January 2025\122089_LT_NA_CL_SALTCASH\122089_LT_NA_CL_SALTCASH.csv","400","","0027120615943604806678633945023","2025-01-29T12:48:27.397324","2025-01-29T12:48:27.397324","\\nas\Mail Files\Mailing Lists\01 January 2025\122089_LT_NA_CL_SALTCASH\122089_LT_NA_CL_SALTCASH.csv","494","2025-01-29T12:48:27.397324","0","TX","0","\\nas\Mail Files\Mailing Lists\01 January 2025\122089_LT_NA_CL_SALTCASH\122089_LT_NA_CL_SALTCASH Qual.pdf","122089_LT_NA_CL_SALTCASH Qual.pdf","1738101405.2768292","false","2025-01-28T16:07:31","2025-01-28T16:05:40","122089_LT_NA_CL_SaltCash","122089_LT_NA_CL_SALTCASH","1","3","3","2","400","341","400","341","111","10","JK8CB0C0CFFA32AE4","JK8CB0C0CFFA32AE4-TKE028C224550B58E"
"406 SADDLEBRED LN","GEORGETOWN","TX","78633-2337","BARBARA BERGIN","122089","122089_LT_NA_CL_SALTCASH","122089_LT_NA_CL_SALTCASH","\\nas\Mail Files\Mailing Lists\01 January 2025\122089_LT_NA_CL_SALTCASH","\\nas\Mail Files\Mailing Lists\01 January 2025\122089_LT_NA_CL_SALTCASH\122089_LT_NA_CL_SALTCASH.csv","401","","0027120615943604806778633233706","2025-01-29T12:48:27.397324","2025-01-29T12:48:27.397324","\\nas\Mail Files\Mailing Lists\01 January 2025\122089_LT_NA_CL_SALTCASH\122089_LT_NA_CL_SALTCASH.csv","494","2025-01-29T12:48:27.397324","0","TX","0","\\nas\Mail Files\Mailing Lists\01 January 2025\122089_LT_NA_CL_SALTCASH\122089_LT_NA_CL_SALTCASH Qual.pdf","122089_LT_NA_CL_SALTCASH Qual.pdf","1738101405.2768292","false","2025-01-28T16:07:31","2025-01-28T16:05:40","122089_LT_NA_CL_SaltCash","122089_LT_NA_CL_SALTCASH","1","3","3","2","400","341","400","341","111","10","JK8CB0C0CFFA32AE4","JK8CB0C0CFFA32AE4-TKE028C224550B58E"
"300 SOMERSET HILLS DR","GEORGETOWN","TX","78633-2168","JAMES LAPEROUSE","122089","122089_LT_NA_CL_SALTCASH","122089_LT_NA_CL_SALTCASH","\\nas\Mail Files\Mailing Lists\01 January 2025\122089_LT_NA_CL_SALTCASH","\\nas\Mail Files\Mailing Lists\01 January 2025\122089_LT_NA_CL_SALTCASH\122089_LT_NA_CL_SALTCASH.csv","402","","0027120615943604806878633216800","2025-01-29T12:48:27.397324","2025-01-29T12:48:27.397324","\\nas\Mail Files\Mailing Lists\01 January 2025\122089_LT_NA_CL_SALTCASH\122089_LT_NA_CL_SALTCASH.csv","494","2025-01-29T12:48:27.397324","0","TX","0","\\nas\Mail Files\Mailing Lists\01 January 2025\122089_LT_NA_CL_SALTCASH\122089_LT_NA_CL_SALTCASH Qual.pdf","122089_LT_NA_CL_SALTCASH Qual.pdf","1738101405.2768292","false","2025-01-28T16:07:31","2025-01-28T16:05:40","122089_LT_NA_CL_SaltCash","122089_LT_NA_CL_SALTCASH","1","3","3","2","400","341","400","341","111","10","JK8CB0C0CFFA32AE4","JK8CB0C0CFFA32AE4-TKE028C224550B58E"
"509 MARTIN CREEK LN","GEORGETOWN","TX","78633-2087","GERALD LOVEDAHL","122089","122089_LT_NA_CL_SALTCASH","122089_LT_NA_CL_SALTCASH","\\nas\Mail Files\Mailing Lists\01 January 2025\122089_LT_NA_CL_SALTCASH","\\nas\Mail Files\Mailing Lists\01 January 2025\122089_LT_NA_CL_SALTCASH\122089_LT_NA_CL_SALTCASH.csv","403","","0027120615943604806978633208709","2025-01-29T12:48:27.397324","2025-01-29T12:48:27.397324","\\nas\Mail Files\Mailing Lists\01 January 2025\122089_LT_NA_CL_SALTCASH\122089_LT_NA_CL_SALTCASH.csv","494","2025-01-29T12:48:27.397324","0","TX","0","\\nas\Mail Files\Mailing Lists\01 January 2025\122089_LT_NA_CL_SALTCASH\122089_LT_NA_CL_SALTCASH Qual.pdf","122089_LT_NA_CL_SALTCASH Qual.pdf","1738101405.2768292","false","2025-01-28T16:07:31","2025-01-28T16:05:40","122089_LT_NA_CL_SaltCash","122089_LT_NA_CL_SALTCASH","1","3","3","2","400","341","400","341","111","10","JK8CB0C0CFFA32AE4","JK8CB0C0CFFA32AE4-TKE028C224550B58E"
"205 RIVER ROCK DR","GEORGETOWN","TX","78633-5214","SUSAN COTTRELL","122089","122089_LT_NA_CL_SALTCASH","122089_LT_NA_CL_SALTCASH","\\nas\Mail Files\Mailing Lists\01 January 2025\122089_LT_NA_CL_SALTCASH","\\nas\Mail Files\Mailing Lists\01 January 2025\122089_LT_NA_CL_SALTCASH\122089_LT_NA_CL_SALTCASH.csv","404","","0027120615943604807078633521405","2025-01-29T12:48:27.397324","2025-01-29T12:48:27.397324","\\nas\Mail Files\Mailing Lists\01 January 2025\122089_LT_NA_CL_SALTCASH\122089_LT_NA_CL_SALTCASH.csv","494","2025-01-29T12:48:27.397324","0","TX","0","\\nas\Mail Files\Mailing Lists\01 January 2025\122089_LT_NA_CL_SALTCASH\122089_LT_NA_CL_SALTCASH Qual.pdf","122089_LT_NA_CL_SALTCASH Qual.pdf","1738101405.2768292","false","2025-01-28T16:07:31","2025-01-28T16:05:40","122089_LT_NA_CL_SaltCash","122089_LT_NA_CL_SALTCASH","1","3","3","2","400","341","400","341","111","10","JK8CB0C0CFFA32AE4","JK8CB0C0CFFA32AE4-TKE028C224550B58E"
"108 COPPER LEAF CT","GEORGETOWN","TX","78633-5621","ROBERT ""DON"" LADNER","122089","122089_LT_NA_CL_SALTCASH","122089_LT_NA_CL_SALTCASH","\\nas\Mail Files\Mailing Lists\01 January 2025\122089_LT_NA_CL_SALTCASH","\\nas\Mail Files\Mailing Lists\01 January 2025\122089_LT_NA_CL_SALTCASH\122089_LT_NA_CL_SALTCASH.csv","405","","0027120615943604807178633562108","2025-01-29T12:48:27.397324","2025-01-29T12:48:27.397324","\\nas\Mail Files\Mailing Lists\01 January 2025\122089_LT_NA_CL_SALTCASH\122089_LT_NA_CL_SALTCASH.csv","494","2025-01-29T12:48:27.397324","0","TX","0","\\nas\Mail Files\Mailing Lists\01 January 2025\122089_LT_NA_CL_SALTCASH\122089_LT_NA_CL_SALTCASH Qual.pdf","122089_LT_NA_CL_SALTCASH Qual.pdf","1738101405.2768292","false","2025-01-28T16:07:31","2025-01-28T16:05:40","122089_LT_NA_CL_SaltCash","122089_LT_NA_CL_SALTCASH","1","3","3","2","400","341","400","341","111","10","JK8CB0C0CFFA32AE4","JK8CB0C0CFFA32AE4-TKE028C224550B58E"
"102 LAUREN LN","GEORGETOWN","TX","78633-1904","PHIL MCNEELY","122089","122089_LT_NA_CL_SALTCASH","122089_LT_NA_CL_SALTCASH","\\nas\Mail Files\Mailing Lists\01 January 2025\122089_LT_NA_CL_SALTCASH","\\nas\Mail Files\Mailing Lists\01 January 2025\122089_LT_NA_CL_SALTCASH\122089_LT_NA_CL_SALTCASH.csv","406","","0027120615943604807278633190402","2025-01-29T12:48:27.397324","2025-01-29T12:48:27.397324","\\nas\Mail Files\Mailing Lists\01 January 2025\122089_LT_NA_CL_SALTCASH\122089_LT_NA_CL_SALTCASH.csv","494","2025-01-29T12:48:27.397324","0","TX","0","\\nas\Mail Files\Mailing Lists\01 January 2025\122089_LT_NA_CL_SALTCASH\122089_LT_NA_CL_SALTCASH Qual.pdf","122089_LT_NA_CL_SALTCASH Qual.pdf","1738101405.2768292","false","2025-01-28T16:07:31","2025-01-28T16:05:40","122089_LT_NA_CL_SaltCash","122089_LT_NA_CL_SALTCASH","1","3","3","2","400","341","400","341","111","10","JK8CB0C0CFFA32AE4","JK8CB0C0CFFA32AE4-TKE028C224550B58E"
"135 OAKLAND RD","GEORGETOWN","TX","78633-9510","GREG DUNLOP","122089","122089_LT_NA_CL_SALTCASH","122089_LT_NA_CL_SALTCASH","\\nas\Mail Files\Mailing Lists\01 January 2025\122089_LT_NA_CL_SALTCASH","\\nas\Mail Files\Mailing Lists\01 January 2025\122089_LT_NA_CL_SALTCASH\122089_LT_NA_CL_SALTCASH.csv","407","","0027120615943604807378633951035","2025-01-29T12:48:27.397324","2025-01-29T12:48:27.397324","\\nas\Mail Files\Mailing Lists\01 January 2025\122089_LT_NA_CL_SALTCASH\122089_LT_NA_CL_SALTCASH.csv","494","2025-01-29T12:48:27.397324","0","TX","0","\\nas\Mail Files\Mailing Lists\01 January 2025\122089_LT_NA_CL_SALTCASH\122089_LT_NA_CL_SALTCASH Qual.pdf","122089_LT_NA_CL_SALTCASH Qual.pdf","1738101405.2768292","false","2025-01-28T16:07:31","2025-01-28T16:05:40","122089_LT_NA_CL_SaltCash","122089_LT_NA_CL_SALTCASH","1","3","3","2","400","341","400","341","111","10","JK8CB0C0CFFA32AE4","JK8CB0C0CFFA32AE4-TKE028C224550B58E"
"817 OLIVE CREEK DR","GEORGETOWN","TX","78633-2180","NANCY WRIGHT","122089","122089_LT_NA_CL_SALTCASH","122089_LT_NA_CL_SALTCASH","\\nas\Mail Files\Mailing Lists\01 January 2025\122089_LT_NA_CL_SALTCASH","\\nas\Mail Files\Mailing Lists\01 January 2025\122089_LT_NA_CL_SALTCASH\122089_LT_NA_CL_SALTCASH.csv","408","","0027120615943604807478633218017","2025-01-29T12:48:27.397324","2025-01-29T12:48:27.397324","\\nas\Mail Files\Mailing Lists\01 January 2025\122089_LT_NA_CL_SALTCASH\122089_LT_NA_CL_SALTCASH.csv","494","2025-01-29T12:48:27.397324","0","TX","0","\\nas\Mail Files\Mailing Lists\01 January 2025\122089_LT_NA_CL_SALTCASH\122089_LT_NA_CL_SALTCASH Qual.pdf","122089_LT_NA_CL_SALTCASH Qual.pdf","1738101405.2768292","false","2025-01-28T16:07:31","2025-01-28T16:05:40","122089_LT_NA_CL_SaltCash","122089_LT_NA_CL_SALTCASH","1","3","3","2","400","341","400","341","111","10","JK8CB0C0CFFA32AE4","JK8CB0C0CFFA32AE4-TKE028C224550B58E"
"283 WHISPERING WIND DR","GEORGETOWN","TX","78633-4703","RON HODUSKI","122089","122089_LT_NA_CL_SALTCASH","122089_LT_NA_CL_SALTCASH","\\nas\Mail Files\Mailing Lists\01 January 2025\122089_LT_NA_CL_SALTCASH","\\nas\Mail Files\Mailing Lists\01 January 2025\122089_LT_NA_CL_SALTCASH\122089_LT_NA_CL_SALTCASH.csv","409","","0027120615943604807578633470383","2025-01-29T12:48:27.397324","2025-01-29T12:48:27.397324","\\nas\Mail Files\Mailing Lists\01 January 2025\122089_LT_NA_CL_SALTCASH\122089_LT_NA_CL_SALTCASH.csv","494","2025-01-29T12:48:27.397324","0","TX","0","\\nas\Mail Files\Mailing Lists\01 January 2025\122089_LT_NA_CL_SALTCASH\122089_LT_NA_CL_SALTCASH Qual.pdf","122089_LT_NA_CL_SALTCASH Qual.pdf","1738101405.2768292","false","2025-01-28T16:07:31","2025-01-28T16:05:40","122089_LT_NA_CL_SaltCash","122089_LT_NA_CL_SALTCASH","1","3","3","2","400","341","400","341","111","10","JK8CB0C0CFFA32AE4","JK8CB0C0CFFA32AE4-TKE028C224550B58E"
"309 BONHAM LOOP","GEORGETOWN","TX","78633-5034","GAIL SULLIVAN","122089","122089_LT_NA_CL_SALTCASH","122089_LT_NA_CL_SALTCASH","\\nas\Mail Files\Mailing Lists\01 January 2025\122089_LT_NA_CL_SALTCASH","\\nas\Mail Files\Mailing Lists\01 January 2025\122089_LT_NA_CL_SALTCASH\122089_LT_NA_CL_SALTCASH.csv","410","","0027120615943604807678633503409","2025-01-29T12:48:27.397324","2025-01-29T12:48:27.397324","\\nas\Mail Files\Mailing Lists\01 January 2025\122089_LT_NA_CL_SALTCASH\122089_LT_NA_CL_SALTCASH.csv","494","2025-01-29T12:48:27.397324","0","TX","0","\\nas\Mail Files\Mailing Lists\01 January 2025\122089_LT_NA_CL_SALTCASH\122089_LT_NA_CL_SALTCASH Qual.pdf","122089_LT_NA_CL_SALTCASH Qual.pdf","1738101405.2768292","false","2025-01-28T16:07:31","2025-01-28T16:05:40","122089_LT_NA_CL_SaltCash","122089_LT_NA_CL_SALTCASH","1","3","3","2","400","341","400","341","111","10","JK8CB0C0CFFA32AE4","JK8CB0C0CFFA32AE4-TKE028C224550B58E"
"803 LOST MAPLES TRL","GEORGETOWN","TX","78633-5363","BRIAN HUBER","122089","122089_LT_NA_CL_SALTCASH","122089_LT_NA_CL_SALTCASH","\\nas\Mail Files\Mailing Lists\01 January 2025\122089_LT_NA_CL_SALTCASH","\\nas\Mail Files\Mailing Lists\01 January 2025\122089_LT_NA_CL_SALTCASH\122089_LT_NA_CL_SALTCASH.csv","411","","0027120615943604807778633536303","2025-01-29T12:48:27.397324","2025-01-29T12:48:27.397324","\\nas\Mail Files\Mailing Lists\01 January 2025\122089_LT_NA_CL_SALTCASH\122089_LT_NA_CL_SALTCASH.csv","494","2025-01-29T12:48:27.397324","0","TX","0","\\nas\Mail Files\Mailing Lists\01 January 2025\122089_LT_NA_CL_SALTCASH\122089_LT_NA_CL_SALTCASH Qual.pdf","122089_LT_NA_CL_SALTCASH Qual.pdf","1738101405.2768292","false","2025-01-28T16:07:31","2025-01-28T16:05:40","122089_LT_NA_CL_SaltCash","122089_LT_NA_CL_SALTCASH","1","3","3","2","400","341","400","341","111","10","JK8CB0C0CFFA32AE4","JK8CB0C0CFFA32AE4-TKE028C224550B58E"
"329 BELTORRE DR","GEORGETOWN","TX","78633-4643","LARRY DALE CONNER","122089","122089_LT_NA_CL_SALTCASH","122089_LT_NA_CL_SALTCASH","\\nas\Mail Files\Mailing Lists\01 January 2025\122089_LT_NA_CL_SALTCASH","\\nas\Mail Files\Mailing Lists\01 January 2025\122089_LT_NA_CL_SALTCASH\122089_LT_NA_CL_SALTCASH.csv","412","","0027120615943604807878633464329","2025-01-29T12:48:27.397324","2025-01-29T12:48:27.397324","\\nas\Mail Files\Mailing Lists\01 January 2025\122089_LT_NA_CL_SALTCASH\122089_LT_NA_CL_SALTCASH.csv","494","2025-01-29T12:48:27.397324","0","TX","0","\\nas\Mail Files\Mailing Lists\01 January 2025\122089_LT_NA_CL_SALTCASH\122089_LT_NA_CL_SALTCASH Qual.pdf","122089_LT_NA_CL_SALTCASH Qual.pdf","1738101405.2768292","false","2025-01-28T16:07:31","2025-01-28T16:05:40","122089_LT_NA_CL_SaltCash","122089_LT_NA_CL_SALTCASH","1","3","3","2","400","341","400","341","111","10","JK8CB0C0CFFA32AE4","JK8CB0C0CFFA32AE4-TKE028C224550B58E"
"127 ENCHANTED DR","GEORGETOWN","TX","78633-4535","RANDALL ROACH","122089","122089_LT_NA_CL_SALTCASH","122089_LT_NA_CL_SALTCASH","\\nas\Mail Files\Mailing Lists\01 January 2025\122089_LT_NA_CL_SALTCASH","\\nas\Mail Files\Mailing Lists\01 January 2025\122089_LT_NA_CL_SALTCASH\122089_LT_NA_CL_SALTCASH.csv","413","","0027120615943604807978633453527","2025-01-29T12:48:27.397324","2025-01-29T12:48:27.397324","\\nas\Mail Files\Mailing Lists\01 January 2025\122089_LT_NA_CL_SALTCASH\122089_LT_NA_CL_SALTCASH.csv","494","2025-01-29T12:48:27.397324","0","TX","0","\\nas\Mail Files\Mailing Lists\01 January 2025\122089_LT_NA_CL_SALTCASH\122089_LT_NA_CL_SALTCASH Qual.pdf","122089_LT_NA_CL_SALTCASH Qual.pdf","1738101405.2768292","false","2025-01-28T16:07:31","2025-01-28T16:05:40","122089_LT_NA_CL_SaltCash","122089_LT_NA_CL_SALTCASH","1","3","3","2","400","341","400","341","111","10","JK8CB0C0CFFA32AE4","JK8CB0C0CFFA32AE4-TKE028C224550B58E"
"410 WESTBURY LN","GEORGETOWN","TX","78633-4464","SHANNA DOWNS","122089","122089_LT_NA_CL_SALTCASH","122089_LT_NA_CL_SALTCASH","\\nas\Mail Files\Mailing Lists\01 January 2025\122089_LT_NA_CL_SALTCASH","\\nas\Mail Files\Mailing Lists\01 January 2025\122089_LT_NA_CL_SALTCASH\122089_LT_NA_CL_SALTCASH.csv","414","","0027120615943604808078633446410","2025-01-29T12:48:27.397324","2025-01-29T12:48:27.397324","\\nas\Mail Files\Mailing Lists\01 January 2025\122089_LT_NA_CL_SALTCASH\122089_LT_NA_CL_SALTCASH.csv","494","2025-01-29T12:48:27.397324","0","TX","0","\\nas\Mail Files\Mailing Lists\01 January 2025\122089_LT_NA_CL_SALTCASH\122089_LT_NA_CL_SALTCASH Qual.pdf","122089_LT_NA_CL_SALTCASH Qual.pdf","1738101405.2768292","false","2025-01-28T16:07:31","2025-01-28T16:05:40","122089_LT_NA_CL_SaltCash","122089_LT_NA_CL_SALTCASH","1","3","3","2","400","341","400","341","111","10","JK8CB0C0CFFA32AE4","JK8CB0C0CFFA32AE4-TKE028C224550B58E"
"209 ALLEN CIR","GEORGETOWN","TX","78633-1938","JERRY FIGURES","122089","122089_LT_NA_CL_SALTCASH","122089_LT_NA_CL_SALTCASH","\\nas\Mail Files\Mailing Lists\01 January 2025\122089_LT_NA_CL_SALTCASH","\\nas\Mail Files\Mailing Lists\01 January 2025\122089_LT_NA_CL_SALTCASH\122089_LT_NA_CL_SALTCASH.csv","415","","0027120615943604808178633193809","2025-01-29T12:48:27.397324","2025-01-29T12:48:27.397324","\\nas\Mail Files\Mailing Lists\01 January 2025\122089_LT_NA_CL_SALTCASH\122089_LT_NA_CL_SALTCASH.csv","494","2025-01-29T12:48:27.397324","0","TX","0","\\nas\Mail Files\Mailing Lists\01 January 2025\122089_LT_NA_CL_SALTCASH\122089_LT_NA_CL_SALTCASH Qual.pdf","122089_LT_NA_CL_SALTCASH Qual.pdf","1738101405.2768292","false","2025-01-28T16:07:31","2025-01-28T16:05:40","122089_LT_NA_CL_SaltCash","122089_LT_NA_CL_SALTCASH","1","3","3","2","400","341","400","341","111","10","JK8CB0C0CFFA32AE4","JK8CB0C0CFFA32AE4-TKE028C224550B58E"
"101 MARBELLA WAY","GEORGETOWN","TX","78633-4636","DEBBIE AND DAVID GARDNER","122089","122089_LT_NA_CL_SALTCASH","122089_LT_NA_CL_SALTCASH","\\nas\Mail Files\Mailing Lists\01 January 2025\122089_LT_NA_CL_SALTCASH","\\nas\Mail Files\Mailing Lists\01 January 2025\122089_LT_NA_CL_SALTCASH\122089_LT_NA_CL_SALTCASH.csv","416","","0027120615943604808278633463601","2025-01-29T12:48:27.397324","2025-01-29T12:48:27.397324","\\nas\Mail Files\Mailing Lists\01 January 2025\122089_LT_NA_CL_SALTCASH\122089_LT_NA_CL_SALTCASH.csv","494","2025-01-29T12:48:27.397324","0","TX","0","\\nas\Mail Files\Mailing Lists\01 January 2025\122089_LT_NA_CL_SALTCASH\122089_LT_NA_CL_SALTCASH Qual.pdf","122089_LT_NA_CL_SALTCASH Qual.pdf","1738101405.2768292","false","2025-01-28T16:07:31","2025-01-28T16:05:40","122089_LT_NA_CL_SaltCash","122089_LT_NA_CL_SALTCASH","1","3","3","2","400","341","400","341","111","10","JK8CB0C0CFFA32AE4","JK8CB0C0CFFA32AE4-TKE028C224550B58E"
"213 RIVER ROCK DR","GEORGETOWN","TX","78633-5214","MARITA GOYETTE","122089","122089_LT_NA_CL_SALTCASH","122089_LT_NA_CL_SALTCASH","\\nas\Mail Files\Mailing Lists\01 January 2025\122089_LT_NA_CL_SALTCASH","\\nas\Mail Files\Mailing Lists\01 January 2025\122089_LT_NA_CL_SALTCASH\122089_LT_NA_CL_SALTCASH.csv","417","","0027120615943604808378633521413","2025-01-29T12:48:27.397324","2025-01-29T12:48:27.397324","\\nas\Mail Files\Mailing Lists\01 January 2025\122089_LT_NA_CL_SALTCASH\122089_LT_NA_CL_SALTCASH.csv","494","2025-01-29T12:48:27.397324","0","TX","0","\\nas\Mail Files\Mailing Lists\01 January 2025\122089_LT_NA_CL_SALTCASH\122089_LT_NA_CL_SALTCASH Qual.pdf","122089_LT_NA_CL_SALTCASH Qual.pdf","1738101405.2768292","false","2025-01-28T16:07:31","2025-01-28T16:05:40","122089_LT_NA_CL_SaltCash","122089_LT_NA_CL_SALTCASH","1","3","3","2","400","341","400","341","111","10","JK8CB0C0CFFA32AE4","JK8CB0C0CFFA32AE4-TKE028C224550B58E"
"232 FAIRWAY RIDGE RD","GEORGETOWN","TX","78633-4683","KC WILLIAMS","122089","122089_LT_NA_CL_SALTCASH","122089_LT_NA_CL_SALTCASH","\\nas\Mail Files\Mailing Lists\01 January 2025\122089_LT_NA_CL_SALTCASH","\\nas\Mail Files\Mailing Lists\01 January 2025\122089_LT_NA_CL_SALTCASH\122089_LT_NA_CL_SALTCASH.csv","418","","0027120615943604808478633468332","2025-01-29T12:48:27.397324","2025-01-29T12:48:27.397324","\\nas\Mail Files\Mailing Lists\01 January 2025\122089_LT_NA_CL_SALTCASH\122089_LT_NA_CL_SALTCASH.csv","494","2025-01-29T12:48:27.397324","0","TX","0","\\nas\Mail Files\Mailing Lists\01 January 2025\122089_LT_NA_CL_SALTCASH\122089_LT_NA_CL_SALTCASH Qual.pdf","122089_LT_NA_CL_SALTCASH Qual.pdf","1738101405.2768292","false","2025-01-28T16:07:31","2025-01-28T16:05:40","122089_LT_NA_CL_SaltCash","122089_LT_NA_CL_SALTCASH","1","3","3","2","400","341","400","341","111","10","JK8CB0C0CFFA32AE4","JK8CB0C0CFFA32AE4-TKE028C224550B58E"
"805 CIMARRON HILLS TRL W","GEORGETOWN","TX","78628-6946","NICK BARE","122089","122089_LT_NA_CL_SALTCASH","122089_LT_NA_CL_SALTCASH","\\nas\Mail Files\Mailing Lists\01 January 2025\122089_LT_NA_CL_SALTCASH","\\nas\Mail Files\Mailing Lists\01 January 2025\122089_LT_NA_CL_SALTCASH\122089_LT_NA_CL_SALTCASH.csv","419","","0027120615943604808578628694605","2025-01-29T12:48:27.397324","2025-01-29T12:48:27.397324","\\nas\Mail Files\Mailing Lists\01 January 2025\122089_LT_NA_CL_SALTCASH\122089_LT_NA_CL_SALTCASH.csv","494","2025-01-29T12:48:27.397324","0","TX","0","\\nas\Mail Files\Mailing Lists\01 January 2025\122089_LT_NA_CL_SALTCASH\122089_LT_NA_CL_SALTCASH Qual.pdf","122089_LT_NA_CL_SALTCASH Qual.pdf","1738101405.2768292","false","2025-01-28T16:07:31","2025-01-28T16:05:40","122089_LT_NA_CL_SaltCash","122089_LT_NA_CL_SALTCASH","1","3","3","2","400","341","400","341","111","10","JK8CB0C0CFFA32AE4","JK8CB0C0CFFA32AE4-TKE028C224550B58E"
"821 GLORIETTA LN","GEORGETOWN","TX","78628-2136","BEN JOHNSTON","122089","122089_LT_NA_CL_SALTCASH","122089_LT_NA_CL_SALTCASH","\\nas\Mail Files\Mailing Lists\01 January 2025\122089_LT_NA_CL_SALTCASH","\\nas\Mail Files\Mailing Lists\01 January 2025\122089_LT_NA_CL_SALTCASH\122089_LT_NA_CL_SALTCASH.csv","420","","0027120615943604808678628213621","2025-01-29T12:48:27.397324","2025-01-29T12:48:27.397324","\\nas\Mail Files\Mailing Lists\01 January 2025\122089_LT_NA_CL_SALTCASH\122089_LT_NA_CL_SALTCASH.csv","494","2025-01-29T12:48:27.397324","0","TX","0","\\nas\Mail Files\Mailing Lists\01 January 2025\122089_LT_NA_CL_SALTCASH\122089_LT_NA_CL_SALTCASH Qual.pdf","122089_LT_NA_CL_SALTCASH Qual.pdf","1738101405.2768292","false","2025-01-28T16:07:31","2025-01-28T16:05:40","122089_LT_NA_CL_SaltCash","122089_LT_NA_CL_SALTCASH","1","3","3","2","400","341","400","341","111","10","JK8CB0C0CFFA32AE4","JK8CB0C0CFFA32AE4-TKE028C224550B58E"
"2713 SPRINGWOOD LN","GEORGETOWN","TX","78628-2791","ROBIN AGIUS","122089","122089_LT_NA_CL_SALTCASH","122089_LT_NA_CL_SALTCASH","\\nas\Mail Files\Mailing Lists\01 January 2025\122089_LT_NA_CL_SALTCASH","\\nas\Mail Files\Mailing Lists\01 January 2025\122089_LT_NA_CL_SALTCASH\122089_LT_NA_CL_SALTCASH.csv","421","","0027120615943604808778628279113","2025-01-29T12:48:27.397324","2025-01-29T12:48:27.397324","\\nas\Mail Files\Mailing Lists\01 January 2025\122089_LT_NA_CL_SALTCASH\122089_LT_NA_CL_SALTCASH.csv","494","2025-01-29T12:48:27.397324","0","TX","0","\\nas\Mail Files\Mailing Lists\01 January 2025\122089_LT_NA_CL_SALTCASH\122089_LT_NA_CL_SALTCASH Qual.pdf","122089_LT_NA_CL_SALTCASH Qual.pdf","1738101405.2768292","false","2025-01-28T16:07:31","2025-01-28T16:05:40","122089_LT_NA_CL_SaltCash","122089_LT_NA_CL_SALTCASH","1","3","3","2","400","341","400","341","111","10","JK8CB0C0CFFA32AE4","JK8CB0C0CFFA32AE4-TKE028C224550B58E"
"4040 MERCER RD","GEORGETOWN","TX","78628-2141","ARWEN NUANEZ","122089","122089_LT_NA_CL_SALTCASH","122089_LT_NA_CL_SALTCASH","\\nas\Mail Files\Mailing Lists\01 January 2025\122089_LT_NA_CL_SALTCASH","\\nas\Mail Files\Mailing Lists\01 January 2025\122089_LT_NA_CL_SALTCASH\122089_LT_NA_CL_SALTCASH.csv","422","","0027120615943604808878628214140","2025-01-29T12:48:27.397324","2025-01-29T12:48:27.397324","\\nas\Mail Files\Mailing Lists\01 January 2025\122089_LT_NA_CL_SALTCASH\122089_LT_NA_CL_SALTCASH.csv","494","2025-01-29T12:48:27.397324","0","TX","0","\\nas\Mail Files\Mailing Lists\01 January 2025\122089_LT_NA_CL_SALTCASH\122089_LT_NA_CL_SALTCASH Qual.pdf","122089_LT_NA_CL_SALTCASH Qual.pdf","1738101405.2768292","false","2025-01-28T16:07:31","2025-01-28T16:05:40","122089_LT_NA_CL_SaltCash","122089_LT_NA_CL_SALTCASH","1","3","3","2","400","341","400","341","111","10","JK8CB0C0CFFA32AE4","JK8CB0C0CFFA32AE4-TKE028C224550B58E"
"3405 BROKEN SPOKE TRL","GEORGETOWN","TX","78628-2803","CHARLIE HALL","122089","122089_LT_NA_CL_SALTCASH","122089_LT_NA_CL_SALTCASH","\\nas\Mail Files\Mailing Lists\01 January 2025\122089_LT_NA_CL_SALTCASH","\\nas\Mail Files\Mailing Lists\01 January 2025\122089_LT_NA_CL_SALTCASH\122089_LT_NA_CL_SALTCASH.csv","423","","0027120615943604808978628280305","2025-01-29T12:48:27.397324","2025-01-29T12:48:27.397324","\\nas\Mail Files\Mailing Lists\01 January 2025\122089_LT_NA_CL_SALTCASH\122089_LT_NA_CL_SALTCASH.csv","494","2025-01-29T12:48:27.397324","0","TX","0","\\nas\Mail Files\Mailing Lists\01 January 2025\122089_LT_NA_CL_SALTCASH\122089_LT_NA_CL_SALTCASH Qual.pdf","122089_LT_NA_CL_SALTCASH Qual.pdf","1738101405.2768292","false","2025-01-28T16:07:31","2025-01-28T16:05:40","122089_LT_NA_CL_SaltCash","122089_LT_NA_CL_SALTCASH","1","3","3","2","400","341","400","341","111","10","JK8CB0C0CFFA32AE4","JK8CB0C0CFFA32AE4-TKE028C224550B58E"
"1106 FLINT RIDGE TRL","GEORGETOWN","TX","78628-2332","JEAN PIERRE AND CAROLINA ARROY","122089","122089_LT_NA_CL_SALTCASH","122089_LT_NA_CL_SALTCASH","\\nas\Mail Files\Mailing Lists\01 January 2025\122089_LT_NA_CL_SALTCASH","\\nas\Mail Files\Mailing Lists\01 January 2025\122089_LT_NA_CL_SALTCASH\122089_LT_NA_CL_SALTCASH.csv","424","","0027120615943604809078628233206","2025-01-29T12:48:27.397324","2025-01-29T12:48:27.397324","\\nas\Mail Files\Mailing Lists\01 January 2025\122089_LT_NA_CL_SALTCASH\122089_LT_NA_CL_SALTCASH.csv","494","2025-01-29T12:48:27.397324","0","TX","0","\\nas\Mail Files\Mailing Lists\01 January 2025\122089_LT_NA_CL_SALTCASH\122089_LT_NA_CL_SALTCASH Qual.pdf","122089_LT_NA_CL_SALTCASH Qual.pdf","1738101405.2768292","false","2025-01-28T16:07:31","2025-01-28T16:05:40","122089_LT_NA_CL_SaltCash","122089_LT_NA_CL_SALTCASH","1","3","3","2","400","341","400","341","111","10","JK8CB0C0CFFA32AE4","JK8CB0C0CFFA32AE4-TKE028C224550B58E"
"117 RIDGECREST RD","GEORGETOWN","TX","78628-3012","DAVID MORRIS","122089","122089_LT_NA_CL_SALTCASH","122089_LT_NA_CL_SALTCASH","\\nas\Mail Files\Mailing Lists\01 January 2025\122089_LT_NA_CL_SALTCASH","\\nas\Mail Files\Mailing Lists\01 January 2025\122089_LT_NA_CL_SALTCASH\122089_LT_NA_CL_SALTCASH.csv","425","","0027120615943604809178628301217","2025-01-29T12:48:27.397324","2025-01-29T12:48:27.397324","\\nas\Mail Files\Mailing Lists\01 January 2025\122089_LT_NA_CL_SALTCASH\122089_LT_NA_CL_SALTCASH.csv","494","2025-01-29T12:48:27.397324","0","TX","0","\\nas\Mail Files\Mailing Lists\01 January 2025\122089_LT_NA_CL_SALTCASH\122089_LT_NA_CL_SALTCASH Qual.pdf","122089_LT_NA_CL_SALTCASH Qual.pdf","1738101405.2768292","false","2025-01-28T16:07:31","2025-01-28T16:05:40","122089_LT_NA_CL_SaltCash","122089_LT_NA_CL_SALTCASH","1","3","3","2","400","341","400","341","111","10","JK8CB0C0CFFA32AE4","JK8CB0C0CFFA32AE4-TKE028C224550B58E"
"10736 VISTA HEIGHTS DR","GEORGETOWN","TX","78628-2093","AHIMSA HODARI","122089","122089_LT_NA_CL_SALTCASH","122089_LT_NA_CL_SALTCASH","\\nas\Mail Files\Mailing Lists\01 January 2025\122089_LT_NA_CL_SALTCASH","\\nas\Mail Files\Mailing Lists\01 January 2025\122089_LT_NA_CL_SALTCASH\122089_LT_NA_CL_SALTCASH.csv","426","","0027120615943604809278628209336","2025-01-29T12:48:27.397324","2025-01-29T12:48:27.397324","\\nas\Mail Files\Mailing Lists\01 January 2025\122089_LT_NA_CL_SALTCASH\122089_LT_NA_CL_SALTCASH.csv","494","2025-01-29T12:48:27.397324","0","TX","0","\\nas\Mail Files\Mailing Lists\01 January 2025\122089_LT_NA_CL_SALTCASH\122089_LT_NA_CL_SALTCASH Qual.pdf","122089_LT_NA_CL_SALTCASH Qual.pdf","1738101405.2768292","false","2025-01-28T16:07:31","2025-01-28T16:05:40","122089_LT_NA_CL_SaltCash","122089_LT_NA_CL_SALTCASH","1","3","3","2","400","341","400","341","111","10","JK8CB0C0CFFA32AE4","JK8CB0C0CFFA32AE4-TKE028C224550B58E"
"908 SHINNECOCK HILLS DR","GEORGETOWN","TX","78628-1230","RENE SURGI","122089","122089_LT_NA_CL_SALTCASH","122089_LT_NA_CL_SALTCASH","\\nas\Mail Files\Mailing Lists\01 January 2025\122089_LT_NA_CL_SALTCASH","\\nas\Mail Files\Mailing Lists\01 January 2025\122089_LT_NA_CL_SALTCASH\122089_LT_NA_CL_SALTCASH.csv","427","","0027120615943604809378628123008","2025-01-29T12:48:27.397324","2025-01-29T12:48:27.397324","\\nas\Mail Files\Mailing Lists\01 January 2025\122089_LT_NA_CL_SALTCASH\122089_LT_NA_CL_SALTCASH.csv","494","2025-01-29T12:48:27.397324","0","TX","0","\\nas\Mail Files\Mailing Lists\01 January 2025\122089_LT_NA_CL_SALTCASH\122089_LT_NA_CL_SALTCASH Qual.pdf","122089_LT_NA_CL_SALTCASH Qual.pdf","1738101405.2768292","false","2025-01-28T16:07:31","2025-01-28T16:05:40","122089_LT_NA_CL_SaltCash","122089_LT_NA_CL_SALTCASH","1","3","3","2","400","341","400","341","111","10","JK8CB0C0CFFA32AE4","JK8CB0C0CFFA32AE4-TKE028C224550B58E"
"345 BONNET BLVD","GEORGETOWN","TX","78628-2166","JANIE GARCIA","122089","122089_LT_NA_CL_SALTCASH","122089_LT_NA_CL_SALTCASH","\\nas\Mail Files\Mailing Lists\01 January 2025\122089_LT_NA_CL_SALTCASH","\\nas\Mail Files\Mailing Lists\01 January 2025\122089_LT_NA_CL_SALTCASH\122089_LT_NA_CL_SALTCASH.csv","428","","0027120615943604809478628216645","2025-01-29T12:48:27.397324","2025-01-29T12:48:27.397324","\\nas\Mail Files\Mailing Lists\01 January 2025\122089_LT_NA_CL_SALTCASH\122089_LT_NA_CL_SALTCASH.csv","494","2025-01-29T12:48:27.397324","0","TX","0","\\nas\Mail Files\Mailing Lists\01 January 2025\122089_LT_NA_CL_SALTCASH\122089_LT_NA_CL_SALTCASH Qual.pdf","122089_LT_NA_CL_SALTCASH Qual.pdf","1738101405.2768292","false","2025-01-28T16:07:31","2025-01-28T16:05:40","122089_LT_NA_CL_SaltCash","122089_LT_NA_CL_SALTCASH","1","3","3","2","400","341","400","341","111","10","JK8CB0C0CFFA32AE4","JK8CB0C0CFFA32AE4-TKE028C224550B58E"
"111 ARROWHEAD LN","GEORGETOWN","TX","78628-4232","BJ AND JANE GOOSBY","122089","122089_LT_NA_CL_SALTCASH","122089_LT_NA_CL_SALTCASH","\\nas\Mail Files\Mailing Lists\01 January 2025\122089_LT_NA_CL_SALTCASH","\\nas\Mail Files\Mailing Lists\01 January 2025\122089_LT_NA_CL_SALTCASH\122089_LT_NA_CL_SALTCASH.csv","429","","0027120615943604809578628423211","2025-01-29T12:48:27.397324","2025-01-29T12:48:27.397324","\\nas\Mail Files\Mailing Lists\01 January 2025\122089_LT_NA_CL_SALTCASH\122089_LT_NA_CL_SALTCASH.csv","494","2025-01-29T12:48:27.397324","0","TX","0","\\nas\Mail Files\Mailing Lists\01 January 2025\122089_LT_NA_CL_SALTCASH\122089_LT_NA_CL_SALTCASH Qual.pdf","122089_LT_NA_CL_SALTCASH Qual.pdf","1738101405.2768292","false","2025-01-28T16:07:31","2025-01-28T16:05:40","122089_LT_NA_CL_SaltCash","122089_LT_NA_CL_SALTCASH","1","3","3","2","400","341","400","341","111","10","JK8CB0C0CFFA32AE4","JK8CB0C0CFFA32AE4-TKE028C224550B58E"
"410 W ESPARADA DR","GEORGETOWN","TX","78628-1360","HOJUN LEE","122089","122089_LT_NA_CL_SALTCASH","122089_LT_NA_CL_SALTCASH","\\nas\Mail Files\Mailing Lists\01 January 2025\122089_LT_NA_CL_SALTCASH","\\nas\Mail Files\Mailing Lists\01 January 2025\122089_LT_NA_CL_SALTCASH\122089_LT_NA_CL_SALTCASH.csv","430","","0027120615943604809678628136010","2025-01-29T12:48:27.397324","2025-01-29T12:48:27.397324","\\nas\Mail Files\Mailing Lists\01 January 2025\122089_LT_NA_CL_SALTCASH\122089_LT_NA_CL_SALTCASH.csv","494","2025-01-29T12:48:27.397324","0","TX","0","\\nas\Mail Files\Mailing Lists\01 January 2025\122089_LT_NA_CL_SALTCASH\122089_LT_NA_CL_SALTCASH Qual.pdf","122089_LT_NA_CL_SALTCASH Qual.pdf","1738101405.2768292","false","2025-01-28T16:07:31","2025-01-28T16:05:40","122089_LT_NA_CL_SaltCash","122089_LT_NA_CL_SALTCASH","1","3","3","2","400","341","400","341","111","10","JK8CB0C0CFFA32AE4","JK8CB0C0CFFA32AE4-TKE028C224550B58E"
"129 GABRIELS LOOP","GEORGETOWN","TX","78628-6951","JOANNA PENNINGTON","122089","122089_LT_NA_CL_SALTCASH","122089_LT_NA_CL_SALTCASH","\\nas\Mail Files\Mailing Lists\01 January 2025\122089_LT_NA_CL_SALTCASH","\\nas\Mail Files\Mailing Lists\01 January 2025\122089_LT_NA_CL_SALTCASH\122089_LT_NA_CL_SALTCASH.csv","431","","0027120615943604809778628695129","2025-01-29T12:48:27.397324","2025-01-29T12:48:27.397324","\\nas\Mail Files\Mailing Lists\01 January 2025\122089_LT_NA_CL_SALTCASH\122089_LT_NA_CL_SALTCASH.csv","494","2025-01-29T12:48:27.397324","0","TX","0","\\nas\Mail Files\Mailing Lists\01 January 2025\122089_LT_NA_CL_SALTCASH\122089_LT_NA_CL_SALTCASH Qual.pdf","122089_LT_NA_CL_SALTCASH Qual.pdf","1738101405.2768292","false","2025-01-28T16:07:31","2025-01-28T16:05:40","122089_LT_NA_CL_SaltCash","122089_LT_NA_CL_SALTCASH","1","3","3","2","400","341","400","341","111","10","JK8CB0C0CFFA32AE4","JK8CB0C0CFFA32AE4-TKE028C224550B58E"
"100 CANYON VIEW RD","GEORGETOWN","TX","78628-2145","ROGER FORTE","122089","122089_LT_NA_CL_SALTCASH","122089_LT_NA_CL_SALTCASH","\\nas\Mail Files\Mailing Lists\01 January 2025\122089_LT_NA_CL_SALTCASH","\\nas\Mail Files\Mailing Lists\01 January 2025\122089_LT_NA_CL_SALTCASH\122089_LT_NA_CL_SALTCASH.csv","432","","0027120615943604809878628214500","2025-01-29T12:48:27.397324","2025-01-29T12:48:27.397324","\\nas\Mail Files\Mailing Lists\01 January 2025\122089_LT_NA_CL_SALTCASH\122089_LT_NA_CL_SALTCASH.csv","494","2025-01-29T12:48:27.397324","0","TX","0","\\nas\Mail Files\Mailing Lists\01 January 2025\122089_LT_NA_CL_SALTCASH\122089_LT_NA_CL_SALTCASH Qual.pdf","122089_LT_NA_CL_SALTCASH Qual.pdf","1738101405.2768292","false","2025-01-28T16:07:31","2025-01-28T16:05:40","122089_LT_NA_CL_SaltCash","122089_LT_NA_CL_SALTCASH","1","3","3","2","400","341","400","341","111","10","JK8CB0C0CFFA32AE4","JK8CB0C0CFFA32AE4-TKE028C224550B58E"
"129 ROCKY RIVER RD","ANDICE","TX","78628-3286","LOREN ALVES","122089","122089_LT_NA_CL_SALTCASH","122089_LT_NA_CL_SALTCASH","\\nas\Mail Files\Mailing Lists\01 January 2025\122089_LT_NA_CL_SALTCASH","\\nas\Mail Files\Mailing Lists\01 January 2025\122089_LT_NA_CL_SALTCASH\122089_LT_NA_CL_SALTCASH.csv","433","","0027120615943604809978628328629","2025-01-29T12:48:27.397324","2025-01-29T12:48:27.397324","\\nas\Mail Files\Mailing Lists\01 January 2025\122089_LT_NA_CL_SALTCASH\122089_LT_NA_CL_SALTCASH.csv","494","2025-01-29T12:48:27.397324","0","TX","0","\\nas\Mail Files\Mailing Lists\01 January 2025\122089_LT_NA_CL_SALTCASH\122089_LT_NA_CL_SALTCASH Qual.pdf","122089_LT_NA_CL_SALTCASH Qual.pdf","1738101405.2768292","false","2025-01-28T16:07:31","2025-01-28T16:05:40","122089_LT_NA_CL_SaltCash","122089_LT_NA_CL_SALTCASH","1","3","3","2","400","341","400","341","111","10","JK8CB0C0CFFA32AE4","JK8CB0C0CFFA32AE4-TKE028C224550B58E"
"201 CREEK CROSSING DR","GEORGETOWN","TX","78628-1902","YOLANDA GASS","122089","122089_LT_NA_CL_SALTCASH","122089_LT_NA_CL_SALTCASH","\\nas\Mail Files\Mailing Lists\01 January 2025\122089_LT_NA_CL_SALTCASH","\\nas\Mail Files\Mailing Lists\01 January 2025\122089_LT_NA_CL_SALTCASH\122089_LT_NA_CL_SALTCASH.csv","434","","0027120615943604810078628190201","2025-01-29T12:48:27.397324","2025-01-29T12:48:27.397324","\\nas\Mail Files\Mailing Lists\01 January 2025\122089_LT_NA_CL_SALTCASH\122089_LT_NA_CL_SALTCASH.csv","494","2025-01-29T12:48:27.397324","0","TX","0","\\nas\Mail Files\Mailing Lists\01 January 2025\122089_LT_NA_CL_SALTCASH\122089_LT_NA_CL_SALTCASH Qual.pdf","122089_LT_NA_CL_SALTCASH Qual.pdf","1738101405.2768292","false","2025-01-28T16:07:31","2025-01-28T16:05:40","122089_LT_NA_CL_SaltCash","122089_LT_NA_CL_SALTCASH","1","3","3","2","400","341","400","341","111","10","JK8CB0C0CFFA32AE4","JK8CB0C0CFFA32AE4-TKE028C224550B58E"
"700 SHADY HOLLOW DR","GEORGETOWN","TX","78628-2908","BOBBY LANDERS","122089","122089_LT_NA_CL_SALTCASH","122089_LT_NA_CL_SALTCASH","\\nas\Mail Files\Mailing Lists\01 January 2025\122089_LT_NA_CL_SALTCASH","\\nas\Mail Files\Mailing Lists\01 January 2025\122089_LT_NA_CL_SALTCASH\122089_LT_NA_CL_SALTCASH.csv","435","","0027120615943604810178628290800","2025-01-29T12:48:27.397324","2025-01-29T12:48:27.397324","\\nas\Mail Files\Mailing Lists\01 January 2025\122089_LT_NA_CL_SALTCASH\122089_LT_NA_CL_SALTCASH.csv","494","2025-01-29T12:48:27.397324","0","TX","0","\\nas\Mail Files\Mailing Lists\01 January 2025\122089_LT_NA_CL_SALTCASH\122089_LT_NA_CL_SALTCASH Qual.pdf","122089_LT_NA_CL_SALTCASH Qual.pdf","1738101405.2768292","false","2025-01-28T16:07:31","2025-01-28T16:05:40","122089_LT_NA_CL_SaltCash","122089_LT_NA_CL_SALTCASH","1","3","3","2","400","341","400","341","111","10","JK8CB0C0CFFA32AE4","JK8CB0C0CFFA32AE4-TKE028C224550B58E"
"325 RIDGE VIEW DR","GEORGETOWN","TX","78628-6899","MICHAEL MAULT","122089","122089_LT_NA_CL_SALTCASH","122089_LT_NA_CL_SALTCASH","\\nas\Mail Files\Mailing Lists\01 January 2025\122089_LT_NA_CL_SALTCASH","\\nas\Mail Files\Mailing Lists\01 January 2025\122089_LT_NA_CL_SALTCASH\122089_LT_NA_CL_SALTCASH.csv","436","","0027120615943604810278628689925","2025-01-29T12:48:27.397324","2025-01-29T12:48:27.397324","\\nas\Mail Files\Mailing Lists\01 January 2025\122089_LT_NA_CL_SALTCASH\122089_LT_NA_CL_SALTCASH.csv","494","2025-01-29T12:48:27.397324","0","TX","0","\\nas\Mail Files\Mailing Lists\01 January 2025\122089_LT_NA_CL_SALTCASH\122089_LT_NA_CL_SALTCASH Qual.pdf","122089_LT_NA_CL_SALTCASH Qual.pdf","1738101405.2768292","false","2025-01-28T16:07:31","2025-01-28T16:05:40","122089_LT_NA_CL_SaltCash","122089_LT_NA_CL_SALTCASH","1","3","3","2","400","341","400","341","111","10","JK8CB0C0CFFA32AE4","JK8CB0C0CFFA32AE4-TKE028C224550B58E"
"5402 CIMARRON LN","GEORGETOWN","TX","78628-1818","DAVID EPP","122089","122089_LT_NA_CL_SALTCASH","122089_LT_NA_CL_SALTCASH","\\nas\Mail Files\Mailing Lists\01 January 2025\122089_LT_NA_CL_SALTCASH","\\nas\Mail Files\Mailing Lists\01 January 2025\122089_LT_NA_CL_SALTCASH\122089_LT_NA_CL_SALTCASH.csv","437","","0027120615943604810378628181802","2025-01-29T12:48:27.397324","2025-01-29T12:48:27.397324","\\nas\Mail Files\Mailing Lists\01 January 2025\122089_LT_NA_CL_SALTCASH\122089_LT_NA_CL_SALTCASH.csv","494","2025-01-29T12:48:27.397324","0","TX","0","\\nas\Mail Files\Mailing Lists\01 January 2025\122089_LT_NA_CL_SALTCASH\122089_LT_NA_CL_SALTCASH Qual.pdf","122089_LT_NA_CL_SALTCASH Qual.pdf","1738101405.2768292","false","2025-01-28T16:07:31","2025-01-28T16:05:40","122089_LT_NA_CL_SaltCash","122089_LT_NA_CL_SALTCASH","1","3","3","2","400","341","400","341","111","10","JK8CB0C0CFFA32AE4","JK8CB0C0CFFA32AE4-TKE028C224550B58E"
"112 VIEW DR","GEORGETOWN","TX","78628-1907","JILL BOREL","122089","122089_LT_NA_CL_SALTCASH","122089_LT_NA_CL_SALTCASH","\\nas\Mail Files\Mailing Lists\01 January 2025\122089_LT_NA_CL_SALTCASH","\\nas\Mail Files\Mailing Lists\01 January 2025\122089_LT_NA_CL_SALTCASH\122089_LT_NA_CL_SALTCASH.csv","438","","0027120615943604810478628190712","2025-01-29T12:48:27.397324","2025-01-29T12:48:27.397324","\\nas\Mail Files\Mailing Lists\01 January 2025\122089_LT_NA_CL_SALTCASH\122089_LT_NA_CL_SALTCASH.csv","494","2025-01-29T12:48:27.397324","0","TX","0","\\nas\Mail Files\Mailing Lists\01 January 2025\122089_LT_NA_CL_SALTCASH\122089_LT_NA_CL_SALTCASH Qual.pdf","122089_LT_NA_CL_SALTCASH Qual.pdf","1738101405.2768292","false","2025-01-28T16:07:31","2025-01-28T16:05:40","122089_LT_NA_CL_SaltCash","122089_LT_NA_CL_SALTCASH","1","3","3","2","400","341","400","341","111","10","JK8CB0C0CFFA32AE4","JK8CB0C0CFFA32AE4-TKE028C224550B58E"
"328 RIVER CHASE BLVD","GEORGETOWN","TX","78628-5304","STEPHANIE AND SETH SMITH","122089","122089_LT_NA_CL_SALTCASH","122089_LT_NA_CL_SALTCASH","\\nas\Mail Files\Mailing Lists\01 January 2025\122089_LT_NA_CL_SALTCASH","\\nas\Mail Files\Mailing Lists\01 January 2025\122089_LT_NA_CL_SALTCASH\122089_LT_NA_CL_SALTCASH.csv","439","","0027120615943604810578628530428","2025-01-29T12:48:27.397324","2025-01-29T12:48:27.397324","\\nas\Mail Files\Mailing Lists\01 January 2025\122089_LT_NA_CL_SALTCASH\122089_LT_NA_CL_SALTCASH.csv","494","2025-01-29T12:48:27.397324","0","TX","0","\\nas\Mail Files\Mailing Lists\01 January 2025\122089_LT_NA_CL_SALTCASH\122089_LT_NA_CL_SALTCASH Qual.pdf","122089_LT_NA_CL_SALTCASH Qual.pdf","1738101405.2768292","false","2025-01-28T16:07:31","2025-01-28T16:05:40","122089_LT_NA_CL_SaltCash","122089_LT_NA_CL_SALTCASH","1","3","3","2","400","341","400","341","111","10","JK8CB0C0CFFA32AE4","JK8CB0C0CFFA32AE4-TKE028C224550B58E"
"1002 CIMARRON HILLS TRL W","GEORGETOWN","TX","78628-2352","JOYCE LARUE","122089","122089_LT_NA_CL_SALTCASH","122089_LT_NA_CL_SALTCASH","\\nas\Mail Files\Mailing Lists\01 January 2025\122089_LT_NA_CL_SALTCASH","\\nas\Mail Files\Mailing Lists\01 January 2025\122089_LT_NA_CL_SALTCASH\122089_LT_NA_CL_SALTCASH.csv","440","","0027120615943604810678628235202","2025-01-29T12:48:27.397324","2025-01-29T12:48:27.397324","\\nas\Mail Files\Mailing Lists\01 January 2025\122089_LT_NA_CL_SALTCASH\122089_LT_NA_CL_SALTCASH.csv","494","2025-01-29T12:48:27.397324","0","TX","0","\\nas\Mail Files\Mailing Lists\01 January 2025\122089_LT_NA_CL_SALTCASH\122089_LT_NA_CL_SALTCASH Qual.pdf","122089_LT_NA_CL_SALTCASH Qual.pdf","1738101405.2768292","false","2025-01-28T16:07:31","2025-01-28T16:05:40","122089_LT_NA_CL_SaltCash","122089_LT_NA_CL_SALTCASH","1","3","3","2","400","341","400","341","111","10","JK8CB0C0CFFA32AE4","JK8CB0C0CFFA32AE4-TKE028C224550B58E"
"301 RIO BRAVO RD","GEORGETOWN","TX","78628-7121","TOMMY HODGES","122089","122089_LT_NA_CL_SALTCASH","122089_LT_NA_CL_SALTCASH","\\nas\Mail Files\Mailing Lists\01 January 2025\122089_LT_NA_CL_SALTCASH","\\nas\Mail Files\Mailing Lists\01 January 2025\122089_LT_NA_CL_SALTCASH\122089_LT_NA_CL_SALTCASH.csv","441","","0027120615943604810778628712101","2025-01-29T12:48:27.397324","2025-01-29T12:48:27.397324","\\nas\Mail Files\Mailing Lists\01 January 2025\122089_LT_NA_CL_SALTCASH\122089_LT_NA_CL_SALTCASH.csv","494","2025-01-29T12:48:27.397324","0","TX","0","\\nas\Mail Files\Mailing Lists\01 January 2025\122089_LT_NA_CL_SALTCASH\122089_LT_NA_CL_SALTCASH Qual.pdf","122089_LT_NA_CL_SALTCASH Qual.pdf","1738101405.2768292","false","2025-01-28T16:07:31","2025-01-28T16:05:40","122089_LT_NA_CL_SaltCash","122089_LT_NA_CL_SALTCASH","1","3","3","2","400","341","400","341","111","10","JK8CB0C0CFFA32AE4","JK8CB0C0CFFA32AE4-TKE028C224550B58E"
"201 LAKE SIDE DR","GEORGETOWN","TX","78628-6900","PATTY TAGGART","122089","122089_LT_NA_CL_SALTCASH","122089_LT_NA_CL_SALTCASH","\\nas\Mail Files\Mailing Lists\01 January 2025\122089_LT_NA_CL_SALTCASH","\\nas\Mail Files\Mailing Lists\01 January 2025\122089_LT_NA_CL_SALTCASH\122089_LT_NA_CL_SALTCASH.csv","442","","0027120615943604810878628690001","2025-01-29T12:48:27.397324","2025-01-29T12:48:27.397324","\\nas\Mail Files\Mailing Lists\01 January 2025\122089_LT_NA_CL_SALTCASH\122089_LT_NA_CL_SALTCASH.csv","494","2025-01-29T12:48:27.397324","0","TX","0","\\nas\Mail Files\Mailing Lists\01 January 2025\122089_LT_NA_CL_SALTCASH\122089_LT_NA_CL_SALTCASH Qual.pdf","122089_LT_NA_CL_SALTCASH Qual.pdf","1738101405.2768292","false","2025-01-28T16:07:31","2025-01-28T16:05:40","122089_LT_NA_CL_SaltCash","122089_LT_NA_CL_SALTCASH","1","3","3","2","400","341","400","341","111","10","JK8CB0C0CFFA32AE4","JK8CB0C0CFFA32AE4-TKE028C224550B58E"
"600 PANZANO DR","GEORGETOWN","TX","78628-2172","KENNETH BOETTCHER","122089","122089_LT_NA_CL_SALTCASH","122089_LT_NA_CL_SALTCASH","\\nas\Mail Files\Mailing Lists\01 January 2025\122089_LT_NA_CL_SALTCASH","\\nas\Mail Files\Mailing Lists\01 January 2025\122089_LT_NA_CL_SALTCASH\122089_LT_NA_CL_SALTCASH.csv","443","","0027120615943604810978628217200","2025-01-29T12:48:27.397324","2025-01-29T12:48:27.397324","\\nas\Mail Files\Mailing Lists\01 January 2025\122089_LT_NA_CL_SALTCASH\122089_LT_NA_CL_SALTCASH.csv","494","2025-01-29T12:48:27.397324","0","TX","0","\\nas\Mail Files\Mailing Lists\01 January 2025\122089_LT_NA_CL_SALTCASH\122089_LT_NA_CL_SALTCASH Qual.pdf","122089_LT_NA_CL_SALTCASH Qual.pdf","1738101405.2768292","false","2025-01-28T16:07:31","2025-01-28T16:05:40","122089_LT_NA_CL_SaltCash","122089_LT_NA_CL_SALTCASH","1","3","3","2","400","341","400","341","111","10","JK8CB0C0CFFA32AE4","JK8CB0C0CFFA32AE4-TKE028C224550B58E"
"151 COUNTY ROAD 121","GEORGETOWN","TX","78626-2237","CAROL FRYMIRE","122089","122089_LT_NA_CL_SALTCASH","122089_LT_NA_CL_SALTCASH","\\nas\Mail Files\Mailing Lists\01 January 2025\122089_LT_NA_CL_SALTCASH","\\nas\Mail Files\Mailing Lists\01 January 2025\122089_LT_NA_CL_SALTCASH\122089_LT_NA_CL_SALTCASH.csv","444","","0027120615943604811078626223751","2025-01-29T12:48:27.397324","2025-01-29T12:48:27.397324","\\nas\Mail Files\Mailing Lists\01 January 2025\122089_LT_NA_CL_SALTCASH\122089_LT_NA_CL_SALTCASH.csv","494","2025-01-29T12:48:27.397324","0","TX","0","\\nas\Mail Files\Mailing Lists\01 January 2025\122089_LT_NA_CL_SALTCASH\122089_LT_NA_CL_SALTCASH Qual.pdf","122089_LT_NA_CL_SALTCASH Qual.pdf","1738101405.2768292","false","2025-01-28T16:07:31","2025-01-28T16:05:40","122089_LT_NA_CL_SaltCash","122089_LT_NA_CL_SALTCASH","1","3","3","2","400","341","400","341","111","10","JK8CB0C0CFFA32AE4","JK8CB0C0CFFA32AE4-TKE028C224550B58E"
"115 PRIVATE ROAD 946","GEORGETOWN","TX","78626-2300","W.C. ""BILL"" FRYMIRE","122089","122089_LT_NA_CL_SALTCASH","122089_LT_NA_CL_SALTCASH","\\nas\Mail Files\Mailing Lists\01 January 2025\122089_LT_NA_CL_SALTCASH","\\nas\Mail Files\Mailing Lists\01 January 2025\122089_LT_NA_CL_SALTCASH\122089_LT_NA_CL_SALTCASH.csv","445","","0027120615943604811178626230015","2025-01-29T12:48:27.397324","2025-01-29T12:48:27.397324","\\nas\Mail Files\Mailing Lists\01 January 2025\122089_LT_NA_CL_SALTCASH\122089_LT_NA_CL_SALTCASH.csv","494","2025-01-29T12:48:27.397324","0","TX","0","\\nas\Mail Files\Mailing Lists\01 January 2025\122089_LT_NA_CL_SALTCASH\122089_LT_NA_CL_SALTCASH Qual.pdf","122089_LT_NA_CL_SALTCASH Qual.pdf","1738101405.2768292","false","2025-01-28T16:07:31","2025-01-28T16:05:40","122089_LT_NA_CL_SaltCash","122089_LT_NA_CL_SALTCASH","1","3","3","2","400","341","400","341","111","10","JK8CB0C0CFFA32AE4","JK8CB0C0CFFA32AE4-TKE028C224550B58E"
"107 TROTTER DR","GEORGETOWN","TX","78626-6352","JOHN ATKINSON","122089","122089_LT_NA_CL_SALTCASH","122089_LT_NA_CL_SALTCASH","\\nas\Mail Files\Mailing Lists\01 January 2025\122089_LT_NA_CL_SALTCASH","\\nas\Mail Files\Mailing Lists\01 January 2025\122089_LT_NA_CL_SALTCASH\122089_LT_NA_CL_SALTCASH.csv","446","","0027120615943604811278626635207","2025-01-29T12:48:27.397324","2025-01-29T12:48:27.397324","\\nas\Mail Files\Mailing Lists\01 January 2025\122089_LT_NA_CL_SALTCASH\122089_LT_NA_CL_SALTCASH.csv","494","2025-01-29T12:48:27.397324","0","TX","0","\\nas\Mail Files\Mailing Lists\01 January 2025\122089_LT_NA_CL_SALTCASH\122089_LT_NA_CL_SALTCASH Qual.pdf","122089_LT_NA_CL_SALTCASH Qual.pdf","1738101405.2768292","false","2025-01-28T16:07:31","2025-01-28T16:05:40","122089_LT_NA_CL_SaltCash","122089_LT_NA_CL_SALTCASH","1","3","3","2","400","341","400","341","111","10","JK8CB0C0CFFA32AE4","JK8CB0C0CFFA32AE4-TKE028C224550B58E"
"108 FALABELLA TRL","GEORGETOWN","TX","78626-2346","RON & NATALIE SETTELE","122089","122089_LT_NA_CL_SALTCASH","122089_LT_NA_CL_SALTCASH","\\nas\Mail Files\Mailing Lists\01 January 2025\122089_LT_NA_CL_SALTCASH","\\nas\Mail Files\Mailing Lists\01 January 2025\122089_LT_NA_CL_SALTCASH\122089_LT_NA_CL_SALTCASH.csv","447","","0027120615943604811378626234608","2025-01-29T12:48:27.397324","2025-01-29T12:48:27.397324","\\nas\Mail Files\Mailing Lists\01 January 2025\122089_LT_NA_CL_SALTCASH\122089_LT_NA_CL_SALTCASH.csv","494","2025-01-29T12:48:27.397324","0","TX","0","\\nas\Mail Files\Mailing Lists\01 January 2025\122089_LT_NA_CL_SALTCASH\122089_LT_NA_CL_SALTCASH Qual.pdf","122089_LT_NA_CL_SALTCASH Qual.pdf","1738101405.2768292","false","2025-01-28T16:07:31","2025-01-28T16:05:40","122089_LT_NA_CL_SaltCash","122089_LT_NA_CL_SALTCASH","1","3","3","2","400","341","400","341","111","10","JK8CB0C0CFFA32AE4","JK8CB0C0CFFA32AE4-TKE028C224550B58E"
"305 WINDRIDGE VILLAGE CV","GEORGETOWN","TX","78626-5156","GARY DANIEL","122089","122089_LT_NA_CL_SALTCASH","122089_LT_NA_CL_SALTCASH","\\nas\Mail Files\Mailing Lists\01 January 2025\122089_LT_NA_CL_SALTCASH","\\nas\Mail Files\Mailing Lists\01 January 2025\122089_LT_NA_CL_SALTCASH\122089_LT_NA_CL_SALTCASH.csv","448","","0027120615943604811478626515605","2025-01-29T12:48:27.397324","2025-01-29T12:48:27.397324","\\nas\Mail Files\Mailing Lists\01 January 2025\122089_LT_NA_CL_SALTCASH\122089_LT_NA_CL_SALTCASH.csv","494","2025-01-29T12:48:27.397324","0","TX","0","\\nas\Mail Files\Mailing Lists\01 January 2025\122089_LT_NA_CL_SALTCASH\122089_LT_NA_CL_SALTCASH Qual.pdf","122089_LT_NA_CL_SALTCASH Qual.pdf","1738101405.2768292","false","2025-01-28T16:07:31","2025-01-28T16:05:40","122089_LT_NA_CL_SaltCash","122089_LT_NA_CL_SALTCASH","1","3","3","2","400","341","400","341","111","10","JK8CB0C0CFFA32AE4","JK8CB0C0CFFA32AE4-TKE028C224550B58E"
"4928 SCENIC LAKE DR","GEORGETOWN","TX","78626-7166","LOGAN BUFFINGTON","122089","122089_LT_NA_CL_SALTCASH","122089_LT_NA_CL_SALTCASH","\\nas\Mail Files\Mailing Lists\01 January 2025\122089_LT_NA_CL_SALTCASH","\\nas\Mail Files\Mailing Lists\01 January 2025\122089_LT_NA_CL_SALTCASH\122089_LT_NA_CL_SALTCASH.csv","449","","0027120615943604811578626716628","2025-01-29T12:48:27.397324","2025-01-29T12:48:27.397324","\\nas\Mail Files\Mailing Lists\01 January 2025\122089_LT_NA_CL_SALTCASH\122089_LT_NA_CL_SALTCASH.csv","494","2025-01-29T12:48:27.397324","0","TX","0","\\nas\Mail Files\Mailing Lists\01 January 2025\122089_LT_NA_CL_SALTCASH\122089_LT_NA_CL_SALTCASH Qual.pdf","122089_LT_NA_CL_SALTCASH Qual.pdf","1738101405.2768292","false","2025-01-28T16:07:31","2025-01-28T16:05:40","122089_LT_NA_CL_SaltCash","122089_LT_NA_CL_SALTCASH","1","3","3","2","400","341","400","341","111","10","JK8CB0C0CFFA32AE4","JK8CB0C0CFFA32AE4-TKE028C224550B58E"
"136 BRUNNEN WAY","GEORGETOWN","TX","78626-2620","TIMOTHY LANE","122089","122089_LT_NA_CL_SALTCASH","122089_LT_NA_CL_SALTCASH","\\nas\Mail Files\Mailing Lists\01 January 2025\122089_LT_NA_CL_SALTCASH","\\nas\Mail Files\Mailing Lists\01 January 2025\122089_LT_NA_CL_SALTCASH\122089_LT_NA_CL_SALTCASH.csv","450","","0027120615943604811678626262036","2025-01-29T12:48:27.397324","2025-01-29T12:48:27.397324","\\nas\Mail Files\Mailing Lists\01 January 2025\122089_LT_NA_CL_SALTCASH\122089_LT_NA_CL_SALTCASH.csv","494","2025-01-29T12:48:27.397324","0","TX","0","\\nas\Mail Files\Mailing Lists\01 January 2025\122089_LT_NA_CL_SALTCASH\122089_LT_NA_CL_SALTCASH Qual.pdf","122089_LT_NA_CL_SALTCASH Qual.pdf","1738101405.2768292","false","2025-01-28T16:07:31","2025-01-28T16:05:40","122089_LT_NA_CL_SaltCash","122089_LT_NA_CL_SALTCASH","1","3","3","2","400","341","400","341","111","10","JK8CB0C0CFFA32AE4","JK8CB0C0CFFA32AE4-TKE028C224550B58E"
"117 LILY TURF CV","GEORGETOWN","TX","78626-2305","SUSANA JONES","122089","122089_LT_NA_CL_SALTCASH","122089_LT_NA_CL_SALTCASH","\\nas\Mail Files\Mailing Lists\01 January 2025\122089_LT_NA_CL_SALTCASH","\\nas\Mail Files\Mailing Lists\01 January 2025\122089_LT_NA_CL_SALTCASH\122089_LT_NA_CL_SALTCASH.csv","451","","0027120615943604811778626230517","2025-01-29T12:48:27.397324","2025-01-29T12:48:27.397324","\\nas\Mail Files\Mailing Lists\01 January 2025\122089_LT_NA_CL_SALTCASH\122089_LT_NA_CL_SALTCASH.csv","494","2025-01-29T12:48:27.397324","0","TX","0","\\nas\Mail Files\Mailing Lists\01 January 2025\122089_LT_NA_CL_SALTCASH\122089_LT_NA_CL_SALTCASH Qual.pdf","122089_LT_NA_CL_SALTCASH Qual.pdf","1738101405.2768292","false","2025-01-28T16:07:31","2025-01-28T16:05:40","122089_LT_NA_CL_SaltCash","122089_LT_NA_CL_SALTCASH","1","3","3","2","400","341","400","341","111","10","JK8CB0C0CFFA32AE4","JK8CB0C0CFFA32AE4-TKE028C224550B58E"
"204 PRECIPICE WAY","GEORGETOWN","TX","78626-8162","GREG GABBARD","122089","122089_LT_NA_CL_SALTCASH","122089_LT_NA_CL_SALTCASH","\\nas\Mail Files\Mailing Lists\01 January 2025\122089_LT_NA_CL_SALTCASH","\\nas\Mail Files\Mailing Lists\01 January 2025\122089_LT_NA_CL_SALTCASH\122089_LT_NA_CL_SALTCASH.csv","452","","0027120615943604811878626816204","2025-01-29T12:48:27.397324","2025-01-29T12:48:27.397324","\\nas\Mail Files\Mailing Lists\01 January 2025\122089_LT_NA_CL_SALTCASH\122089_LT_NA_CL_SALTCASH.csv","494","2025-01-29T12:48:27.397324","0","TX","0","\\nas\Mail Files\Mailing Lists\01 January 2025\122089_LT_NA_CL_SALTCASH\122089_LT_NA_CL_SALTCASH Qual.pdf","122089_LT_NA_CL_SALTCASH Qual.pdf","1738101405.2768292","false","2025-01-28T16:07:31","2025-01-28T16:05:40","122089_LT_NA_CL_SaltCash","122089_LT_NA_CL_SALTCASH","1","3","3","2","400","341","400","341","111","10","JK8CB0C0CFFA32AE4","JK8CB0C0CFFA32AE4-TKE028C224550B58E"
"2611 SUNRISE VALLEY LN","GEORGETOWN","TX","78626-7567","ISAAC PRESSNELL","122089","122089_LT_NA_CL_SALTCASH","122089_LT_NA_CL_SALTCASH","\\nas\Mail Files\Mailing Lists\01 January 2025\122089_LT_NA_CL_SALTCASH","\\nas\Mail Files\Mailing Lists\01 January 2025\122089_LT_NA_CL_SALTCASH\122089_LT_NA_CL_SALTCASH.csv","453","","0027120615943604811978626756711","2025-01-29T12:48:27.397324","2025-01-29T12:48:27.397324","\\nas\Mail Files\Mailing Lists\01 January 2025\122089_LT_NA_CL_SALTCASH\122089_LT_NA_CL_SALTCASH.csv","494","2025-01-29T12:48:27.397324","0","TX","0","\\nas\Mail Files\Mailing Lists\01 January 2025\122089_LT_NA_CL_SALTCASH\122089_LT_NA_CL_SALTCASH Qual.pdf","122089_LT_NA_CL_SALTCASH Qual.pdf","1738101405.2768292","false","2025-01-28T16:07:31","2025-01-28T16:05:40","122089_LT_NA_CL_SaltCash","122089_LT_NA_CL_SALTCASH","1","3","3","2","400","341","400","341","111","10","JK8CB0C0CFFA32AE4","JK8CB0C0CFFA32AE4-TKE028C224550B58E"
"50203 IRONHORSE TRL","GEORGETOWN","TX","78626-6227","BRIAN NAINBY","122089","122089_LT_NA_CL_SALTCASH","122089_LT_NA_CL_SALTCASH","\\nas\Mail Files\Mailing Lists\01 January 2025\122089_LT_NA_CL_SALTCASH","\\nas\Mail Files\Mailing Lists\01 January 2025\122089_LT_NA_CL_SALTCASH\122089_LT_NA_CL_SALTCASH.csv","454","","0027120615943604812078626622703","2025-01-29T12:48:27.397324","2025-01-29T12:48:27.397324","\\nas\Mail Files\Mailing Lists\01 January 2025\122089_LT_NA_CL_SALTCASH\122089_LT_NA_CL_SALTCASH.csv","494","2025-01-29T12:48:27.397324","0","TX","0","\\nas\Mail Files\Mailing Lists\01 January 2025\122089_LT_NA_CL_SALTCASH\122089_LT_NA_CL_SALTCASH Qual.pdf","122089_LT_NA_CL_SALTCASH Qual.pdf","1738101405.2768292","false","2025-01-28T16:07:31","2025-01-28T16:05:40","122089_LT_NA_CL_SaltCash","122089_LT_NA_CL_SALTCASH","1","3","3","2","400","341","400","341","111","10","JK8CB0C0CFFA32AE4","JK8CB0C0CFFA32AE4-TKE028C224550B58E"
"236 BENMYRTLE TRL","GEORGETOWN","TX","78626-7749","COOPER LE","122089","122089_LT_NA_CL_SALTCASH","122089_LT_NA_CL_SALTCASH","\\nas\Mail Files\Mailing Lists\01 January 2025\122089_LT_NA_CL_SALTCASH","\\nas\Mail Files\Mailing Lists\01 January 2025\122089_LT_NA_CL_SALTCASH\122089_LT_NA_CL_SALTCASH.csv","455","","0027120615943604812178626774936","2025-01-29T12:48:27.397324","2025-01-29T12:48:27.397324","\\nas\Mail Files\Mailing Lists\01 January 2025\122089_LT_NA_CL_SALTCASH\122089_LT_NA_CL_SALTCASH.csv","494","2025-01-29T12:48:27.397324","0","TX","0","\\nas\Mail Files\Mailing Lists\01 January 2025\122089_LT_NA_CL_SALTCASH\122089_LT_NA_CL_SALTCASH Qual.pdf","122089_LT_NA_CL_SALTCASH Qual.pdf","1738101405.2768292","false","2025-01-28T16:07:31","2025-01-28T16:05:40","122089_LT_NA_CL_SaltCash","122089_LT_NA_CL_SALTCASH","1","3","3","2","400","341","400","341","111","10","JK8CB0C0CFFA32AE4","JK8CB0C0CFFA32AE4-TKE028C224550B58E"
"133 STRUSS DR","GEORGETOWN","TX","78626-2753","MEGAN TURNIPSEED","122089","122089_LT_NA_CL_SALTCASH","122089_LT_NA_CL_SALTCASH","\\nas\Mail Files\Mailing Lists\01 January 2025\122089_LT_NA_CL_SALTCASH","\\nas\Mail Files\Mailing Lists\01 January 2025\122089_LT_NA_CL_SALTCASH\122089_LT_NA_CL_SALTCASH.csv","456","","0027120615943604812278626275333","2025-01-29T12:48:27.397324","2025-01-29T12:48:27.397324","\\nas\Mail Files\Mailing Lists\01 January 2025\122089_LT_NA_CL_SALTCASH\122089_LT_NA_CL_SALTCASH.csv","494","2025-01-29T12:48:27.397324","0","TX","0","\\nas\Mail Files\Mailing Lists\01 January 2025\122089_LT_NA_CL_SALTCASH\122089_LT_NA_CL_SALTCASH Qual.pdf","122089_LT_NA_CL_SALTCASH Qual.pdf","1738101405.2768292","false","2025-01-28T16:07:31","2025-01-28T16:05:40","122089_LT_NA_CL_SaltCash","122089_LT_NA_CL_SALTCASH","1","3","3","2","400","341","400","341","111","10","JK8CB0C0CFFA32AE4","JK8CB0C0CFFA32AE4-TKE028C224550B58E"
"7 ALBERTO DUMONT CV","GEORGETOWN","TX","78626-2205","RANDY CRAWFORD","122089","122089_LT_NA_CL_SALTCASH","122089_LT_NA_CL_SALTCASH","\\nas\Mail Files\Mailing Lists\01 January 2025\122089_LT_NA_CL_SALTCASH","\\nas\Mail Files\Mailing Lists\01 January 2025\122089_LT_NA_CL_SALTCASH\122089_LT_NA_CL_SALTCASH.csv","457","","0027120615943604812378626220507","2025-01-29T12:48:27.397324","2025-01-29T12:48:27.397324","\\nas\Mail Files\Mailing Lists\01 January 2025\122089_LT_NA_CL_SALTCASH\122089_LT_NA_CL_SALTCASH.csv","494","2025-01-29T12:48:27.397324","0","TX","0","\\nas\Mail Files\Mailing Lists\01 January 2025\122089_LT_NA_CL_SALTCASH\122089_LT_NA_CL_SALTCASH Qual.pdf","122089_LT_NA_CL_SALTCASH Qual.pdf","1738101405.2768292","false","2025-01-28T16:07:31","2025-01-28T16:05:40","122089_LT_NA_CL_SaltCash","122089_LT_NA_CL_SALTCASH","1","3","3","2","400","341","400","341","111","10","JK8CB0C0CFFA32AE4","JK8CB0C0CFFA32AE4-TKE028C224550B58E"
"40100 MEADOW TURN","GEORGETOWN","TX","78626-4410","DONNIE HOFF","122089","122089_LT_NA_CL_SALTCASH","122089_LT_NA_CL_SALTCASH","\\nas\Mail Files\Mailing Lists\01 January 2025\122089_LT_NA_CL_SALTCASH","\\nas\Mail Files\Mailing Lists\01 January 2025\122089_LT_NA_CL_SALTCASH\122089_LT_NA_CL_SALTCASH.csv","458","","0027120615943604812478626441000","2025-01-29T12:48:27.397324","2025-01-29T12:48:27.397324","\\nas\Mail Files\Mailing Lists\01 January 2025\122089_LT_NA_CL_SALTCASH\122089_LT_NA_CL_SALTCASH.csv","494","2025-01-29T12:48:27.397324","0","TX","0","\\nas\Mail Files\Mailing Lists\01 January 2025\122089_LT_NA_CL_SALTCASH\122089_LT_NA_CL_SALTCASH Qual.pdf","122089_LT_NA_CL_SALTCASH Qual.pdf","1738101405.2768292","false","2025-01-28T16:07:31","2025-01-28T16:05:40","122089_LT_NA_CL_SaltCash","122089_LT_NA_CL_SALTCASH","1","3","3","2","400","341","400","341","111","10","JK8CB0C0CFFA32AE4","JK8CB0C0CFFA32AE4-TKE028C224550B58E"
"170 PRIVATE ROAD 946","GEORGETOWN","TX","78626-2300","CARLITA NAVARRO","122089","122089_LT_NA_CL_SALTCASH","122089_LT_NA_CL_SALTCASH","\\nas\Mail Files\Mailing Lists\01 January 2025\122089_LT_NA_CL_SALTCASH","\\nas\Mail Files\Mailing Lists\01 January 2025\122089_LT_NA_CL_SALTCASH\122089_LT_NA_CL_SALTCASH.csv","459","","0027120615943604812578626230070","2025-01-29T12:48:27.397324","2025-01-29T12:48:27.397324","\\nas\Mail Files\Mailing Lists\01 January 2025\122089_LT_NA_CL_SALTCASH\122089_LT_NA_CL_SALTCASH.csv","494","2025-01-29T12:48:27.397324","0","TX","0","\\nas\Mail Files\Mailing Lists\01 January 2025\122089_LT_NA_CL_SALTCASH\122089_LT_NA_CL_SALTCASH Qual.pdf","122089_LT_NA_CL_SALTCASH Qual.pdf","1738101405.2768292","false","2025-01-28T16:07:31","2025-01-28T16:05:40","122089_LT_NA_CL_SaltCash","122089_LT_NA_CL_SALTCASH","1","3","3","2","400","341","400","341","111","10","JK8CB0C0CFFA32AE4","JK8CB0C0CFFA32AE4-TKE028C224550B58E"
"125 BLUE RIDGE TRL","ELGIN","TX","78621-4185","CHARLES BROWN","122089","122089_LT_NA_CL_SALTCASH","122089_LT_NA_CL_SALTCASH","\\nas\Mail Files\Mailing Lists\01 January 2025\122089_LT_NA_CL_SALTCASH","\\nas\Mail Files\Mailing Lists\01 January 2025\122089_LT_NA_CL_SALTCASH\122089_LT_NA_CL_SALTCASH.csv","460","","0027120615943604812678621418525","2025-01-29T12:48:27.397324","2025-01-29T12:48:27.397324","\\nas\Mail Files\Mailing Lists\01 January 2025\122089_LT_NA_CL_SALTCASH\122089_LT_NA_CL_SALTCASH.csv","494","2025-01-29T12:48:27.397324","0","TX","0","\\nas\Mail Files\Mailing Lists\01 January 2025\122089_LT_NA_CL_SALTCASH\122089_LT_NA_CL_SALTCASH Qual.pdf","122089_LT_NA_CL_SALTCASH Qual.pdf","1738101405.2768292","false","2025-01-28T16:07:31","2025-01-28T16:05:40","122089_LT_NA_CL_SaltCash","122089_LT_NA_CL_SALTCASH","1","3","3","2","400","341","400","341","111","10","JK8CB0C0CFFA32AE4","JK8CB0C0CFFA32AE4-TKE028C224550B58E"
"10007 LONGHORN SKWY","DRIPPING SPRINGS","TX","78620-2621","WOODY HOLDER","122089","122089_LT_NA_CL_SALTCASH","122089_LT_NA_CL_SALTCASH","\\nas\Mail Files\Mailing Lists\01 January 2025\122089_LT_NA_CL_SALTCASH","\\nas\Mail Files\Mailing Lists\01 January 2025\122089_LT_NA_CL_SALTCASH\122089_LT_NA_CL_SALTCASH.csv","461","","0027120615943604812778620262107","2025-01-29T12:48:27.397324","2025-01-29T12:48:27.397324","\\nas\Mail Files\Mailing Lists\01 January 2025\122089_LT_NA_CL_SALTCASH\122089_LT_NA_CL_SALTCASH.csv","494","2025-01-29T12:48:27.397324","0","TX","0","\\nas\Mail Files\Mailing Lists\01 January 2025\122089_LT_NA_CL_SALTCASH\122089_LT_NA_CL_SALTCASH Qual.pdf","122089_LT_NA_CL_SALTCASH Qual.pdf","1738101405.2768292","false","2025-01-28T16:07:31","2025-01-28T16:05:40","122089_LT_NA_CL_SaltCash","122089_LT_NA_CL_SALTCASH","1","3","3","2","400","341","400","341","111","10","JK8CB0C0CFFA32AE4","JK8CB0C0CFFA32AE4-TKE028C224550B58E"
"601 BLUE HILLS DR","DRIPPING SPRINGS","TX","78620-3908","TOM BITTICK","122089","122089_LT_NA_CL_SALTCASH","122089_LT_NA_CL_SALTCASH","\\nas\Mail Files\Mailing Lists\01 January 2025\122089_LT_NA_CL_SALTCASH","\\nas\Mail Files\Mailing Lists\01 January 2025\122089_LT_NA_CL_SALTCASH\122089_LT_NA_CL_SALTCASH.csv","462","","0027120615943604812878620390801","2025-01-29T12:48:27.397324","2025-01-29T12:48:27.397324","\\nas\Mail Files\Mailing Lists\01 January 2025\122089_LT_NA_CL_SALTCASH\122089_LT_NA_CL_SALTCASH.csv","494","2025-01-29T12:48:27.397324","0","TX","0","\\nas\Mail Files\Mailing Lists\01 January 2025\122089_LT_NA_CL_SALTCASH\122089_LT_NA_CL_SALTCASH Qual.pdf","122089_LT_NA_CL_SALTCASH Qual.pdf","1738101405.2768292","false","2025-01-28T16:07:31","2025-01-28T16:05:40","122089_LT_NA_CL_SaltCash","122089_LT_NA_CL_SALTCASH","1","3","3","2","400","341","400","341","111","10","JK8CB0C0CFFA32AE4","JK8CB0C0CFFA32AE4-TKE028C224550B58E"
"140 HURLBUT RD","DRIPPING SPRINGS","TX","78620-4546","EMILY MANANGHAYA","122089","122089_LT_NA_CL_SALTCASH","122089_LT_NA_CL_SALTCASH","\\nas\Mail Files\Mailing Lists\01 January 2025\122089_LT_NA_CL_SALTCASH","\\nas\Mail Files\Mailing Lists\01 January 2025\122089_LT_NA_CL_SALTCASH\122089_LT_NA_CL_SALTCASH.csv","463","","0027120615943604812978620454640","2025-01-29T12:48:27.397324","2025-01-29T12:48:27.397324","\\nas\Mail Files\Mailing Lists\01 January 2025\122089_LT_NA_CL_SALTCASH\122089_LT_NA_CL_SALTCASH.csv","494","2025-01-29T12:48:27.397324","0","TX","0","\\nas\Mail Files\Mailing Lists\01 January 2025\122089_LT_NA_CL_SALTCASH\122089_LT_NA_CL_SALTCASH Qual.pdf","122089_LT_NA_CL_SALTCASH Qual.pdf","1738101405.2768292","false","2025-01-28T16:07:31","2025-01-28T16:05:40","122089_LT_NA_CL_SaltCash","122089_LT_NA_CL_SALTCASH","1","3","3","2","400","341","400","341","111","10","JK8CB0C0CFFA32AE4","JK8CB0C0CFFA32AE4-TKE028C224550B58E"
"13201 LIPTON LOOP","DEL VALLE","TX","78617-3707","FELICIA AUGUST","122089","122089_LT_NA_CL_SALTCASH","122089_LT_NA_CL_SALTCASH","\\nas\Mail Files\Mailing Lists\01 January 2025\122089_LT_NA_CL_SALTCASH","\\nas\Mail Files\Mailing Lists\01 January 2025\122089_LT_NA_CL_SALTCASH\122089_LT_NA_CL_SALTCASH.csv","464","","0027120615943604813078617370701","2025-01-29T12:48:27.397324","2025-01-29T12:48:27.397324","\\nas\Mail Files\Mailing Lists\01 January 2025\122089_LT_NA_CL_SALTCASH\122089_LT_NA_CL_SALTCASH.csv","494","2025-01-29T12:48:27.397324","0","TX","0","\\nas\Mail Files\Mailing Lists\01 January 2025\122089_LT_NA_CL_SALTCASH\122089_LT_NA_CL_SALTCASH Qual.pdf","122089_LT_NA_CL_SALTCASH Qual.pdf","1738101405.2768292","false","2025-01-28T16:07:31","2025-01-28T16:05:40","122089_LT_NA_CL_SaltCash","122089_LT_NA_CL_SALTCASH","1","3","3","2","400","341","400","341","111","10","JK8CB0C0CFFA32AE4","JK8CB0C0CFFA32AE4-TKE028C224550B58E"
"5736 ARCADIA CIR","DEL VALLE","TX","78617-5215","JIM STROUP","122089","122089_LT_NA_CL_SALTCASH","122089_LT_NA_CL_SALTCASH","\\nas\Mail Files\Mailing Lists\01 January 2025\122089_LT_NA_CL_SALTCASH","\\nas\Mail Files\Mailing Lists\01 January 2025\122089_LT_NA_CL_SALTCASH\122089_LT_NA_CL_SALTCASH.csv","465","","0027120615943604813178617521536","2025-01-29T12:48:27.397324","2025-01-29T12:48:27.397324","\\nas\Mail Files\Mailing Lists\01 January 2025\122089_LT_NA_CL_SALTCASH\122089_LT_NA_CL_SALTCASH.csv","494","2025-01-29T12:48:27.397324","0","TX","0","\\nas\Mail Files\Mailing Lists\01 January 2025\122089_LT_NA_CL_SALTCASH\122089_LT_NA_CL_SALTCASH Qual.pdf","122089_LT_NA_CL_SALTCASH Qual.pdf","1738101405.2768292","false","2025-01-28T16:07:31","2025-01-28T16:05:40","122089_LT_NA_CL_SaltCash","122089_LT_NA_CL_SALTCASH","1","3","3","2","400","341","400","341","111","10","JK8CB0C0CFFA32AE4","JK8CB0C0CFFA32AE4-TKE028C224550B58E"
"1708 IRIS LN","CEDAR PARK","TX","78613-3527","JEREMY - FIRST RESPONDER RESTORA","122089","122089_LT_NA_CL_SALTCASH","122089_LT_NA_CL_SALTCASH","\\nas\Mail Files\Mailing Lists\01 January 2025\122089_LT_NA_CL_SALTCASH","\\nas\Mail Files\Mailing Lists\01 January 2025\122089_LT_NA_CL_SALTCASH\122089_LT_NA_CL_SALTCASH.csv","466","","0027120615943604813278613352708","2025-01-29T12:48:27.397324","2025-01-29T12:48:27.397324","\\nas\Mail Files\Mailing Lists\01 January 2025\122089_LT_NA_CL_SALTCASH\122089_LT_NA_CL_SALTCASH.csv","494","2025-01-29T12:48:27.397324","0","TX","0","\\nas\Mail Files\Mailing Lists\01 January 2025\122089_LT_NA_CL_SALTCASH\122089_LT_NA_CL_SALTCASH Qual.pdf","122089_LT_NA_CL_SALTCASH Qual.pdf","1738101405.2768292","false","2025-01-28T16:07:31","2025-01-28T16:05:40","122089_LT_NA_CL_SaltCash","122089_LT_NA_CL_SALTCASH","1","3","3","2","400","341","400","341","111","10","JK8CB0C0CFFA32AE4","JK8CB0C0CFFA32AE4-TKE028C224550B58E"
"2519 PETERSON DR","CEDAR PARK","TX","78613-7463","SAUL HERNANDEZ","122089","122089_LT_NA_CL_SALTCASH","122089_LT_NA_CL_SALTCASH","\\nas\Mail Files\Mailing Lists\01 January 2025\122089_LT_NA_CL_SALTCASH","\\nas\Mail Files\Mailing Lists\01 January 2025\122089_LT_NA_CL_SALTCASH\122089_LT_NA_CL_SALTCASH.csv","467","","0027120615943604813378613746319","2025-01-29T12:48:27.397324","2025-01-29T12:48:27.397324","\\nas\Mail Files\Mailing Lists\01 January 2025\122089_LT_NA_CL_SALTCASH\122089_LT_NA_CL_SALTCASH.csv","494","2025-01-29T12:48:27.397324","0","TX","0","\\nas\Mail Files\Mailing Lists\01 January 2025\122089_LT_NA_CL_SALTCASH\122089_LT_NA_CL_SALTCASH Qual.pdf","122089_LT_NA_CL_SALTCASH Qual.pdf","1738101405.2768292","false","2025-01-28T16:07:31","2025-01-28T16:05:40","122089_LT_NA_CL_SaltCash","122089_LT_NA_CL_SALTCASH","1","3","3","2","400","341","400","341","111","10","JK8CB0C0CFFA32AE4","JK8CB0C0CFFA32AE4-TKE028C224550B58E"
"1102 RED RANCH CIR","CEDAR PARK","TX","78613-4909","ERIC ROCH","122089","122089_LT_NA_CL_SALTCASH","122089_LT_NA_CL_SALTCASH","\\nas\Mail Files\Mailing Lists\01 January 2025\122089_LT_NA_CL_SALTCASH","\\nas\Mail Files\Mailing Lists\01 January 2025\122089_LT_NA_CL_SALTCASH\122089_LT_NA_CL_SALTCASH.csv","468","","0027120615943604813478613490902","2025-01-29T12:48:27.397324","2025-01-29T12:48:27.397324","\\nas\Mail Files\Mailing Lists\01 January 2025\122089_LT_NA_CL_SALTCASH\122089_LT_NA_CL_SALTCASH.csv","494","2025-01-29T12:48:27.397324","0","TX","0","\\nas\Mail Files\Mailing Lists\01 January 2025\122089_LT_NA_CL_SALTCASH\122089_LT_NA_CL_SALTCASH Qual.pdf","122089_LT_NA_CL_SALTCASH Qual.pdf","1738101405.2768292","false","2025-01-28T16:07:31","2025-01-28T16:05:40","122089_LT_NA_CL_SaltCash","122089_LT_NA_CL_SALTCASH","1","3","3","2","400","341","400","341","111","10","JK8CB0C0CFFA32AE4","JK8CB0C0CFFA32AE4-TKE028C224550B58E"
"3001 KENAI DR","CEDAR PARK","TX","78613-2526","GLENN OTTO","122089","122089_LT_NA_CL_SALTCASH","122089_LT_NA_CL_SALTCASH","\\nas\Mail Files\Mailing Lists\01 January 2025\122089_LT_NA_CL_SALTCASH","\\nas\Mail Files\Mailing Lists\01 January 2025\122089_LT_NA_CL_SALTCASH\122089_LT_NA_CL_SALTCASH.csv","469","","0027120615943604813578613252601","2025-01-29T12:48:27.397324","2025-01-29T12:48:27.397324","\\nas\Mail Files\Mailing Lists\01 January 2025\122089_LT_NA_CL_SALTCASH\122089_LT_NA_CL_SALTCASH.csv","494","2025-01-29T12:48:27.397324","0","TX","0","\\nas\Mail Files\Mailing Lists\01 January 2025\122089_LT_NA_CL_SALTCASH\122089_LT_NA_CL_SALTCASH Qual.pdf","122089_LT_NA_CL_SALTCASH Qual.pdf","1738101405.2768292","false","2025-01-28T16:07:31","2025-01-28T16:05:40","122089_LT_NA_CL_SaltCash","122089_LT_NA_CL_SALTCASH","1","3","3","2","400","341","400","341","111","10","JK8CB0C0CFFA32AE4","JK8CB0C0CFFA32AE4-TKE028C224550B58E"
"210 BELGIAN BND","CEDAR PARK","TX","78613-7749","NICOLE & ALEXANDER LUCAS","122089","122089_LT_NA_CL_SALTCASH","122089_LT_NA_CL_SALTCASH","\\nas\Mail Files\Mailing Lists\01 January 2025\122089_LT_NA_CL_SALTCASH","\\nas\Mail Files\Mailing Lists\01 January 2025\122089_LT_NA_CL_SALTCASH\122089_LT_NA_CL_SALTCASH.csv","470","","0027120615943604813678613774910","2025-01-29T12:48:27.397324","2025-01-29T12:48:27.397324","\\nas\Mail Files\Mailing Lists\01 January 2025\122089_LT_NA_CL_SALTCASH\122089_LT_NA_CL_SALTCASH.csv","494","2025-01-29T12:48:27.397324","0","TX","0","\\nas\Mail Files\Mailing Lists\01 January 2025\122089_LT_NA_CL_SALTCASH\122089_LT_NA_CL_SALTCASH Qual.pdf","122089_LT_NA_CL_SALTCASH Qual.pdf","1738101405.2768292","false","2025-01-28T16:07:31","2025-01-28T16:05:40","122089_LT_NA_CL_SaltCash","122089_LT_NA_CL_SALTCASH","1","3","3","2","400","341","400","341","111","10","JK8CB0C0CFFA32AE4","JK8CB0C0CFFA32AE4-TKE028C224550B58E"
"2320 ALDWORTH DR","CEDAR PARK","TX","78613-4325","EDDY SOLES","122089","122089_LT_NA_CL_SALTCASH","122089_LT_NA_CL_SALTCASH","\\nas\Mail Files\Mailing Lists\01 January 2025\122089_LT_NA_CL_SALTCASH","\\nas\Mail Files\Mailing Lists\01 January 2025\122089_LT_NA_CL_SALTCASH\122089_LT_NA_CL_SALTCASH.csv","471","","0027120615943604813778613432520","2025-01-29T12:48:27.397324","2025-01-29T12:48:27.397324","\\nas\Mail Files\Mailing Lists\01 January 2025\122089_LT_NA_CL_SALTCASH\122089_LT_NA_CL_SALTCASH.csv","494","2025-01-29T12:48:27.397324","0","TX","0","\\nas\Mail Files\Mailing Lists\01 January 2025\122089_LT_NA_CL_SALTCASH\122089_LT_NA_CL_SALTCASH Qual.pdf","122089_LT_NA_CL_SALTCASH Qual.pdf","1738101405.2768292","false","2025-01-28T16:07:31","2025-01-28T16:05:40","122089_LT_NA_CL_SaltCash","122089_LT_NA_CL_SALTCASH","1","3","3","2","400","341","400","341","111","10","JK8CB0C0CFFA32AE4","JK8CB0C0CFFA32AE4-TKE028C224550B58E"
"210 N BLUE RIDGE PKWY","CEDAR PARK","TX","78613-3059","TIM SCOTT","122089","122089_LT_NA_CL_SALTCASH","122089_LT_NA_CL_SALTCASH","\\nas\Mail Files\Mailing Lists\01 January 2025\122089_LT_NA_CL_SALTCASH","\\nas\Mail Files\Mailing Lists\01 January 2025\122089_LT_NA_CL_SALTCASH\122089_LT_NA_CL_SALTCASH.csv","472","","0027120615943604813878613305910","2025-01-29T12:48:27.397324","2025-01-29T12:48:27.397324","\\nas\Mail Files\Mailing Lists\01 January 2025\122089_LT_NA_CL_SALTCASH\122089_LT_NA_CL_SALTCASH.csv","494","2025-01-29T12:48:27.397324","0","TX","0","\\nas\Mail Files\Mailing Lists\01 January 2025\122089_LT_NA_CL_SALTCASH\122089_LT_NA_CL_SALTCASH Qual.pdf","122089_LT_NA_CL_SALTCASH Qual.pdf","1738101405.2768292","false","2025-01-28T16:07:31","2025-01-28T16:05:40","122089_LT_NA_CL_SaltCash","122089_LT_NA_CL_SALTCASH","1","3","3","2","400","341","400","341","111","10","JK8CB0C0CFFA32AE4","JK8CB0C0CFFA32AE4-TKE028C224550B58E"
"2160 QUIET STABLES CIR","CEDAR PARK","TX","78613-2893","SALLY HSU","122089","122089_LT_NA_CL_SALTCASH","122089_LT_NA_CL_SALTCASH","\\nas\Mail Files\Mailing Lists\01 January 2025\122089_LT_NA_CL_SALTCASH","\\nas\Mail Files\Mailing Lists\01 January 2025\122089_LT_NA_CL_SALTCASH\122089_LT_NA_CL_SALTCASH.csv","473","","0027120615943604813978613289360","2025-01-29T12:48:27.397324","2025-01-29T12:48:27.397324","\\nas\Mail Files\Mailing Lists\01 January 2025\122089_LT_NA_CL_SALTCASH\122089_LT_NA_CL_SALTCASH.csv","494","2025-01-29T12:48:27.397324","0","TX","0","\\nas\Mail Files\Mailing Lists\01 January 2025\122089_LT_NA_CL_SALTCASH\122089_LT_NA_CL_SALTCASH Qual.pdf","122089_LT_NA_CL_SALTCASH Qual.pdf","1738101405.2768292","false","2025-01-28T16:07:31","2025-01-28T16:05:40","122089_LT_NA_CL_SaltCash","122089_LT_NA_CL_SALTCASH","1","3","3","2","400","341","400","341","111","10","JK8CB0C0CFFA32AE4","JK8CB0C0CFFA32AE4-TKE028C224550B58E"
"2603 BONNYRIGG CT","CEDAR PARK","TX","78613-4336","TINA TZAPERAS","122089","122089_LT_NA_CL_SALTCASH","122089_LT_NA_CL_SALTCASH","\\nas\Mail Files\Mailing Lists\01 January 2025\122089_LT_NA_CL_SALTCASH","\\nas\Mail Files\Mailing Lists\01 January 2025\122089_LT_NA_CL_SALTCASH\122089_LT_NA_CL_SALTCASH.csv","474","","0027120615943604814078613433603","2025-01-29T12:48:27.397324","2025-01-29T12:48:27.397324","\\nas\Mail Files\Mailing Lists\01 January 2025\122089_LT_NA_CL_SALTCASH\122089_LT_NA_CL_SALTCASH.csv","494","2025-01-29T12:48:27.397324","0","TX","0","\\nas\Mail Files\Mailing Lists\01 January 2025\122089_LT_NA_CL_SALTCASH\122089_LT_NA_CL_SALTCASH Qual.pdf","122089_LT_NA_CL_SALTCASH Qual.pdf","1738101405.2768292","false","2025-01-28T16:07:31","2025-01-28T16:05:40","122089_LT_NA_CL_SaltCash","122089_LT_NA_CL_SALTCASH","1","3","3","2","400","341","400","341","111","10","JK8CB0C0CFFA32AE4","JK8CB0C0CFFA32AE4-TKE028C224550B58E"
"1801 AZALEA DR","CEDAR PARK","TX","78613-3544","MIKE COLLINS","122089","122089_LT_NA_CL_SALTCASH","122089_LT_NA_CL_SALTCASH","\\nas\Mail Files\Mailing Lists\01 January 2025\122089_LT_NA_CL_SALTCASH","\\nas\Mail Files\Mailing Lists\01 January 2025\122089_LT_NA_CL_SALTCASH\122089_LT_NA_CL_SALTCASH.csv","475","","0027120615943604814178613354401","2025-01-29T12:48:27.397324","2025-01-29T12:48:27.397324","\\nas\Mail Files\Mailing Lists\01 January 2025\122089_LT_NA_CL_SALTCASH\122089_LT_NA_CL_SALTCASH.csv","494","2025-01-29T12:48:27.397324","0","TX","0","\\nas\Mail Files\Mailing Lists\01 January 2025\122089_LT_NA_CL_SALTCASH\122089_LT_NA_CL_SALTCASH Qual.pdf","122089_LT_NA_CL_SALTCASH Qual.pdf","1738101405.2768292","false","2025-01-28T16:07:31","2025-01-28T16:05:40","122089_LT_NA_CL_SaltCash","122089_LT_NA_CL_SALTCASH","1","3","3","2","400","341","400","341","111","10","JK8CB0C0CFFA32AE4","JK8CB0C0CFFA32AE4-TKE028C224550B58E"
"221 LODESTONE CIR","CEDAR PARK","TX","78613-7027","CHRISTINA MANN","122089","122089_LT_NA_CL_SALTCASH","122089_LT_NA_CL_SALTCASH","\\nas\Mail Files\Mailing Lists\01 January 2025\122089_LT_NA_CL_SALTCASH","\\nas\Mail Files\Mailing Lists\01 January 2025\122089_LT_NA_CL_SALTCASH\122089_LT_NA_CL_SALTCASH.csv","476","","0027120615943604814278613702721","2025-01-29T12:48:27.397324","2025-01-29T12:48:27.397324","\\nas\Mail Files\Mailing Lists\01 January 2025\122089_LT_NA_CL_SALTCASH\122089_LT_NA_CL_SALTCASH.csv","494","2025-01-29T12:48:27.397324","0","TX","0","\\nas\Mail Files\Mailing Lists\01 January 2025\122089_LT_NA_CL_SALTCASH\122089_LT_NA_CL_SALTCASH Qual.pdf","122089_LT_NA_CL_SALTCASH Qual.pdf","1738101405.2768292","false","2025-01-28T16:07:31","2025-01-28T16:05:40","122089_LT_NA_CL_SaltCash","122089_LT_NA_CL_SALTCASH","1","3","3","2","400","341","400","341","111","10","JK8CB0C0CFFA32AE4","JK8CB0C0CFFA32AE4-TKE028C224550B58E"
"618 PADEN DR","CEDAR PARK","TX","78613-7023","JULIE AND ANTHONY BARRETT","122089","122089_LT_NA_CL_SALTCASH","122089_LT_NA_CL_SALTCASH","\\nas\Mail Files\Mailing Lists\01 January 2025\122089_LT_NA_CL_SALTCASH","\\nas\Mail Files\Mailing Lists\01 January 2025\122089_LT_NA_CL_SALTCASH\122089_LT_NA_CL_SALTCASH.csv","477","","0027120615943604814378613702318","2025-01-29T12:48:27.397324","2025-01-29T12:48:27.397324","\\nas\Mail Files\Mailing Lists\01 January 2025\122089_LT_NA_CL_SALTCASH\122089_LT_NA_CL_SALTCASH.csv","494","2025-01-29T12:48:27.397324","0","TX","0","\\nas\Mail Files\Mailing Lists\01 January 2025\122089_LT_NA_CL_SALTCASH\122089_LT_NA_CL_SALTCASH Qual.pdf","122089_LT_NA_CL_SALTCASH Qual.pdf","1738101405.2768292","false","2025-01-28T16:07:31","2025-01-28T16:05:40","122089_LT_NA_CL_SaltCash","122089_LT_NA_CL_SALTCASH","1","3","3","2","400","341","400","341","111","10","JK8CB0C0CFFA32AE4","JK8CB0C0CFFA32AE4-TKE028C224550B58E"
"606 WILD ROSE TRL","CEDAR PARK","TX","78613-3723","PAUL DOTY","122089","122089_LT_NA_CL_SALTCASH","122089_LT_NA_CL_SALTCASH","\\nas\Mail Files\Mailing Lists\01 January 2025\122089_LT_NA_CL_SALTCASH","\\nas\Mail Files\Mailing Lists\01 January 2025\122089_LT_NA_CL_SALTCASH\122089_LT_NA_CL_SALTCASH.csv","478","","0027120615943604814478613372306","2025-01-29T12:48:27.397324","2025-01-29T12:48:27.397324","\\nas\Mail Files\Mailing Lists\01 January 2025\122089_LT_NA_CL_SALTCASH\122089_LT_NA_CL_SALTCASH.csv","494","2025-01-29T12:48:27.397324","0","TX","0","\\nas\Mail Files\Mailing Lists\01 January 2025\122089_LT_NA_CL_SALTCASH\122089_LT_NA_CL_SALTCASH Qual.pdf","122089_LT_NA_CL_SALTCASH Qual.pdf","1738101405.2768292","false","2025-01-28T16:07:31","2025-01-28T16:05:40","122089_LT_NA_CL_SaltCash","122089_LT_NA_CL_SALTCASH","1","3","3","2","400","341","400","341","111","10","JK8CB0C0CFFA32AE4","JK8CB0C0CFFA32AE4-TKE028C224550B58E"
"3600 BRUSHY CREEK RD","CEDAR PARK","TX","78613-2649","DAN CONRAD","122089","122089_LT_NA_CL_SALTCASH","122089_LT_NA_CL_SALTCASH","\\nas\Mail Files\Mailing Lists\01 January 2025\122089_LT_NA_CL_SALTCASH","\\nas\Mail Files\Mailing Lists\01 January 2025\122089_LT_NA_CL_SALTCASH\122089_LT_NA_CL_SALTCASH.csv","479","","0027120615943604814578613264999","2025-01-29T12:48:27.397324","2025-01-29T12:48:27.397324","\\nas\Mail Files\Mailing Lists\01 January 2025\122089_LT_NA_CL_SALTCASH\122089_LT_NA_CL_SALTCASH.csv","494","2025-01-29T12:48:27.397324","0","TX","0","\\nas\Mail Files\Mailing Lists\01 January 2025\122089_LT_NA_CL_SALTCASH\122089_LT_NA_CL_SALTCASH Qual.pdf","122089_LT_NA_CL_SALTCASH Qual.pdf","1738101405.2768292","false","2025-01-28T16:07:31","2025-01-28T16:05:40","122089_LT_NA_CL_SaltCash","122089_LT_NA_CL_SALTCASH","1","3","3","2","400","341","400","341","111","10","JK8CB0C0CFFA32AE4","JK8CB0C0CFFA32AE4-TKE028C224550B58E"
"1504 SHADY CREEK TRL","CEDAR PARK","TX","78613-1499","APRIL MIERTSCHIN","122089","122089_LT_NA_CL_SALTCASH","122089_LT_NA_CL_SALTCASH","\\nas\Mail Files\Mailing Lists\01 January 2025\122089_LT_NA_CL_SALTCASH","\\nas\Mail Files\Mailing Lists\01 January 2025\122089_LT_NA_CL_SALTCASH\122089_LT_NA_CL_SALTCASH.csv","480","","0027120615943604814678613149904","2025-01-29T12:48:27.397324","2025-01-29T12:48:27.397324","\\nas\Mail Files\Mailing Lists\01 January 2025\122089_LT_NA_CL_SALTCASH\122089_LT_NA_CL_SALTCASH.csv","494","2025-01-29T12:48:27.397324","0","TX","0","\\nas\Mail Files\Mailing Lists\01 January 2025\122089_LT_NA_CL_SALTCASH\122089_LT_NA_CL_SALTCASH Qual.pdf","122089_LT_NA_CL_SALTCASH Qual.pdf","1738101405.2768292","false","2025-01-28T16:07:31","2025-01-28T16:05:40","122089_LT_NA_CL_SaltCash","122089_LT_NA_CL_SALTCASH","1","3","3","2","400","341","400","341","111","10","JK8CB0C0CFFA32AE4","JK8CB0C0CFFA32AE4-TKE028C224550B58E"
"118 PECAN DR","MOUNTAIN CITY","TX","78610-9524","GALE BROWN","122089","122089_LT_NA_CL_SALTCASH","122089_LT_NA_CL_SALTCASH","\\nas\Mail Files\Mailing Lists\01 January 2025\122089_LT_NA_CL_SALTCASH","\\nas\Mail Files\Mailing Lists\01 January 2025\122089_LT_NA_CL_SALTCASH\122089_LT_NA_CL_SALTCASH.csv","481","","0027120615943604814778610952418","2025-01-29T12:48:27.397324","2025-01-29T12:48:27.397324","\\nas\Mail Files\Mailing Lists\01 January 2025\122089_LT_NA_CL_SALTCASH\122089_LT_NA_CL_SALTCASH.csv","494","2025-01-29T12:48:27.397324","0","TX","0","\\nas\Mail Files\Mailing Lists\01 January 2025\122089_LT_NA_CL_SALTCASH\122089_LT_NA_CL_SALTCASH Qual.pdf","122089_LT_NA_CL_SALTCASH Qual.pdf","1738101405.2768292","false","2025-01-28T16:07:31","2025-01-28T16:05:40","122089_LT_NA_CL_SaltCash","122089_LT_NA_CL_SALTCASH","1","3","3","2","400","341","400","341","111","10","JK8CB0C0CFFA32AE4","JK8CB0C0CFFA32AE4-TKE028C224550B58E"
"402 BITTERN CIR","BUDA","TX","78610-2631","SUSAN LAFFERTY","122089","122089_LT_NA_CL_SALTCASH","122089_LT_NA_CL_SALTCASH","\\nas\Mail Files\Mailing Lists\01 January 2025\122089_LT_NA_CL_SALTCASH","\\nas\Mail Files\Mailing Lists\01 January 2025\122089_LT_NA_CL_SALTCASH\122089_LT_NA_CL_SALTCASH.csv","482","","0027120615943604814878610263102","2025-01-29T12:48:27.397324","2025-01-29T12:48:27.397324","\\nas\Mail Files\Mailing Lists\01 January 2025\122089_LT_NA_CL_SALTCASH\122089_LT_NA_CL_SALTCASH.csv","494","2025-01-29T12:48:27.397324","0","TX","0","\\nas\Mail Files\Mailing Lists\01 January 2025\122089_LT_NA_CL_SALTCASH\122089_LT_NA_CL_SALTCASH Qual.pdf","122089_LT_NA_CL_SALTCASH Qual.pdf","1738101405.2768292","false","2025-01-28T16:07:31","2025-01-28T16:05:40","122089_LT_NA_CL_SaltCash","122089_LT_NA_CL_SALTCASH","1","3","3","2","400","341","400","341","111","10","JK8CB0C0CFFA32AE4","JK8CB0C0CFFA32AE4-TKE028C224550B58E"
"241 W OVERLOOK MOUNTAIN RD","BUDA","TX","78610-2955","RON ST. CLAIR","122089","122089_LT_NA_CL_SALTCASH","122089_LT_NA_CL_SALTCASH","\\nas\Mail Files\Mailing Lists\01 January 2025\122089_LT_NA_CL_SALTCASH","\\nas\Mail Files\Mailing Lists\01 January 2025\122089_LT_NA_CL_SALTCASH\122089_LT_NA_CL_SALTCASH.csv","483","","0027120615943604814978610295541","2025-01-29T12:48:27.397324","2025-01-29T12:48:27.397324","\\nas\Mail Files\Mailing Lists\01 January 2025\122089_LT_NA_CL_SALTCASH\122089_LT_NA_CL_SALTCASH.csv","494","2025-01-29T12:48:27.397324","0","TX","0","\\nas\Mail Files\Mailing Lists\01 January 2025\122089_LT_NA_CL_SALTCASH\122089_LT_NA_CL_SALTCASH Qual.pdf","122089_LT_NA_CL_SALTCASH Qual.pdf","1738101405.2768292","false","2025-01-28T16:07:31","2025-01-28T16:05:40","122089_LT_NA_CL_SaltCash","122089_LT_NA_CL_SALTCASH","1","3","3","2","400","341","400","341","111","10","JK8CB0C0CFFA32AE4","JK8CB0C0CFFA32AE4-TKE028C224550B58E"
"105 DAVIS CT","THORNDALE","TX","76577-5483","NEIL ROZELL","122089","122089_LT_NA_CL_SALTCASH","122089_LT_NA_CL_SALTCASH","\\nas\Mail Files\Mailing Lists\01 January 2025\122089_LT_NA_CL_SALTCASH","\\nas\Mail Files\Mailing Lists\01 January 2025\122089_LT_NA_CL_SALTCASH\122089_LT_NA_CL_SALTCASH.csv","484","","0027120615943604815076577548305","2025-01-29T12:48:27.397324","2025-01-29T12:48:27.397324","\\nas\Mail Files\Mailing Lists\01 January 2025\122089_LT_NA_CL_SALTCASH\122089_LT_NA_CL_SALTCASH.csv","494","2025-01-29T12:48:27.397324","0","TX","0","\\nas\Mail Files\Mailing Lists\01 January 2025\122089_LT_NA_CL_SALTCASH\122089_LT_NA_CL_SALTCASH Qual.pdf","122089_LT_NA_CL_SALTCASH Qual.pdf","1738101405.2768292","false","2025-01-28T16:07:31","2025-01-28T16:05:40","122089_LT_NA_CL_SaltCash","122089_LT_NA_CL_SALTCASH","1","3","3","2","400","341","400","341","111","10","JK8CB0C0CFFA32AE4","JK8CB0C0CFFA32AE4-TKE028C224550B58E"
"125 BETH ANN LOOP","TAYLOR","TX","76574-4526","MEGAN BOEMMEL","122089","122089_LT_NA_CL_SALTCASH","122089_LT_NA_CL_SALTCASH","\\nas\Mail Files\Mailing Lists\01 January 2025\122089_LT_NA_CL_SALTCASH","\\nas\Mail Files\Mailing Lists\01 January 2025\122089_LT_NA_CL_SALTCASH\122089_LT_NA_CL_SALTCASH.csv","485","","0027120615943604815176574452625","2025-01-29T12:48:27.397324","2025-01-29T12:48:27.397324","\\nas\Mail Files\Mailing Lists\01 January 2025\122089_LT_NA_CL_SALTCASH\122089_LT_NA_CL_SALTCASH.csv","494","2025-01-29T12:48:27.397324","0","TX","0","\\nas\Mail Files\Mailing Lists\01 January 2025\122089_LT_NA_CL_SALTCASH\122089_LT_NA_CL_SALTCASH Qual.pdf","122089_LT_NA_CL_SALTCASH Qual.pdf","1738101405.2768292","false","2025-01-28T16:07:31","2025-01-28T16:05:40","122089_LT_NA_CL_SaltCash","122089_LT_NA_CL_SALTCASH","1","3","3","2","400","341","400","341","111","10","JK8CB0C0CFFA32AE4","JK8CB0C0CFFA32AE4-TKE028C224550B58E"
"309 OSCAR ST","TAYLOR","TX","76574-3063","KATHLEEN LANE","122089","122089_LT_NA_CL_SALTCASH","122089_LT_NA_CL_SALTCASH","\\nas\Mail Files\Mailing Lists\01 January 2025\122089_LT_NA_CL_SALTCASH","\\nas\Mail Files\Mailing Lists\01 January 2025\122089_LT_NA_CL_SALTCASH\122089_LT_NA_CL_SALTCASH.csv","486","","0027120615943604815276574306309","2025-01-29T12:48:27.397324","2025-01-29T12:48:27.397324","\\nas\Mail Files\Mailing Lists\01 January 2025\122089_LT_NA_CL_SALTCASH\122089_LT_NA_CL_SALTCASH.csv","494","2025-01-29T12:48:27.397324","0","TX","0","\\nas\Mail Files\Mailing Lists\01 January 2025\122089_LT_NA_CL_SALTCASH\122089_LT_NA_CL_SALTCASH Qual.pdf","122089_LT_NA_CL_SALTCASH Qual.pdf","1738101405.2768292","false","2025-01-28T16:07:31","2025-01-28T16:05:40","122089_LT_NA_CL_SaltCash","122089_LT_NA_CL_SALTCASH","1","3","3","2","400","341","400","341","111","10","JK8CB0C0CFFA32AE4","JK8CB0C0CFFA32AE4-TKE028C224550B58E"
"1808 MALLARD LN","TAYLOR","TX","76574-5029","GERALD MESSINGER","122089","122089_LT_NA_CL_SALTCASH","122089_LT_NA_CL_SALTCASH","\\nas\Mail Files\Mailing Lists\01 January 2025\122089_LT_NA_CL_SALTCASH","\\nas\Mail Files\Mailing Lists\01 January 2025\122089_LT_NA_CL_SALTCASH\122089_LT_NA_CL_SALTCASH.csv","487","","0027120615943604815376574502908","2025-01-29T12:48:27.397324","2025-01-29T12:48:27.397324","\\nas\Mail Files\Mailing Lists\01 January 2025\122089_LT_NA_CL_SALTCASH\122089_LT_NA_CL_SALTCASH.csv","494","2025-01-29T12:48:27.397324","0","TX","0","\\nas\Mail Files\Mailing Lists\01 January 2025\122089_LT_NA_CL_SALTCASH\122089_LT_NA_CL_SALTCASH Qual.pdf","122089_LT_NA_CL_SALTCASH Qual.pdf","1738101405.2768292","false","2025-01-28T16:07:31","2025-01-28T16:05:40","122089_LT_NA_CL_SaltCash","122089_LT_NA_CL_SALTCASH","1","3","3","2","400","341","400","341","111","10","JK8CB0C0CFFA32AE4","JK8CB0C0CFFA32AE4-TKE028C224550B58E"
"767 CIRCLE WAY","JARRELL","TX","76537-1924","SHELBY AND TRISHA THRASHER","122089","122089_LT_NA_CL_SALTCASH","122089_LT_NA_CL_SALTCASH","\\nas\Mail Files\Mailing Lists\01 January 2025\122089_LT_NA_CL_SALTCASH","\\nas\Mail Files\Mailing Lists\01 January 2025\122089_LT_NA_CL_SALTCASH\122089_LT_NA_CL_SALTCASH.csv","488","","0027120615943604815476537192467","2025-01-29T12:48:27.397324","2025-01-29T12:48:27.397324","\\nas\Mail Files\Mailing Lists\01 January 2025\122089_LT_NA_CL_SALTCASH\122089_LT_NA_CL_SALTCASH.csv","494","2025-01-29T12:48:27.397324","0","TX","0","\\nas\Mail Files\Mailing Lists\01 January 2025\122089_LT_NA_CL_SALTCASH\122089_LT_NA_CL_SALTCASH Qual.pdf","122089_LT_NA_CL_SALTCASH Qual.pdf","1738101405.2768292","false","2025-01-28T16:07:31","2025-01-28T16:05:40","122089_LT_NA_CL_SaltCash","122089_LT_NA_CL_SALTCASH","1","3","3","2","400","341","400","341","111","10","JK8CB0C0CFFA32AE4","JK8CB0C0CFFA32AE4-TKE028C224550B58E"
"708 CLEARY LN","JARRELL","TX","76537-0368","JAMES JENKINS","122089","122089_LT_NA_CL_SALTCASH","122089_LT_NA_CL_SALTCASH","\\nas\Mail Files\Mailing Lists\01 January 2025\122089_LT_NA_CL_SALTCASH","\\nas\Mail Files\Mailing Lists\01 January 2025\122089_LT_NA_CL_SALTCASH\122089_LT_NA_CL_SALTCASH.csv","489","","0027120615943604815576537036808","2025-01-29T12:48:27.397324","2025-01-29T12:48:27.397324","\\nas\Mail Files\Mailing Lists\01 January 2025\122089_LT_NA_CL_SALTCASH\122089_LT_NA_CL_SALTCASH.csv","494","2025-01-29T12:48:27.397324","0","TX","0","\\nas\Mail Files\Mailing Lists\01 January 2025\122089_LT_NA_CL_SALTCASH\122089_LT_NA_CL_SALTCASH Qual.pdf","122089_LT_NA_CL_SALTCASH Qual.pdf","1738101405.2768292","false","2025-01-28T16:07:31","2025-01-28T16:05:40","122089_LT_NA_CL_SaltCash","122089_LT_NA_CL_SALTCASH","1","3","3","2","400","341","400","341","111","10","JK8CB0C0CFFA32AE4","JK8CB0C0CFFA32AE4-TKE028C224550B58E"
"129 GREATEST GIFT WAY","JARRELL","TX","76537-2201","EMMA LAGPACAN","122089","122089_LT_NA_CL_SALTCASH","122089_LT_NA_CL_SALTCASH","\\nas\Mail Files\Mailing Lists\01 January 2025\122089_LT_NA_CL_SALTCASH","\\nas\Mail Files\Mailing Lists\01 January 2025\122089_LT_NA_CL_SALTCASH\122089_LT_NA_CL_SALTCASH.csv","490","","0027120615943604815676537220129","2025-01-29T12:48:27.397324","2025-01-29T12:48:27.397324","\\nas\Mail Files\Mailing Lists\01 January 2025\122089_LT_NA_CL_SALTCASH\122089_LT_NA_CL_SALTCASH.csv","494","2025-01-29T12:48:27.397324","0","TX","0","\\nas\Mail Files\Mailing Lists\01 January 2025\122089_LT_NA_CL_SALTCASH\122089_LT_NA_CL_SALTCASH Qual.pdf","122089_LT_NA_CL_SALTCASH Qual.pdf","1738101405.2768292","false","2025-01-28T16:07:31","2025-01-28T16:05:40","122089_LT_NA_CL_SaltCash","122089_LT_NA_CL_SALTCASH","1","3","3","2","400","341","400","341","111","10","JK8CB0C0CFFA32AE4","JK8CB0C0CFFA32AE4-TKE028C224550B58E"
"750 COUNTY ROAD 357","GRANGER","TX","76530-5650","PATRICK & SHEILA MOCZYGEMBA","122089","122089_LT_NA_CL_SALTCASH","122089_LT_NA_CL_SALTCASH","\\nas\Mail Files\Mailing Lists\01 January 2025\122089_LT_NA_CL_SALTCASH","\\nas\Mail Files\Mailing Lists\01 January 2025\122089_LT_NA_CL_SALTCASH\122089_LT_NA_CL_SALTCASH.csv","491","","0027120615943604815776530565050","2025-01-29T12:48:27.397324","2025-01-29T12:48:27.397324","\\nas\Mail Files\Mailing Lists\01 January 2025\122089_LT_NA_CL_SALTCASH\122089_LT_NA_CL_SALTCASH.csv","494","2025-01-29T12:48:27.397324","0","TX","0","\\nas\Mail Files\Mailing Lists\01 January 2025\122089_LT_NA_CL_SALTCASH\122089_LT_NA_CL_SALTCASH Qual.pdf","122089_LT_NA_CL_SALTCASH Qual.pdf","1738101405.2768292","false","2025-01-28T16:07:31","2025-01-28T16:05:40","122089_LT_NA_CL_SaltCash","122089_LT_NA_CL_SALTCASH","1","3","3","2","400","341","400","341","111","10","JK8CB0C0CFFA32AE4","JK8CB0C0CFFA32AE4-TKE028C224550B58E"
"301 N PATTERSON AVE","FLORENCE","TX","76527-4194","DONNA DAVIS","122089","122089_LT_NA_CL_SALTCASH","122089_LT_NA_CL_SALTCASH","\\nas\Mail Files\Mailing Lists\01 January 2025\122089_LT_NA_CL_SALTCASH","\\nas\Mail Files\Mailing Lists\01 January 2025\122089_LT_NA_CL_SALTCASH\122089_LT_NA_CL_SALTCASH.csv","492","","0027120615943604815876527419401","2025-01-29T12:48:27.397324","2025-01-29T12:48:27.397324","\\nas\Mail Files\Mailing Lists\01 January 2025\122089_LT_NA_CL_SALTCASH\122089_LT_NA_CL_SALTCASH.csv","494","2025-01-29T12:48:27.397324","0","TX","0","\\nas\Mail Files\Mailing Lists\01 January 2025\122089_LT_NA_CL_SALTCASH\122089_LT_NA_CL_SALTCASH Qual.pdf","122089_LT_NA_CL_SALTCASH Qual.pdf","1738101405.2768292","false","2025-01-28T16:07:31","2025-01-28T16:05:40","122089_LT_NA_CL_SaltCash","122089_LT_NA_CL_SALTCASH","1","3","3","2","400","341","400","341","111","10","JK8CB0C0CFFA32AE4","JK8CB0C0CFFA32AE4-TKE028C224550B58E"
"201 COUNTY ROAD 229","FLORENCE","TX","76527-4163","MARY SIMMS","122089","122089_LT_NA_CL_SALTCASH","122089_LT_NA_CL_SALTCASH","\\nas\Mail Files\Mailing Lists\01 January 2025\122089_LT_NA_CL_SALTCASH","\\nas\Mail Files\Mailing Lists\01 January 2025\122089_LT_NA_CL_SALTCASH\122089_LT_NA_CL_SALTCASH.csv","493","","0027120615943604815976527416301","2025-01-29T12:48:27.397324","2025-01-29T12:48:27.397324","\\nas\Mail Files\Mailing Lists\01 January 2025\122089_LT_NA_CL_SALTCASH\122089_LT_NA_CL_SALTCASH.csv","494","2025-01-29T12:48:27.397324","0","TX","0","\\nas\Mail Files\Mailing Lists\01 January 2025\122089_LT_NA_CL_SALTCASH\122089_LT_NA_CL_SALTCASH Qual.pdf","122089_LT_NA_CL_SALTCASH Qual.pdf","1738101405.2768292","false","2025-01-28T16:07:31","2025-01-28T16:05:40","122089_LT_NA_CL_SaltCash","122089_LT_NA_CL_SALTCASH","1","3","3","2","400","341","400","341","111","10","JK8CB0C0CFFA32AE4","JK8CB0C0CFFA32AE4-TKE028C224550B58E"
"2810 TRUMAN CV","LAGO VISTA","TX","78645","GRANT SMITH","122089","122089_LT_NA_CL_SALTCASH","122089_LT_NA_CL_SALTCASH","\\nas\Mail Files\Mailing Lists\01 January 2025\122089_LT_NA_CL_SALTCASH","\\nas\Mail Files\Mailing Lists\01 January 2025\122089_LT_NA_CL_SALTCASH\122089_LT_NA_CL_SALTCASH.csv","494","","0031120615943604816078645","2025-01-29T12:48:27.397324","2025-01-29T12:48:27.397324","\\nas\Mail Files\Mailing Lists\01 January 2025\122089_LT_NA_CL_SALTCASH\122089_LT_NA_CL_SALTCASH.csv","494","2025-01-29T12:48:27.397324","0","TX","0","\\nas\Mail Files\Mailing Lists\01 January 2025\122089_LT_NA_CL_SALTCASH\122089_LT_NA_CL_SALTCASH Qual.pdf","122089_LT_NA_CL_SALTCASH Qual.pdf","1738101405.2768292","false","2025-01-28T16:07:31","2025-01-28T16:05:40","122089_LT_NA_CL_SaltCash","122089_LT_NA_CL_SALTCASH","1","3","3","2","400","341","400","341","111","10","JK8CB0C0CFFA32AE4","JK8CB0C0CFFA32AE4-TKE028C224550B58E"